Severity,Safety_Score,Days_Since_Inspection,Total_Safety_Complaints,Control_Metric,Turbulence_In_gforces,Cabin_Temperature,Accident_Type_Code,Max_Elevation,Violations,Adverse_Weather_Metric,Accident_ID
Significant_Damage_And_Serious_Injuries,31.1872146118721,16,7,71.1941659070192,0.438363505228994,81.3,2,30842.4666453009,2,0.420554790386963,9209
Minor_Damage_And_Injuries,39.5890410958904,16,5,60.8021877848678,0.447379011900469,81.71,4,28304.9106974183,2,0.0516564922244154,12026
Significant_Damage_And_Fatalities,16.4840182648402,17,16,37.5113947128533,0.602806346916697,80.98,3,45701.7414856338,3,0.227253121797105,99
Highly_Fatal_And_Damaging,35.4337899543379,11,6,74.2935278030994,0.326931842769563,78.93,2,14348.077504495,1,0.203271717800248,5479
Highly_Fatal_And_Damaging,25.5707762557078,14,10,63.9927073837739,0.334504868373603,78.85,4,30349.9564226895,3,0.0562028167670757,4420
Minor_Damage_And_Injuries,72.1004566210046,4,8,56.3810391978122,0.271035701406419,80.49,1,27384.8076695731,2,0.992892435251542,7624
Significant_Damage_And_Serious_Injuries,29.634703196347,16,8,74.7948951686418,0.22740064911648,76.9,1,29971.7444634365,2,1.10713322942273,836
Highly_Fatal_And_Damaging,28.2191780821918,13,0,83.8650865998177,0.201435989902632,78.31,4,35236.6318842485,4,0.0638479625702225,3097
Significant_Damage_And_Serious_Injuries,29.3607305936073,16,15,61.5314494074749,0.533927875946628,79.39,3,39380.2913549638,2,0.195534413037663,3813
Significant_Damage_And_Serious_Injuries,43.607305936073,12,3,73.2907930720146,0.268150739271547,81.13,3,33701.3739418717,3,0.167165430554854,6637
Significant_Damage_And_Fatalities,50.2739726027397,17,9,74.0200546946217,0.238579877389109,79.31,7,26764.9951679242,1,0.00218670673436361,9651
Minor_Damage_And_Injuries,46.1187214611872,15,1,59.9817684594348,0.412038225748287,79.83,2,27752.7367849651,2,0.37781960523515,8153
Significant_Damage_And_Fatalities,16.1187214611872,17,15,50.1367365542388,0.447739632167328,76.79,4,35711.8774118854,3,0.0656931235224539,8080
Significant_Damage_And_Serious_Injuries,47.8995433789954,18,12,45.897903372835,0.623001081860801,79.58,7,39222.4051184905,1,0.0034535908318688,12383
Highly_Fatal_And_Damaging,59.6803652968037,14,12,52.4156791248861,0.366960692390912,79.39,6,26137.024085075,0,0.0065306456156929,9609
Significant_Damage_And_Fatalities,51.3698630136986,16,2,80.8568824065634,0.297000360620267,82.51,6,31810.9878005079,2,0.00779236511590308,4462
Significant_Damage_And_Serious_Injuries,23.8812785388128,18,8,73.7010027347311,0.370206274792643,80.52,6,19201.5021304644,2,0.00457128973237853,992
Minor_Damage_And_Injuries,61.0045662100457,10,3,79.3072014585233,0.324768121168409,79.83,2,33976.4553144446,3,0.459821320335647,7646
Significant_Damage_And_Fatalities,65.4337899543379,4,2,50.6836827711942,0.618313018391633,78.46,3,25279.7240398423,4,0.125860334909236,1311
Significant_Damage_And_Serious_Injuries,41.6438356164383,13,10,64.8131267092069,0.32116191849982,81.49,6,27059.9484729937,3,0.00689968603583597,11379
Significant_Damage_And_Serious_Injuries,42.8767123287671,12,8,74.2023701002735,0.283657410746484,87.47,6,25080.5824492383,2,0.00619639714005486,508
Significant_Damage_And_Serious_Injuries,24.3835616438356,18,13,61.2123974475843,0.407710782545979,77.75,3,38017.7118627644,2,0.18927904197012,11242
Significant_Damage_And_Serious_Injuries,45.5251141552511,18,4,49.6809480401094,0.499308330328164,77.78,7,43915.752472878,1,0.00391294369369766,930
Highly_Fatal_And_Damaging,16.4840182648402,16,5,61.9416590701914,0.304934006491165,78.37,6,31365.239571318,2,0.00774655536279256,296
Highly_Fatal_And_Damaging,33.8812785388128,11,14,71.4676390154968,0.273560043274432,76.97,1,43611.8162404295,4,1.62366182311179,1772
Significant_Damage_And_Serious_Injuries,54.5205479452055,8,0,57.4293527803099,0.721450414713307,78.9,3,28162.0204173235,3,0.140626767258425,5427
Minor_Damage_And_Injuries,59.5890410958904,11,9,81.3582497721058,0.234252434186801,81.54,7,38680.8094474873,3,0.00359948034871558,11133
Significant_Damage_And_Serious_Injuries,42.8767123287671,12,3,68.915223336372,0.413841327082582,79.42,3,23573.0067284607,2,0.1184800229025,9254
Minor_Damage_And_Injuries,59.634703196347,7,4,51.8231540565178,0.466131265777136,79.39,5,40485.8932005406,2,0.0277859730305534,6518
Significant_Damage_And_Fatalities,67.6712328767123,12,0,82.1330902461258,0.359748287053732,80.66,2,31968.8470560273,1,0.431319179708053,4707
Significant_Damage_And_Fatalities,58.9041095890411,14,4,76.5268915223336,0.296279120086549,83.81,7,20600.5849948309,1,0.00200768617151415,10945
Significant_Damage_And_Serious_Injuries,28.4931506849315,16,22,54.2388331814038,0.315752614496934,86.43,4,26026.0289669448,3,0.0484619583526901,3741
Minor_Damage_And_Injuries,38.0365296803653,17,3,77.1649954421149,0.256610890732059,79.6,2,20623.1554257907,2,0.281139882874009,8627
Highly_Fatal_And_Damaging,13.8812785388128,17,13,70.1458523245214,0.416365668950595,78.47,4,29273.781013177,1,0.05298780403596,9875
Significant_Damage_And_Fatalities,64.5205479452055,13,19,64.6763901549681,0.339192931842769,86.1,7,31856.3033820759,3,0.00276139135868097,729
Minor_Damage_And_Injuries,59.5433789954338,10,3,64.8131267092069,0.322604399567255,83.71,5,43296.0711451878,1,0.0303777299720201,1838
Significant_Damage_And_Fatalities,80.958904109589,8,4,50.3190519598906,0.35686332491886,87.08,7,32253.3806018104,2,0.00324948173042506,10703
Highly_Fatal_And_Damaging,28.9497716894977,20,3,48.6782133090247,0.508684457266498,77.35,1,24135.4433661131,1,0.905184703862421,6695
Significant_Damage_And_Fatalities,42.4657534246575,19,0,76.5724703737466,0.346405337179949,79.66,6,41401.7229807727,1,0.00952310647454607,7235
Significant_Damage_And_Serious_Injuries,36.4383561643836,14,6,58.3865086599818,0.488850342589253,84.82,3,40087.8033399125,2,0.199289301025328,11941
Highly_Fatal_And_Damaging,24.1095890410959,14,2,71.0574293527803,0.2562502704652,77.16,4,37721.3310949746,2,0.0692154391987707,2051
Minor_Damage_And_Injuries,75.296803652968,6,9,68.1403828623519,0.21333645870898,78.37,4,34905.791923836,2,0.0639057568277937,2876
Minor_Damage_And_Injuries,27.3972602739726,20,17,57.6116681859617,0.452788315903353,76.21,2,28456.00736787,0,0.384849445392131,12464
Highly_Fatal_And_Damaging,43.2876712328767,9,8,73.4731084776664,0.338471691309052,82.8,4,21154.8577344722,1,0.0382474902668748,1274
Highly_Fatal_And_Damaging,19.9086757990868,16,1,74.0656335460346,0.428626758023801,84.6,3,28603.7548438843,2,0.141526014290169,7359
Significant_Damage_And_Serious_Injuries,57.945205479452,15,7,57.1558796718323,0.308900829426614,77.27,7,25223.0471674453,2,0.00216043960059275,6094
Significant_Damage_And_Serious_Injuries,30.958904109589,16,2,69.7812215132179,0.255529029931482,83.48,3,24001.8530974736,3,0.120446192106227,4816
Significant_Damage_And_Fatalities,25.5707762557078,14,2,56.9279854147676,0.523469888207717,75.67,4,12866.6100544267,1,0.0216622052761879,6227
Highly_Fatal_And_Damaging,18.1735159817352,16,8,68.5050136736554,0.308540209159754,76.18,3,26009.2327462011,3,0.128453568773262,11393
Minor_Damage_And_Injuries,46.6666666666667,11,7,52.3245214220602,0.323325640100974,79.49,2,26473.2906962654,2,0.359258711215434,1657
Highly_Fatal_And_Damaging,20.3196347031963,15,1,85.5515041020967,0.248316624594302,81.2,4,33695.3450225306,1,0.0613496539215015,1684
Significant_Damage_And_Fatalities,58.1278538812785,15,5,75.2051048313583,0.330898665705012,82.09,7,20795.1241990163,1,0.00160333832093662,3446
Significant_Damage_And_Serious_Injuries,87.4885844748858,3,2,55.0592525068368,0.508684457266498,78.33,7,26885.1576261271,2,0.00251233544374229,8883
Highly_Fatal_And_Damaging,29.7716894977169,13,2,52.3245214220602,0.280411828344753,82.43,1,29416.7915541967,2,1.0963361566327,1786
Highly_Fatal_And_Damaging,18.2191780821918,16,12,65.4512306289882,0.365878831590335,77.22,4,40752.5345280167,2,0.0741546115614829,680
Highly_Fatal_And_Damaging,26.1643835616438,14,0,78.7602552415679,0.397974035340786,86.57,1,18897.2774645504,4,0.691594571833008,6058
Highly_Fatal_And_Damaging,61.4155251141552,10,9,49.4986326344576,0.522748647673999,81.68,2,32702.1479935482,3,0.444536318527391,12161
Minor_Damage_And_Injuries,76.62100456621,6,29,69.4165907019143,0.273560043274432,77.1,2,41493.4938799816,2,0.558462255265561,7175
Significant_Damage_And_Fatalities,31.5525114155251,12,3,53.2360984503191,0.621197980526505,83.58,4,31682.6709389972,1,0.0569738691451074,4622
Minor_Damage_And_Injuries,65.8447488584475,9,3,82.1786690975388,0.201435989902632,86.97,2,42820.7213445713,3,0.578476040350286,11774
Minor_Damage_And_Injuries,54.1095890410959,12,10,75.2506836827712,0.288345474215651,75.05,5,43907.2002460851,1,0.0306133067658192,4397
Significant_Damage_And_Serious_Injuries,48.310502283105,10,7,85.8705560619873,0.181241254958529,83.55,4,32213.6960035099,2,0.0583623984570852,12093
Minor_Damage_And_Injuries,54.1095890410959,12,4,49.3163172288059,0.397252794807068,86.42,3,10864.3781533671,0,0.0561960131862156,8809
Significant_Damage_And_Serious_Injuries,48.1735159817352,11,0,72.4247948951687,0.467213126577713,80.23,3,46973.5663521554,0,0.237190414799633,10113
Significant_Damage_And_Serious_Injuries,38.3561643835616,13,0,92.1148587055606,0.179438153624233,78.54,5,37623.173029289,3,0.0245030952312339,12139
Significant_Damage_And_Fatalities,36.1187214611872,11,4,48.2680036463081,0.402662098809953,80.44,4,42374.4708608255,3,0.0772893482296273,2865
Minor_Damage_And_Injuries,72.5570776255708,7,44,67.0464904284412,0.557368193292463,78.46,4,38971.5849739803,3,0.0718018696549619,8887
Highly_Fatal_And_Damaging,54.1552511415525,12,6,51.0027347310848,0.66988171655247,79.43,1,41729.0407240999,0,1.53479794159215,4687
Highly_Fatal_And_Damaging,37.3972602739726,10,2,66.5451230628988,0.405907681211684,79.61,4,41031.6354139876,1,0.0748983296849029,1293
Significant_Damage_And_Fatalities,44.2009132420091,19,19,76.0255241567913,0.245792282726289,83.22,4,23048.7900757948,0,0.0423343749014067,2786
Highly_Fatal_And_Damaging,33.972602739726,11,2,67.3655423883318,0.397252794807068,79.61,4,29660.0149931199,3,0.0549022562338552,8871
Highly_Fatal_And_Damaging,47.8995433789954,7,6,76.7547857793984,0.247595384060584,77.27,3,42688.6369208672,3,0.211400803614941,10712
Significant_Damage_And_Serious_Injuries,51.1415525114155,10,11,77.5296262534184,0.263823296069239,80.65,3,19340.2551067885,1,0.0950588591438292,11058
Significant_Damage_And_Serious_Injuries,31.5068493150685,16,5,57.5205104831358,0.428626758023801,77.67,4,27569.7208350064,2,0.0509205605879085,10142
Significant_Damage_And_Fatalities,57.4885844748858,14,1,85.7793983591614,0.274641904075009,80.65,7,41502.6668199476,4,0.0037778342515366,3232
Minor_Damage_And_Injuries,30.9132420091324,16,7,53.5551504102097,0.234252434186801,76.95,6,21369.8130817081,3,0.00544196944099981,10394
Significant_Damage_And_Serious_Injuries,37.7168949771689,14,4,79.3983591613491,0.320440677966102,75.2,3,32624.4911271595,3,0.162552102201674,7743
Highly_Fatal_And_Damaging,21.2785388127854,15,1,69.5533272561531,0.290869816083664,81.87,4,14993.6075495189,4,0.0279296157916735,8232
Significant_Damage_And_Fatalities,68.0365296803653,12,1,77.3017319963537,0.32116191849982,77.86,7,24305.3909035946,1,0.00228169437294458,3550
Significant_Damage_And_Serious_Injuries,38.310502283105,13,2,65.9981768459435,0.403383339343671,75.68,3,21411.0209069077,4,0.105814390731254,4239
Significant_Damage_And_Serious_Injuries,36.7579908675799,14,1,79.8085688240656,0.275723764875586,81.03,3,33701.3739418717,1,0.168760794490034,2794
Highly_Fatal_And_Damaging,33.1963470319635,12,5,65.587967183227,0.412038225748287,82.02,4,29660.0149931199,3,0.055051130714473,144
Minor_Damage_And_Injuries,46.027397260274,15,3,78.0765724703738,0.258774612333213,80.33,4,37085.8747636847,4,0.0675585123833132,3556
Minor_Damage_And_Injuries,56.1187214611872,11,3,57.4749316317229,0.381746123332131,75.8,6,44888.1730165217,3,0.0105864665990747,8164
Significant_Damage_And_Fatalities,72.0091324200913,10,1,89.9726526891523,0.231367472051929,79.71,7,35847.895873568,4,0.00309591976936673,11651
Significant_Damage_And_Fatalities,16.4383561643836,17,0,45.8067456700091,0.631295347998557,78.47,1,19507.2239268193,2,0.721848475861016,4151
Minor_Damage_And_Injuries,68.6301369863014,8,21,61.6226071103008,0.634180310133429,77.98,5,34887.2172055117,4,0.0232444911274353,9967
Significant_Damage_And_Serious_Injuries,40.8675799086758,13,2,62.9443938012762,0.358305805986296,79.48,3,32908.2936804925,3,0.163904081046726,5256
Minor_Damage_And_Injuries,50.1369863013699,13,5,70.2825888787603,0.493899026325279,77.25,6,19754.5812375961,3,0.00463226113987301,811
Minor_Damage_And_Injuries,46.1643835616438,15,21,75.6153144940748,0.333062387306166,79.99,2,29261.0780689291,1,0.395929145143841,8863
Minor_Damage_And_Injuries,24.703196347032,18,3,56.8368277119417,0.231728092318788,80.78,1,24858.0729137173,1,0.928940177563604,10039
Significant_Damage_And_Fatalities,56.4840182648402,15,0,73.0173199635369,0.32080129823296,80.89,7,44362.5365040698,2,0.00392310159607927,9391
Minor_Damage_And_Injuries,51.2328767123288,13,13,58.97903372835,0.438724125495853,82.82,2,31967.8246223586,2,0.43265129710754,6646
Significant_Damage_And_Serious_Injuries,18.3561643835616,19,18,72.4247948951687,0.388958528669311,77.74,1,23004.8912496895,3,0.845845626344203,10964
Significant_Damage_And_Serious_Injuries,38.3561643835616,13,0,71.285323609845,0.273199423007573,81.53,3,32039.8851127242,2,0.159335323690078,1987
Minor_Damage_And_Injuries,68.2648401826484,8,2,67.0464904284412,0.302770284890011,81.49,2,23998.3048588661,1,0.32809530982753,9874
Minor_Damage_And_Injuries,44.337899543379,15,3,68.7784867821331,0.323325640100974,78.82,7,35698.3931935228,4,0.00315344106974265,9607
Significant_Damage_And_Serious_Injuries,56.7579908675799,8,2,74.4302643573382,0.27428128380815,79.07,6,37541.6763730355,0,0.00950376333512928,10223
Minor_Damage_And_Injuries,49.4520547945205,14,1,69.690063810392,0.430790479624955,79.09,1,25291.404885318,1,0.930418789565146,4828
Significant_Damage_And_Serious_Injuries,57.0776255707762,15,9,53.3728350045579,0.42177497295348,83.26,7,37900.1071623146,2,0.00361736169989073,3709
Significant_Damage_And_Fatalities,17.3059360730594,16,1,51.9143117593437,0.422496213487198,79.89,4,24939.2394799833,2,0.0460458912336435,9234
Highly_Fatal_And_Damaging,37.4885844748858,10,2,57.8395624430264,0.385352326000721,80.48,5,35320.9454536098,2,0.0228367689591343,1883
Minor_Damage_And_Injuries,43.6529680365297,12,7,47.2652689152234,0.444133429498738,80.44,3,41951.3242843404,3,0.209065214807869,3205
Significant_Damage_And_Serious_Injuries,41.0045662100457,13,6,59.4348222424795,0.47190119004688,84.52,1,42866.579179189,2,1.55691330768186,4095
Minor_Damage_And_Injuries,41.324200913242,16,7,65.587967183227,0.261659574468085,81.34,2,31076.1432081348,1,0.420554790386963,9386
Significant_Damage_And_Serious_Injuries,52.9223744292237,9,5,88.4685505925251,0.247234763793725,78.08,3,24609.0335512452,0,0.122498421064204,10027
Significant_Damage_And_Serious_Injuries,30.7305936073059,16,3,70.464904284412,0.251922827262892,82.43,6,36166.0039080309,3,0.00826588787036847,5272
Minor_Damage_And_Injuries,20.5936073059361,19,1,50.1823154056518,0.564219978362784,77.56,2,32847.0379561099,1,0.442314977408644,6952
Minor_Damage_And_Injuries,51.9634703196347,13,7,79.3072014585233,0.283657410746484,77.13,5,45557.7701402935,2,0.0302458106880006,6159
Significant_Damage_And_Fatalities,72.8767123287671,10,1,53.6463081130356,0.284739271547061,79.19,7,37796.2166893699,2,0.00362547214117164,11026
Minor_Damage_And_Injuries,20.4109589041096,19,2,56.1531449407475,0.555204471691309,81.82,1,42573.9353524322,2,1.56591013730234,9955
Minor_Damage_And_Injuries,53.9269406392694,12,11,69.644484958979,0.474425531914894,85.08,2,41597.9304343148,2,0.558462255265561,3622
Highly_Fatal_And_Damaging,28.9497716894977,13,8,52.7803099361896,0.444133429498738,87,1,47285.2784140676,3,1.73575874706691,1638
Minor_Damage_And_Injuries,50.2283105022831,13,12,69.644484958979,0.475146772448611,76.71,2,35694.2901603896,0,0.482865676422502,11815
Minor_Damage_And_Injuries,57.6712328767123,11,11,77.073837739289,0.245792282726289,76.56,2,36485.4300529179,2,0.494215710204564,2486
Significant_Damage_And_Fatalities,24.7945205479452,14,7,41.5223336371923,0.757151821132347,78.88,3,44048.3653944557,1,0.220452926670867,11999
Significant_Damage_And_Serious_Injuries,47.5342465753425,11,10,79.8997265268915,0.29555787955283,78.38,3,36295.1033532213,2,0.181056414605482,9775
Significant_Damage_And_Serious_Injuries,48.3561643835616,11,4,84.5487693710119,0.25985647313379,84.75,4,31976.3514880961,2,0.0590167173353565,7239
Highly_Fatal_And_Damaging,33.7899543378995,18,16,41.4311759343665,0.537894698882077,78.57,3,36653.7936554078,2,0.183405433181803,4113
Significant_Damage_And_Fatalities,46.62100456621,19,19,80.4010938924339,0.247234763793725,83.22,6,5513.58652800857,5,0.00279254182406123,7400
Minor_Damage_And_Injuries,70.5479452054795,7,30,70.510483135825,0.17330760908763,79.79,6,27171.7746672583,3,0.00668708180660719,7123
Minor_Damage_And_Injuries,45.4794520547945,11,2,55.9252506836828,0.550877028489001,81.72,4,32656.9970926707,3,0.059612982861875,11266
Minor_Damage_And_Injuries,48.4931506849315,14,1,80.5378304466728,0.218385142445005,76.77,2,37038.5414452765,2,0.503141110685375,7813
Significant_Damage_And_Fatalities,13.37899543379,18,13,53.8742023701003,0.473704291381176,76.8,5,34198.7569609193,2,0.0230472338312019,9842
Minor_Damage_And_Injuries,36.9406392694064,17,1,70.2370100273473,0.357223945185719,80.96,4,26274.6928894615,4,0.0481186113732843,1652
Significant_Damage_And_Serious_Injuries,34.4292237442922,15,7,47.7666362807658,0.510848178867652,77.68,1,22320.6999766371,2,0.826575575601819,2240
Highly_Fatal_And_Damaging,33.9269406392694,11,4,73.6098450319052,0.405907681211684,81.76,4,35227.8379906265,1,0.0640250122208822,6458
Significant_Damage_And_Fatalities,58.1278538812785,15,5,61.8505013673656,0.656538766678687,77.39,7,21876.099922363,5,0.00166625715666245,12097
Minor_Damage_And_Injuries,48.1735159817352,11,7,56.7912488605287,0.405907681211684,76.09,5,17731.5542769187,1,0.0107697076079315,6246
Significant_Damage_And_Serious_Injuries,43.013698630137,12,3,67.0464904284412,0.391482870537324,80.4,3,38140.7981125223,3,0.19059343244646,1913
Minor_Damage_And_Injuries,59.5890410958904,7,28,53.8742023701003,0.456033898305084,82.82,5,28540.5531641214,2,0.0185634424474068,11376
Highly_Fatal_And_Damaging,23.7899543378995,14,25,73.746581586144,0.369485034258925,78.29,4,46688.72895675,4,0.0845834601765373,5838
Significant_Damage_And_Fatalities,14.4748858447489,17,3,38.1494986326345,0.705583122971511,77.5,4,36350.8751542663,2,0.0661081166338039,9451
Minor_Damage_And_Injuries,45.4794520547945,15,5,67.1376481312671,0.313228272628922,82.34,4,19233.650044192,1,0.0363976969306029,3334
Minor_Damage_And_Injuries,59.5890410958904,7,20,39.7447584320875,0.584054093040028,78.4,5,15196.4435200964,3,0.0109511184797237,9670
Highly_Fatal_And_Damaging,68.2648401826484,8,11,49.4074749316317,0.522748647673999,81.72,2,40580.5502390022,2,0.551419592392081,3992
Minor_Damage_And_Injuries,51.8264840182648,13,12,67.2743846855059,0.261298954201226,78.02,1,34480.663199033,1,1.26276880923123,594
Minor_Damage_And_Injuries,33.1050228310502,15,2,51.640838650866,0.288345474215651,81.68,1,26412.3256335554,2,0.978578768073676,10061
Highly_Fatal_And_Damaging,22.3287671232877,15,1,70.7839562443026,0.267790119004688,75.01,4,41259.8228090867,1,0.0751284641453142,9713
Highly_Fatal_And_Damaging,25.9817351598173,14,7,83.5460346399271,0.198911648034619,78.58,3,22102.0385431341,3,0.109750715886031,6752
Minor_Damage_And_Injuries,69.7716894977169,8,6,82.1330902461258,0.188453660295708,76.12,2,23278.6288941255,1,0.3116315447563,8739
Significant_Damage_And_Fatalities,42.4657534246575,19,9,80.4010938924339,0.243628561125135,76.69,2,31177.1180134519,2,0.421199209085201,8436
Highly_Fatal_And_Damaging,2.64840182648402,20,0,65.3144940747493,0.272838802740714,83.73,1,38399.455104896,2,1.41399626399471,9933
Significant_Damage_And_Serious_Injuries,22.2831050228311,18,10,61.2579762989973,0.570350522899387,80.53,6,29365.0114975677,1,0.00736692430030834,4497
Significant_Damage_And_Serious_Injuries,48.7214611872146,10,2,67.3199635369189,0.372369996393797,77.11,3,34501.86147776,1,0.17069849613111,8631
Minor_Damage_And_Injuries,41.8264840182648,16,5,76.4813126709207,0.335226108907321,80.79,2,25688.5204959083,3,0.347298540906663,7198
Highly_Fatal_And_Damaging,59.4063926940639,7,6,92.3883318140383,0.185208077893978,79.79,2,42650.426860511,3,0.576823927713424,12468
Minor_Damage_And_Injuries,61.4155251141552,10,9,85.5970829535096,0.306737107825459,81.53,2,26993.9576251546,4,0.364463009539701,6590
Highly_Fatal_And_Damaging,43.0593607305936,8,1,82.3609845031905,0.185568698160836,81.23,3,50545.0702257023,3,0.251509930289586,2330
Minor_Damage_And_Injuries,48.3561643835616,10,13,38.7876025524157,0.740563288856834,79.13,5,23022.0902591507,1,0.0151500193569589,2079
Minor_Damage_And_Injuries,76.62100456621,6,21,69.4165907019143,0.375976199062387,77.5,2,45645.5150050452,1,0.619185763380743,12062
Significant_Damage_And_Serious_Injuries,42.1004566210046,12,2,74.5214220601641,0.402301478543094,77.59,7,41724.5687249952,0,0.00379046728093971,4879
Minor_Damage_And_Injuries,25.2511415525114,17,13,47.9033728350046,0.429347998557519,78.49,1,23858.6109176729,1,0.874477270398786,5032
Minor_Damage_And_Injuries,45.0228310502283,15,3,57.7028258887876,0.416005048683736,79.22,2,37925.7002133991,0,0.510633766071412,787
Highly_Fatal_And_Damaging,19.9086757990868,15,0,66.8185961713765,0.537173458348359,79.58,7,24122.8234182072,3,0.0022271417831696,486
Significant_Damage_And_Serious_Injuries,34.4748858447488,15,2,68.7784867821331,0.276084385142445,75.01,3,38277.0201603213,1,0.190936989659089,3159
Highly_Fatal_And_Damaging,51.0502283105023,7,0,72.151321786691,0.323686260367832,82.11,7,13224.3355164054,3,0.00124424510969441,6375
Highly_Fatal_And_Damaging,16.8036529680365,16,9,67.7301731996354,0.449903353768481,77.42,4,38050.7869555455,1,0.0693300746864775,4259
Significant_Damage_And_Serious_Injuries,20.5022831050228,19,14,60.0273473108478,0.308540209159754,76.77,3,26116.1340059494,2,0.129039751153255,6717
Highly_Fatal_And_Damaging,27.3059360730594,13,1,72.0145852324522,0.32116191849982,78.49,4,44362.5365040698,1,0.0823793731710981,9771
Highly_Fatal_And_Damaging,39.634703196347,17,6,55.0592525068368,0.317555715831229,77.44,3,35098.2780197552,3,0.174317185208326,521
Minor_Damage_And_Injuries,74.6575342465753,5,8,64.767547857794,0.279690587811035,79.84,6,36722.3335730371,2,0.00891726676999634,7358
Minor_Damage_And_Injuries,59.7716894977169,10,5,76.2989972652689,0.321522538766679,77.18,2,26328.7717447473,3,0.35682265469168,6065
Significant_Damage_And_Fatalities,20.8219178082192,15,2,39.7903372835005,0.577923548503426,77.74,1,32718.3677403417,1,1.20364148403587,2683
Minor_Damage_And_Injuries,56.9406392694064,11,39,64.5852324521422,0.414923187883159,84.54,2,44574.0627231152,1,0.606591695439003,3253
Significant_Damage_And_Serious_Injuries,45.7990867579909,11,2,81.9051959890611,0.338111071042192,82.64,4,32185.6984169855,2,0.0590167173353565,3099
Significant_Damage_And_Serious_Injuries,12.648401826484,21,4,67.0009115770283,0.504717634331049,79.69,4,39215.0592883377,2,0.0714750024770554,8225
Minor_Damage_And_Injuries,58.4474885844749,11,5,84.0018231540565,0.488850342589253,75.58,3,36323.6029675182,1,0.18124998691243,11107
Significant_Damage_And_Fatalities,62.3744292237443,13,7,65.8158614402917,0.421053732419762,80.83,1,25230.00771957,4,0.929809565758596,11323
Minor_Damage_And_Injuries,54.3835616438356,9,1,51.5952597994531,0.564580598629643,78.76,3,33372.8197860987,2,0.164857538935295,11570
Highly_Fatal_And_Damaging,24.7945205479452,14,1,54.6490428441203,0.503275153263613,77.17,2,38033.854208112,1,0.515851431914473,1362
Highly_Fatal_And_Damaging,47.8995433789954,7,8,86.0072926162261,0.24543166245943,77.27,1,13214.8518929535,3,0.506265395614168,9397
Significant_Damage_And_Serious_Injuries,36.1643835616438,14,1,79.2160437556974,0.275723764875586,80.34,3,33067.6244116376,3,0.166293914283771,4386
Significant_Damage_And_Fatalities,36.4383561643836,11,1,50.6836827711942,0.52238802740714,79.89,4,39289.2011014814,3,0.0715707647756609,8141
Significant_Damage_And_Fatalities,1.68949771689498,21,4,54.4667274384686,0.280772448611612,81.15,1,28475.1600066966,3,1.05028681182213,7368
Minor_Damage_And_Injuries,47.1232876712329,11,0,57.1558796718323,0.421053732419762,81.06,3,33806.8932739369,1,0.16779486761915,1646
Significant_Damage_And_Serious_Injuries,25.3881278538813,18,0,73.1084776663628,0.223433826181031,80.78,4,22172.7226577113,3,0.040335527894257,7844
Highly_Fatal_And_Damaging,21.1872146118721,15,0,70.464904284412,0.290869816083664,75.84,7,37868.6045618699,2,0.00356266594166834,6520
Minor_Damage_And_Injuries,54.8858447488584,12,4,58.2953509571559,0.399777136675081,82.01,5,44888.1730165217,0,0.0289622518314474,5276
Highly_Fatal_And_Damaging,55.1598173515982,12,8,53.5095715587967,0.503635773530472,77.93,5,35387.6700736684,1,0.0233909421221586,1703
Significant_Damage_And_Serious_Injuries,38.675799086758,14,11,63.3546034639927,0.36046952758745,76.4,3,40698.9993170453,2,0.200329336130819,7612
Minor_Damage_And_Injuries,44.8858447488584,15,3,60.7110300820419,0.318276956364948,78.77,3,31716.2273185735,4,0.155473833405764,1729
Highly_Fatal_And_Damaging,22.648401826484,15,8,72.8805834092981,0.351814641182834,79.52,6,37949.724386184,3,0.00953277275768865,3843
Significant_Damage_And_Fatalities,24.9315068493151,14,11,47.538742023701,0.511930039668229,76.87,5,20597.3890625274,3,0.0137472799987364,6972
Significant_Damage_And_Serious_Injuries,62.5114155251141,6,5,56.0619872379216,0.456394518571944,84.41,3,33773.4031385815,1,0.168147873107599,10294
Significant_Damage_And_Serious_Injuries,19.4063926940639,19,0,58.7511394712853,0.609658131987018,80.19,3,25762.3181919827,2,0.128263029713891,10569
Minor_Damage_And_Injuries,39.4520547945205,13,0,56.1531449407475,0.345323476379372,76.94,6,42176.9222862854,2,0.00937101263382326,12043
Significant_Damage_And_Serious_Injuries,37.7168949771689,14,5,57.6116681859617,0.234973674720519,76.49,3,46674.0869460328,2,0.231710370576967,2999
Highly_Fatal_And_Damaging,56.62100456621,11,44,57.5660893345488,0.784558961413632,77.44,5,38971.5849739803,3,0.0264132120248846,988
Highly_Fatal_And_Damaging,24.3835616438356,14,0,63.7192342752963,0.401940858276235,80.42,4,21762.5037953773,2,0.039455404263157,3432
Significant_Damage_And_Serious_Injuries,41.7351598173516,13,2,74.5214220601641,0.205402812838081,81.58,5,19984.5446103508,2,0.0128336115601887,7165
Minor_Damage_And_Injuries,36.4383561643836,17,3,63.9015496809481,0.551958889289578,81.8,2,36109.0128717011,1,0.494990146588943,11697