Severity,Safety_Score,Days_Since_Inspection,Total_Safety_Complaints,Control_Metric,Turbulence_In_gforces,Cabin_Temperature,Accident_Type_Code,Max_Elevation,Violations,Adverse_Weather_Metric,Accident_ID
Significant_Damage_And_Serious_Injuries,20.8675799086758,19,3,79.6718322698268,0.350372160115398,76.75,3,25735.8047537328,2,0.128131027077609,8695
Significant_Damage_And_Serious_Injuries,48.675799086758,10,7,61.2123974475843,0.448100252434187,81.45,7,42642.8090049298,3,0.0040045627353063,2986
Highly_Fatal_And_Damaging,43.1963470319635,9,4,66.1349134001823,0.298803461954562,84.11,4,37123.4671202188,4,0.0688847896387925,1233
Significant_Damage_And_Serious_Injuries,32.9223744292237,15,20,73.1996353691887,0.317916336098088,77.8,3,44362.5365040698,1,0.220452926670867,11222
Highly_Fatal_And_Damaging,18.7671232876712,16,2,70.1914311759344,0.279690587811035,78.11,4,32890.0789181408,3,0.0601777442176999,7377
Significant_Damage_And_Fatalities,59.5433789954338,14,18,70.5560619872379,0.205042192571222,80.44,4,23734.7513059841,1,0.044082859659204,1999
Significant_Damage_And_Fatalities,24.1552511415525,14,3,55.5150410209663,0.334865488640461,81.06,2,27702.6663148683,3,0.375099955863509,7652
Significant_Damage_And_Fatalities,45.0228310502283,8,16,51.4129443938013,0.539697800216372,78.5,1,22550.623318695,3,0.829591070454923,991
Minor_Damage_And_Injuries,41.0958904109589,13,21,53.4639927073838,0.477671114316625,80.23,2,44340.4415424806,3,0.600585392120449,2288
Minor_Damage_And_Injuries,50.5936073059361,13,15,77.1649954421149,0.240743598990263,80.77,2,23442.862111339,1,0.316500708900476,9262
Significant_Damage_And_Serious_Injuries,39.8173515981735,13,30,69.4165907019143,0.249759105661738,78.2,6,34207.9443786107,1,0.00847058438588612,5632
Highly_Fatal_And_Damaging,19.1780821917808,16,3,66.3172288058341,0.478031734583483,82.71,7,13790.8744728662,4,0.00145979657343352,9082
Significant_Damage_And_Serious_Injuries,34.0639269406393,15,18,61.1668185961714,0.441969707897583,79.79,7,31317.0921055837,1,0.00256331075226836,4269
Significant_Damage_And_Serious_Injuries,53.5616438356164,16,0,43.6645396536007,0.400858997475658,79.49,6,40296.8160759999,2,0.00969258912485583,3847
Significant_Damage_And_Serious_Injuries,45.8904109589041,11,4,74.8860528714676,0.241104219257122,81.1,6,33067.6244116376,0,0.00814549614910403,6858
Significant_Damage_And_Serious_Injuries,43.3333333333333,12,3,66.8641750227894,0.272117562206996,79.46,3,26705.9269085582,3,0.134002354033588,5355
Highly_Fatal_And_Damaging,44.0639269406393,8,3,87.0556061987238,0.264183916336098,79.51,3,48905.4579354148,1,0.243023149487446,8038
Minor_Damage_And_Injuries,58.4931506849315,11,2,73.3363719234275,0.333423007573026,79.63,2,30068.5787324876,1,0.405852963176552,6335
Significant_Damage_And_Serious_Injuries,22.9223744292237,18,22,86.918869644485,0.270314460872701,79.98,5,24101.1426632183,1,0.0161706962169263,4765
Highly_Fatal_And_Damaging,39.2694063926941,10,0,69.5533272561531,0.22740064911648,79.86,4,23275.6522223314,1,0.0422037414994791,10119
Highly_Fatal_And_Damaging,6.57534246575342,19,7,80.4466727438469,0.3785005409304,80.15,1,33143.9853063049,2,1.21789625360354,3582
Minor_Damage_And_Injuries,42.8310502283105,12,3,54.6490428441203,0.456033898305084,85.26,2,31122.6458475577,1,0.421126243426699,1425
Minor_Damage_And_Injuries,44.4292237442922,12,14,55.6061987237922,0.440887847097007,76.53,6,32879.763637696,1,0.00801685796989028,4549
Significant_Damage_And_Serious_Injuries,76.3926940639269,9,1,49.2251595259799,0.541140281283808,88.39,7,38476.5659567678,4,0.00370652232360002,7863
Highly_Fatal_And_Damaging,31.1872146118721,12,0,80.4466727438469,0.196387306166606,78.18,1,33385.1482642618,3,1.23638968430796,12255
Significant_Damage_And_Fatalities,66.986301369863,12,5,68.3682771194166,0.397974035340786,78.74,7,28891.4980176386,2,0.00277618537959387,3844
Minor_Damage_And_Injuries,36.62100456621,14,2,41.6134913400182,0.558089433826181,77.74,3,43627.7949755618,3,0.217592818863117,3834
Significant_Damage_And_Serious_Injuries,41.8721461187215,12,4,66.4539653600729,0.333423007573026,81.46,1,40566.1030877106,2,1.50398754286448,295
Minor_Damage_And_Injuries,43.3333333333333,15,10,65.9525979945305,0.300967183555716,78.05,2,43264.2646498793,4,0.586145251799055,10965
Significant_Damage_And_Fatalities,29.5890410958904,13,15,54.922515952598,0.458197619906239,87,4,36093.8087038102,2,0.0659924427036663,1192
Significant_Damage_And_Serious_Injuries,59.4520547945205,14,8,38.9699179580674,0.654375045077533,76.19,6,29759.5816735336,2,0.00754543847183463,1316
Significant_Damage_And_Serious_Injuries,82.2831050228311,8,20,53.9653600729262,0.341717273710782,83.72,7,24641.4641548803,3,0.00243727393194409,5532
Significant_Damage_And_Serious_Injuries,34.2922374429224,15,19,62.7164995442115,0.362993869455463,79.86,3,35460.2652816768,1,0.175624748220402,11574
Significant_Damage_And_Serious_Injuries,39.6803652968037,13,2,89.2433910665451,0.207566534439235,80.85,3,39455.0809877443,3,0.197648961032208,260
Significant_Damage_And_Serious_Injuries,69.9086757990868,8,2,48.9061075660894,0.524191128741435,83.27,4,31318.3160971791,1,0.0575557829885468,5056
Significant_Damage_And_Fatalities,64.2009132420091,13,1,60.3919781221513,0.262380815001803,81.37,2,42674.1929421019,2,0.577773876497628,6994
Highly_Fatal_And_Damaging,39.4520547945205,10,6,77.7575205104832,0.329456184637577,77.83,4,35704.4771368743,2,0.0649477413797909,2092
Significant_Damage_And_Fatalities,45.8904109589041,19,7,62.6253418413856,0.257332131265777,79.81,2,34076.4536138475,1,0.462514456126825,8659
Significant_Damage_And_Fatalities,73.1506849315069,10,22,69.5533272561531,0.417808150018031,85.97,7,30951.0633871869,3,0.00278289133570023,10118
Highly_Fatal_And_Damaging,1.41552511415525,21,3,61.8505013673656,0.307097728092319,82.6,4,47893.7179720062,1,0.0884428179454737,4258
Minor_Damage_And_Injuries,49.1780821917808,14,15,59.9817684594348,0.341356653443924,82.66,2,28208.2593702175,2,0.381454817678839,9497
Significant_Damage_And_Serious_Injuries,56.2100456621004,8,0,78.0765724703738,0.354699603317706,81.13,6,26501.859027862,0,0.00651284521909927,5651
Significant_Damage_And_Fatalities,16.4840182648402,16,15,50.1367365542388,0.505799495131626,77.56,1,29601.0780584221,2,1.07538543423334,7033
Significant_Damage_And_Fatalities,58.0365296803653,15,2,80.8568824065634,0.341356653443924,76.89,7,41917.3221674367,2,0.00387399716209289,1038
Minor_Damage_And_Injuries,75.296803652968,6,7,65.1321786690975,0.52599423007573,77.77,6,47882.5666610854,2,0.0113451946341208,9882
Significant_Damage_And_Fatalities,1.14155251141552,20,0,54.4667274384686,0.369485034258925,78.92,4,36844.8682699557,2,0.0672971342373965,10672
Significant_Damage_And_Serious_Injuries,21.9178082191781,18,13,68.049225159526,0.345684096646231,79.53,6,38634.4918369471,2,0.00941040617354535,8556
Significant_Damage_And_Fatalities,70.3196347031963,11,1,66.6818596171377,0.192781103498016,82.43,4,38719.6875106846,3,0.0709905354811421,7214
Minor_Damage_And_Injuries,41.7351598173516,16,9,76.253418413856,0.387876667868734,81.86,7,19804.4945726575,1,0.00158505315023645,9059
Highly_Fatal_And_Damaging,32.1461187214612,12,8,68.5961713764813,0.24543166245943,81.83,4,35237.7775518202,2,0.0645364140643536,4854
Minor_Damage_And_Injuries,45.296803652968,15,1,60.3463992707384,0.355060223584565,80.54,2,26035.3371379911,3,0.352349972573073,9487
Highly_Fatal_And_Damaging,58.310502283105,11,8,45.2597994530538,0.714238009376126,76.37,2,36575.0996156361,0,0.492287322989391,4990
Significant_Damage_And_Serious_Injuries,46.1643835616438,11,4,64.4029170464904,0.30313090515687,81.69,6,27372.9129741752,0,0.00665876576533865,7240
Highly_Fatal_And_Damaging,38.4474885844749,10,8,79.1248860528715,0.301327803822575,81.01,7,46445.7090961569,3,0.00413103537482039,96
Highly_Fatal_And_Damaging,25.5707762557078,14,10,70.7383773928897,0.302409664623152,79.17,4,28549.7555524629,2,0.0515852646711956,5463
Minor_Damage_And_Injuries,39.634703196347,17,8,75.2506836827712,0.251922827262892,76.69,5,32791.8421914493,3,0.0216476009652135,4882
Minor_Damage_And_Injuries,46.8493150684931,14,2,69.1886964448496,0.330898665705012,82.1,5,38711.3935671569,1,0.0259721525011381,5346
Minor_Damage_And_Injuries,69.7260273972603,8,15,65.2689152233364,0.404104579877389,83.11,2,36844.4611648139,3,0.499845233093124,10847
Significant_Damage_And_Serious_Injuries,41.689497716895,19,4,55.9708295350957,0.309982690227191,76.12,3,30380.7345549793,2,0.15173451332276,9023
Significant_Damage_And_Serious_Injuries,80.958904109589,8,35,53.9653600729262,0.341717273710782,83.08,7,37378.440261456,3,0.00360683476794685,11007
Minor_Damage_And_Injuries,63.972602739726,9,9,76.9826800364631,0.299885322755139,80.12,2,33959.191621618,3,0.459821320335647,5504
Minor_Damage_And_Injuries,35.2511415525114,18,1,60.1640838650866,0.434396682293545,82.31,3,3855.7438170101,2,0.04858900398865,1876
Highly_Fatal_And_Damaging,13.7899543378995,17,4,62.5341841385597,0.237137396321673,76.45,4,45972.1359787677,1,0.0853685894709885,6199
Minor_Damage_And_Injuries,43.9269406392694,15,3,76.8915223336372,0.426823656689506,87.11,2,23513.7633170546,3,0.317264638371491,8298
Minor_Damage_And_Injuries,21.324200913242,18,3,50.1823154056518,0.564219978362784,78.9,3,42526.7392407677,1,0.212243576123403,2849
Significant_Damage_And_Fatalities,53.4703196347032,16,0,80.1276207839562,0.269953840605842,78.23,7,37908.7765733728,2,0.00353978635402655,6627
Significant_Damage_And_Fatalities,40.7305936073059,9,13,49.8632634457612,0.347487197980527,75.94,1,23171.5450883006,3,0.848784775083053,3957
Significant_Damage_And_Fatalities,22.7397260273973,15,8,55.6973564266181,0.260938333934367,83.85,4,20973.1227344913,2,0.0389899651600754,6964
Minor_Damage_And_Injuries,57.6712328767123,11,0,83.9106654512306,0.224876307248467,76.18,3,27803.3130271355,1,0.138524831339105,6965
Significant_Damage_And_Serious_Injuries,55.8904109589041,15,21,49.6353691886965,0.696567616300036,76.02,7,47156.9384261401,4,0.00388720588219151,3036
Significant_Damage_And_Serious_Injuries,72.4657534246575,10,3,37.2835004557886,0.577923548503426,78.08,7,26531.1770939678,2,0.00237498851386637,10375
Significant_Damage_And_Serious_Injuries,52.9680365296804,9,11,78.9881494986326,0.333062387306166,85.92,6,15414.0990178963,3,0.003353359112172,7768
Minor_Damage_And_Injuries,44.337899543379,15,11,69.4621695533273,0.439445366029571,78.96,2,32597.0197109072,2,0.440362864906711,2270
Significant_Damage_And_Serious_Injuries,32.0547945205479,15,6,62.0783956244303,0.287263613415074,78.31,6,43459.9317547451,2,0.0108122712134035,8398
Highly_Fatal_And_Damaging,30,19,2,56.8368277119417,0.551958889289578,82.38,3,24371.5142179798,1,0.122543644144534,9444
Significant_Damage_And_Fatalities,75.2054794520548,9,1,81.8140382862352,0.226679408582762,81.1,7,36962.1315429362,4,0.00355323475577511,7312
Significant_Damage_And_Serious_Injuries,36.4383561643836,14,26,65.4056517775752,0.293394157951677,81.8,7,33401.0255544809,2,0.00298099920855631,710
Minor_Damage_And_Injuries,41.9634703196347,12,2,56.8824065633546,0.473704291381176,79.79,6,32656.9970926707,0,0.00801685796989028,5575
Significant_Damage_And_Fatalities,16.4840182648402,16,0,51.9143117593437,0.42177497295348,79.65,7,34458.2967165505,2,0.00321479368160568,5824
Significant_Damage_And_Serious_Injuries,15.0228310502283,21,3,63.7648131267092,0.408071402812838,80.6,5,39215.0592883377,3,0.0262599118503814,10340
Highly_Fatal_And_Damaging,52.4657534246575,13,4,46.2625341841386,0.438724125495853,80.5,3,22169.2085958915,2,0.110373990402509,10787
Significant_Damage_And_Serious_Injuries,45.7534246575342,11,2,75.2506836827712,0.222351965380454,78.93,3,36748.2703672973,4,0.183405433181803,1352
Highly_Fatal_And_Damaging,27.5799086757991,13,30,75.2506836827712,0.532124774612333,81.3,1,31619.82941596,1,1.16144504554138,10767
Highly_Fatal_And_Damaging,25.662100456621,14,10,83.3637192342753,0.255529029931482,83.32,3,30445.2991443066,3,0.150707712103425,179
Highly_Fatal_And_Damaging,42.283105022831,9,7,88.0583409298086,0.251201586729174,82.8,2,30619.787367647,1,0.413798628240295,9068
Significant_Damage_And_Fatalities,35.2511415525114,11,6,45.8067456700091,0.456755138838803,80.44,1,34595.3633432901,2,1.27665927889249,3874
Significant_Damage_And_Fatalities,41.6438356164383,19,5,80.4010938924339,0.229203750450775,76.94,7,37908.7765733728,2,0.00366218202457146,11828
Highly_Fatal_And_Damaging,32.4200913242009,12,5,68.3226982680037,0.191699242697439,80.99,6,25205.4411576935,2,0.0064098498207914,6407
Highly_Fatal_And_Damaging,18.5388127853881,16,6,77.3017319963537,0.243989181391994,80.92,4,25245.6347673321,3,0.0452453456509353,6605
Significant_Damage_And_Serious_Injuries,38.7214611872146,13,4,74.1567912488605,0.388958528669311,77.25,2,19525.85738177,2,0.253283470951117,7635
Significant_Damage_And_Serious_Injuries,43.972602739726,12,10,69.5533272561531,0.369124413992066,79.42,6,33346.9717068899,1,0.00850211736171401,5017
Significant_Damage_And_Fatalities,69.8173515981735,11,7,66.1349134001823,0.298803461954562,77.25,6,53751.5578173994,4,0.0128950518817826,3602
Highly_Fatal_And_Damaging,36.2100456621005,17,11,41.4311759343665,0.580447890371439,77.91,2,26064.9318938155,2,0.352422365698257,5655
Minor_Damage_And_Injuries,69.7260273972603,8,2,71.0574293527803,0.272838802740714,75.58,4,14453.9679741217,1,0.0261055313866679,2775
Highly_Fatal_And_Damaging,20.4566210045662,15,19,62.1239744758432,0.461803822574828,86.58,1,24312.5763266109,4,0.905640293986369,3066
Minor_Damage_And_Injuries,25.9817351598173,17,1,51.9143117593437,0.524191128741435,78.63,1,35966.2470220649,2,1.32920921097437,11294
Minor_Damage_And_Injuries,51.8264840182648,13,12,79.3072014585233,0.324768121168409,78.02,2,9065.40417066948,1,0.0595076217413258,3882
Significant_Damage_And_Fatalities,8.53881278538813,19,6,29.8997265268915,0.856683014785431,78.9,4,37920.6754100736,2,0.0694785537644393,8367
Significant_Damage_And_Serious_Injuries,26.1187214611872,17,6,70.8295350957156,0.438724125495853,83.64,2,12444.521332321,0,0.162877092965986,6119
Highly_Fatal_And_Damaging,28.675799086758,13,2,62.2607110300821,0.396892174540209,83.27,3,22169.2085958915,2,0.109620844544563,5174
Significant_Damage_And_Fatalities,72.4657534246575,10,12,57.5205104831358,0.478392354850342,81.2,5,32937.2182500384,2,0.0215533582053583,5190
Minor_Damage_And_Injuries,31.7351598173516,19,4,54.3299908842297,0.192059862964299,79.21,1,42018.9291056924,2,1.54445216241479,9968
Highly_Fatal_And_Damaging,31.9634703196347,12,16,68.5961713764813,0.364436350522899,82.54,1,32279.3814069112,1,1.18372103996504,10301
Significant_Damage_And_Serious_Injuries,59.4520547945205,14,3,54.4211485870556,0.392564731337901,74.82,7,45857.9659867691,0,0.00425746099303233,34
Significant_Damage_And_Serious_Injuries,82.6940639269406,8,35,45.897903372835,0.804753696357736,79.79,7,41252.4825213943,3,0.00401669100153598,1771
Highly_Fatal_And_Damaging,13.6529680365297,18,1,73.792160437557,0.217303281644428,77.58,6,28461.5695826522,2,0.00745327975699493,8296
Minor_Damage_And_Injuries,44.337899543379,15,14,77.848678213309,0.262380815001803,78.56,1,32538.6591268151,3,1.18749207933344,10615
Significant_Damage_And_Fatalities,51.5981735159817,17,2,70.8295350957156,0.337750450775333,79.81,2,29150.1821953109,3,0.395809075803932,5369
Significant_Damage_And_Serious_Injuries,29.4063926940639,16,10,50.6836827711942,0.628410385863685,80.19,7,31988.1959886504,3,0.00290087927234828,6365
Minor_Damage_And_Injuries,67.3059360730594,8,7,70.3737465815861,0.330898665705012,82.04,2,27060.5178737769,2,0.364463009539701,9022
Highly_Fatal_And_Damaging,35.3424657534247,11,34,71.0574293527803,0.249759105661738,82.45,5,36210.3571992062,1,0.0245109739631318,5692
Highly_Fatal_And_Damaging,38.8584474885845,10,0,57.7028258887876,0.28870609448251,79.31,4,41703.4532879954,2,0.0763710398578118,4817
Significant_Damage_And_Serious_Injuries,12.648401826484,21,2,68.7784867821331,0.189535521096285,76.46,3,35012.6011594488,0,0.174810006625748,11921
Highly_Fatal_And_Damaging,17.8538812785388,16,3,65.587967183227,0.239661738189686,79.15,4,28976.8387515777,3,0.0540361961039766,1620
Significant_Damage_And_Fatalities,10.6392694063927,18,4,36.7821330902462,0.454952037504507,75.5,4,23042.462103486,2,0.0422835255042087,11182
Significant_Damage_And_Fatalities,69.2694063926941,11,4,81.5861440291705,0.434036062026686,83.07,2,41146.5175474634,0,0.553650909787565,3710
Highly_Fatal_And_Damaging,21.2785388127854,15,8,62.7164995442115,0.39292535160476,79.85,4,38995.8855227598,2,0.0713789477305042,1616
Highly_Fatal_And_Damaging,46.1187214611872,8,3,67.5022789425707,0.257332131265777,82.14,2,47814.2311228711,2,0.64817098869959,320
Minor_Damage_And_Injuries,45.6164383561644,11,6,39.8814949863264,0.584775333573747,81.74,4,22022.4520363672,3,0.0404193589227867,1827
Significant_Damage_And_Fatalities,27.5799086757991,13,1,53.7830446672744,0.510848178867652,77.35,6,31432.1242314197,2,0.00817660609152242,613
Highly_Fatal_And_Damaging,42.0547945205479,9,5,57.9762989972653,0.43583916336098,80.9,4,35320.9454536098,1,0.0652770328532724,224
Highly_Fatal_And_Damaging,37.4885844748858,10,21,74.5214220601641,0.375976199062387,78.44,7,42630.26184936,1,0.00383708389771657,8449
Significant_Damage_And_Serious_Injuries,59.3150684931507,14,3,55.6973564266181,0.370206274792643,83.28,7,42842.0382744754,4,0.00383586636122059,12204
Significant_Damage_And_Fatalities,48.5388127853881,17,2,66.5451230628988,0.426823656689506,76.89,7,24370.2265407342,2,0.00212389414099217,8977
Highly_Fatal_And_Damaging,25.8447488584475,14,2,66.9097538742024,0.304573386224305,79.57,1,41982.5624801639,3,1.53161653510559,11408
Significant_Damage_And_Serious_Injuries,68.675799086758,11,16,56.7000911577028,0.448460872701046,80.83,4,24737.3367850912,2,0.0454597222702216,3152
Minor_Damage_And_Injuries,43.1963470319635,15,9,70.2825888787603,0.328734944103858,80.35,2,26545.8277120036,2,0.359258711215434,6223
Significant_Damage_And_Serious_Injuries,41.3698630136986,13,10,64.3573381950775,0.273560043274432,81.31,6,34616.5337280709,1,0.00826809205925719,7707
Significant_Damage_And_Serious_Injuries,41.1415525114155,12,2,74.0200546946217,0.250119725928597,75.78,3,26194.6862921461,2,0.131214852950511,5454
Minor_Damage_And_Injuries,41.9178082191781,12,1,35.8249772105743,0.705583122971511,79.89,6,32744.1706846197,2,0.00811696041887652,528
Significant_Damage_And_Serious_Injuries,51.2785388127854,10,4,59.6627164995442,0.523830508474576,79.21,3,43704.6859749562,2,0.216076014176458,11057
Significant_Damage_And_Fatalities,24.9315068493151,14,8,48.313582497721,0.496783988460151,81.45,4,36010.8964759583,2,0.0665145741903083,3673
Significant_Damage_And_Fatalities,59.8173515981735,14,5,58.7511394712853,0.414923187883159,77.26,7,49860.8188729973,3,0.00469611599491054,9478
Significant_Damage_And_Fatalities,61.7808219178082,14,7,67.7757520510483,0.294476018752254,78.7,2,26340.2994819596,2,0.35682265469168,1474
Minor_Damage_And_Injuries,45.2511415525114,15,3,71.0574293527803,0.243267940858276,77.56,2,38858.4503003868,0,0.530620425913024,11605
Minor_Damage_And_Injuries,30.8219178082192,15,14,56.8368277119417,0.538976559682654,79.53,2,23322.7206416509,3,0.316958074115973,2306
Highly_Fatal_And_Damaging,22.2831050228311,15,4,69.0975387420237,0.46829498737829,76.19,3,18915.5090248707,4,0.094498941880859,9513
Highly_Fatal_And_Damaging,56.5753424657534,11,6,55.9708295350957,0.405186440677966,86.42,2,41094.8386139529,3,0.556857560648621,11512
Significant_Damage_And_Serious_Injuries,33.6986301369863,15,6,61.2123974475843,0.287263613415074,77,6,30419.6302841182,1,0.00722205940997227,8185
Minor_Damage_And_Injuries,45.9817351598173,15,0,59.9817684594348,0.503635773530472,76.23,2,31596.317066831,1,0.42760965194734,9441
Highly_Fatal_And_Damaging,23.4246575342466,15,8,62.5341841385597,0.42538117562207,80.64,4,45769.7818318359,0,0.0839917945185517,2904
Minor_Damage_And_Injuries,48.9954337899543,14,6,60.7110300820419,0.409874504147133,77.16,1,33700.4226788016,2,1.24236914780105,68
Significant_Damage_And_Serious_Injuries,56.2100456621004,8,1,58.8422971741112,0.41816877028489,75.7,3,29428.5998046567,2,0.147082418871215,7494
Significant_Damage_And_Fatalities,82.2374429223744,7,5,58.9334548769371,0.370927515326361,83.41,3,7330.43313913308,3,0.0364960775864074,7523
Minor_Damage_And_Injuries,31.5525114155251,19,7,62.2607110300821,0.379943021997836,80.26,1,29232.0068446603,2,1.07538543423334,6690
Significant_Damage_And_Fatalities,65.4337899543379,12,4,71.1941659070192,0.2923122971511,86.97,7,31484.4366438126,2,0.00269354190281644,8660
Minor_Damage_And_Injuries,39.634703196347,17,2,74.3391066545123,0.328734944103858,76.93,1,23350.8910565508,2,0.859539949194424,4513
Minor_Damage_And_Injuries,60.5479452054795,7,20,49.9544211485871,0.433675441759827,80.79,5,26088.9529282936,3,0.0172239467347377,10834
Significant_Damage_And_Serious_Injuries,31.7351598173516,15,1,73.6098450319052,0.388958528669311,79.14,3,38973.1647547029,2,0.195925057316619,8316
Minor_Damage_And_Injuries,63.3333333333333,6,3,40.4740200546946,0.52960043274432,84.96,3,8373.44012654902,2,0.0364960775864074,7806
Minor_Damage_And_Injuries,32.8767123287671,19,0,67.8213309024613,0.309261449693473,76.96,1,26992.7869170996,1,1.00860793316672,3894
Significant_Damage_And_Serious_Injuries,42.3287671232877,12,2,57.6116681859617,0.333423007573026,88.62,1,37496.2410972152,3,1.37530557650739,6488
Minor_Damage_And_Injuries,59.0867579908676,11,1,69.3710118505014,0.343880995311936,83.56,2,38384.4318243461,0,0.519355070097568,11000
Significant_Damage_And_Serious_Injuries,40.8675799086758,13,0,70.1914311759344,0.547270825820411,78.93,1,46503.7091327248,4,1.67536847267879,12327
Minor_Damage_And_Injuries,56.9406392694064,11,10,76.5724703737466,0.24543166245943,77.99,2,31870.4161540756,3,0.433461888131798,9063
Highly_Fatal_And_Damaging,51.7351598173516,13,15,41.6134913400182,0.485604760187523,86.59,3,18083.0495385202,5,0.0908168756629649,2029
Minor_Damage_And_Injuries,45.0684931506849,15,3,81.8140382862352,0.338471691309052,79.45,6,29720.293822257,1,0.00743860219406398,4909
Significant_Damage_And_Serious_Injuries,36.4383561643836,14,13,80.8568824065634,0.322965019834114,84,3,35986.6918258484,2,0.178747299033169,5762
Highly_Fatal_And_Damaging,48.2648401826484,14,5,44.3938012762078,0.729023440317345,78.9,7,27755.473500689,2,0.00250016144798474,9529
Highly_Fatal_And_Damaging,19.9086757990868,16,10,76.9371011850502,0.28870609448251,78.24,1,30017.3106085214,1,1.10323463410754,7884
Significant_Damage_And_Serious_Injuries,45.8904109589041,18,13,50.0911577028259,0.75246375766318,79.51,7,34371.8627634336,2,0.00307549916899895,4865
Highly_Fatal_And_Damaging,64.6575342465753,9,12,54.0565177757521,0.381024882798413,75.49,2,38600.7994052763,3,0.52135290526144,2140
Significant_Damage_And_Fatalities,25.8904109589041,14,1,42.8441203281678,0.409874504147133,78.91,4,40296.8160759999,1,0.074467291238389,11925
Minor_Damage_And_Injuries,37.3059360730594,17,11,60.0273473108478,0.407710782545979,78.18,1,21489.4750236165,1,0.788798022717649,4081
Minor_Damage_And_Injuries,46.5753424657534,15,0,64.6308113035552,0.502914532996754,76.95,5,24084.887315452,1,0.0154972430753475,11693
Highly_Fatal_And_Damaging,30.9132420091324,12,16,69.2342752962625,0.474425531914894,79.88,6,8652.45594797107,3,0.00265777562407155,11391
Significant_Damage_And_Fatalities,20.2283105022831,15,1,56.1531449407475,0.409153263613415,76.78,5,31533.3961527062,3,0.0221734338649497,9810
Minor_Damage_And_Injuries,31.9634703196347,19,6,62.6253418413856,0.307818968626037,79.54,2,30419.6302841182,4,0.409147604414216,7188
Highly_Fatal_And_Damaging,15.4337899543379,17,9,60.1640838650866,0.267429498737829,79.17,5,24854.1018365485,3,0.0172239467347377,11833
Minor_Damage_And_Injuries,50.8675799086758,13,0,70.6016408386509,0.294115398485395,78.78,2,15487.6701714345,2,0.217473855355897,2754
Significant_Damage_And_Serious_Injuries,41.1415525114155,13,2,95.077484047402,0.314310133429499,77.73,4,21554.55213466,2,0.0391679024826592,3778
Highly_Fatal_And_Damaging,29.4063926940639,13,5,64.8131267092069,0.388237288135593,78.7,1,38266.75565052,1,1.4126370085277,7382
Minor_Damage_And_Injuries,55.2511415525114,12,2,78.7602552415679,0.313228272628922,84.96,6,23833.6734110382,2,0.00611916350952947,3906
Significant_Damage_And_Fatalities,17.5799086757991,21,2,54.0109389243391,0.620837360259647,76.35,4,24455.0851973201,2,0.0447047839318407,3973
Significant_Damage_And_Serious_Injuries,52.4657534246575,9,5,58.9334548769371,0.417086909484313,76.13,6,37002.5192831597,4,0.0083982544312787,11869
Highly_Fatal_And_Damaging,49.7260273972603,7,0,72.971741112124,0.391482870537324,82.26,4,33053.916313277,2,0.0598313484459099,4561
Minor_Damage_And_Injuries,43.9269406392694,15,0,79.2160437556974,0.223433826181031,81.73,5,31078.8333618556,4,0.0199701051798232,10591
Highly_Fatal_And_Damaging,52.2374429223744,13,7,53.3728350045579,0.634180310133429,83.39,2,41874.6636548015,1,0.566805568689148,2906
Minor_Damage_And_Injuries,37.3059360730594,14,3,56.9279854147676,0.56926866209881,82.99,6,28454.4613989612,2,0.00744283870963345,8959
Significant_Damage_And_Fatalities,20.365296803653,15,2,49.0884229717411,0.590545257843491,79.75,1,45027.3857299155,3,1.66834320727201,11209
Minor_Damage_And_Injuries,76.6666666666667,6,12,74.3391066545123,0.330898665705012,75.94,2,40744.7030223456,3,0.551040805007,12040
Significant_Damage_And_Fatalities,20.2283105022831,15,3,55.6973564266181,0.418529390551749,76.51,1,38752.9477457052,0,1.42869567940064,10629
Highly_Fatal_And_Damaging,28.9041095890411,13,15,67.0920692798541,0.351093400649116,81.72,4,43635.7546909786,3,0.0806562395147276,2758
Minor_Damage_And_Injuries,31.5525114155251,19,3,68.7784867821331,0.174750090155067,81.26,2,30479.9802452678,2,0.408642256373192,1630
Significant_Damage_And_Serious_Injuries,38.0365296803653,14,8,61.3947128532361,0.391482870537324,78.7,3,18673.766897687,0,0.0898133583444885,10229
Significant_Damage_And_Serious_Injuries,59.4520547945205,14,4,39.8814949863264,0.445215290299315,74.82,7,38880.4007290491,2,0.00343491068101924,8182
Significant_Damage_And_Serious_Injuries,38.7671232876712,13,12,66.7730173199635,0.415644428416877,81.2,6,22792.1740124056,1,0.00538399196490689,6708
Significant_Damage_And_Serious_Injuries,91.2328767123288,6,2,52.461257976299,0.2923122971511,77.98,7,32053.6698420435,0,0.00283482891951351,7784
Highly_Fatal_And_Damaging,40.2739726027397,9,3,59.2069279854148,0.488850342589253,79.12,2,25642.1963410359,2,0.346527327910913,550
Significant_Damage_And_Fatalities,40.6392694063927,9,7,49.8632634457612,0.434396682293545,85.1,2,17182.4727749403,1,0.225648056800934,6699
Significant_Damage_And_Fatalities,41.3698630136986,19,2,59.7538742023701,0.46829498737829,79.66,7,34452.597870784,4,0.00333988647036586,2675
Significant_Damage_And_Fatalities,11.7808219178082,18,3,51.1850501367366,0.564219978362784,81.14,1,28064.3546606062,1,1.04519049130943,1685