Severity,Safety_Score,Days_Since_Inspection,Total_Safety_Complaints,Control_Metric,Turbulence_In_gforces,Cabin_Temperature,Accident_Type_Code,Max_Elevation,Violations,Adverse_Weather_Metric,Accident_ID
Highly_Fatal_And_Damaging,35.9817351598173,11,1,74.2935278030994,0.368763793725207,84.4,4,831.69555342133,3,0.0202641811876667,11010
Significant_Damage_And_Fatalities,57.945205479452,4,7,49.6809480401094,0.470819329246303,82.27,3,43564.0944400642,0,0.217592818863117,11081
Significant_Damage_And_Serious_Injuries,54.1095890410959,12,2,55.9708295350957,0.604970068517851,78.46,3,38671.1085004594,2,0.192838801599164,11988
Significant_Damage_And_Fatalities,58.9954337899543,14,5,64.3117593436645,0.40374395961053,77.76,7,38259.1406718787,1,0.00373408886789247,4942
Significant_Damage_And_Serious_Injuries,45.1141552511415,11,2,75.8432087511395,0.282936170212766,79.03,3,48317.9303453667,1,0.241790540689486,11001
Significant_Damage_And_Fatalities,55.9360730593607,15,4,68.9608021877849,0.199632888568337,80.54,7,31719.3083634286,2,0.00279887602228124,11950
Minor_Damage_And_Injuries,42.5114155251142,16,0,75.1139471285324,0.288345474215651,77.96,2,32922.5101874474,3,0.447344516323107,8497
Highly_Fatal_And_Damaging,52.1917808219178,9,11,78.9881494986326,0.308540209159754,77.22,4,41509.545282458,3,0.076025359959977,10481
Highly_Fatal_And_Damaging,20.2283105022831,15,3,70.510483135825,0.382827984132708,81.55,4,37773.3553764435,2,0.0698675424887429,7419
Minor_Damage_And_Injuries,77.8995433789954,3,6,58.6144029170465,0.416726289217454,83.72,7,28426.2598561677,4,0.00286792300212068,11494
Minor_Damage_And_Injuries,58.675799086758,11,22,76.9371011850502,0.428266137756942,86.39,2,31919.6799347082,1,0.433893499307323,8880
Highly_Fatal_And_Damaging,24.8858447488584,14,0,59.2980856882407,0.377418680129823,81.78,4,29969.7483833104,2,0.0550633670072995,6593
Significant_Damage_And_Serious_Injuries,36.027397260274,14,2,64.2661804922516,0.502193292463036,76.58,3,16215.864398774,2,0.0784881253243107,2280
Highly_Fatal_And_Damaging,21.2328767123288,15,5,62.7164995442115,0.39292535160476,84.03,4,20862.6343445671,2,0.0382474902668748,3068
Significant_Damage_And_Serious_Injuries,35.1141552511415,14,1,72.151321786691,0.37489433826181,77.87,2,20374.9875573108,2,0.275745471201112,7762
Highly_Fatal_And_Damaging,48.6301369863014,7,2,76.7547857793984,0.305294626758024,77.27,4,33323.2909885593,2,0.0609647807572276,6016
Minor_Damage_And_Injuries,26.7123287671233,17,3,62.0328167730173,0.452067075369635,80.19,3,18241.0570937703,1,0.0920649095425722,10321
Significant_Damage_And_Fatalities,48.8584474885845,17,13,69.9179580674567,0.369124413992066,77.78,5,33095.9115787169,1,0.0223033361226062,5381
Significant_Damage_And_Fatalities,26.4840182648402,14,2,55.1504102096627,0.334865488640461,77.22,4,26544.3797697738,1,0.0486700861808518,6031
Minor_Damage_And_Injuries,43.013698630137,12,0,48.1312670920693,0.589824017309773,81.15,6,40797.9602108571,0,0.00929279544814513,3896
Significant_Damage_And_Serious_Injuries,29.3607305936073,16,10,82.8623518687329,0.211893977641543,79.58,3,33137.9077443779,2,0.166293914283771,6993
Highly_Fatal_And_Damaging,70,8,1,55.6517775752051,0.508684457266498,81.42,2,40177.3017762019,1,0.542720465498432,8451
Significant_Damage_And_Serious_Injuries,44.6575342465753,12,3,72.5159525979946,0.378139920663541,82.23,3,38140.7981125223,1,0.189891852323305,1655
Minor_Damage_And_Injuries,52.7397260273972,13,5,58.2953509571559,0.287263613415074,77.16,1,26210.1922272661,3,0.957561433696264,1664
Significant_Damage_And_Serious_Injuries,57.1689497716895,8,3,69.8723792160438,0.381746123332131,77.91,5,28602.6042861829,1,0.018765800313265,7063
Minor_Damage_And_Injuries,70.5022831050228,7,30,67.0464904284412,0.557368193292463,83.13,5,28354.1216769969,0,0.0186972981750902,910
Significant_Damage_And_Serious_Injuries,59.3150684931507,11,1,54.922515952598,0.392564731337901,86.42,7,31869.3979705955,1,0.00282237165175104,3544
Minor_Damage_And_Injuries,41.0045662100457,16,5,58.8422971741112,0.388237288135593,79.72,3,51754.9703998605,3,0.26381468661784,11592
Highly_Fatal_And_Damaging,33.972602739726,11,22,60.0273473108478,0.448460872701046,78.64,4,32746.0286654764,1,0.0601777442176999,9263
Minor_Damage_And_Injuries,33.5616438356164,18,12,54.5578851412944,0.293033537684818,81.49,3,35893.8768089408,1,0.179225376528475,8927
Highly_Fatal_And_Damaging,74.703196347032,6,1,52.461257976299,0.313228272628922,79.19,6,26685.2963627824,2,0.00698356559553839,4488
Significant_Damage_And_Fatalities,30.3196347031963,12,0,54.3755697356427,0.527797331410025,78.63,4,29502.7634210532,2,0.0535933280335573,9673
Significant_Damage_And_Serious_Injuries,54.5205479452055,9,1,66.362807657247,0.368763793725207,75.27,3,33573.2699399035,2,0.167541354018373,5483
Significant_Damage_And_Fatalities,41.0045662100457,9,7,41.02096627165,0.42898737829066,81.62,4,35698.6267800021,1,0.0651636744257849,10768
Highly_Fatal_And_Damaging,19.1780821917808,16,10,68.5050136736554,0.388237288135593,80.7,7,34441.4209583703,3,0.00333988647036586,7094
Highly_Fatal_And_Damaging,32.1461187214612,12,10,85.5970829535096,0.312146411828345,87.86,4,41697.1749234405,4,0.075850778236244,12462
Significant_Damage_And_Fatalities,60.5479452054795,14,25,70.1002734731085,0.337029210241615,75.02,7,43511.6289698122,1,0.00415812411290623,8642
Significant_Damage_And_Fatalities,67.9452054794521,12,2,75.3418413855971,0.243989181391994,82.15,7,42650.2691402097,1,0.00397253120656083,5487
Highly_Fatal_And_Damaging,22.648401826484,15,25,91.1121239744758,0.257692751532636,78.73,1,34035.0816055846,3,1.25721259834829,2761
Highly_Fatal_And_Damaging,17.4429223744292,16,3,68.6417502278943,0.174750090155067,82.75,1,24534.8445012301,2,0.890281948019857,7259
Significant_Damage_And_Serious_Injuries,43.607305936073,12,2,43.8468550592525,0.413120086548864,75.98,3,24707.1969908956,2,0.122682626056329,5484
Significant_Damage_And_Fatalities,46.8949771689498,18,11,37.9671832269827,0.399416516408222,76.34,4,14139.9067872575,2,0.0277814772558509,3826
Significant_Damage_And_Fatalities,56.7123287671233,15,7,57.9762989972653,0.393285971871619,78.7,7,50201.5005708721,2,0.00472973490555168,11155
Significant_Damage_And_Serious_Injuries,33.9269406392694,15,0,58.2953509571559,0.46865560764515,76.07,7,32785.6459081019,2,0.00321413669890381,8795
Minor_Damage_And_Injuries,41.324200913242,16,7,61.7137648131267,0.237858636855391,77.74,2,31251.8348373608,2,0.423475054314669,7405
Significant_Damage_And_Serious_Injuries,38.675799086758,13,11,61.0300820419326,0.465770645510278,76.8,3,49341.2232208618,3,0.24511840979654,4230
Minor_Damage_And_Injuries,65.9817351598173,9,5,68.4594348222425,0.416005048683736,83.36,2,27154.0852458968,3,0.367490581778457,12142
Significant_Damage_And_Serious_Injuries,39.1324200913242,13,0,76.7547857793984,0.346405337179949,79.03,6,40619.7789673451,5,0.0103007561471358,1280
Highly_Fatal_And_Damaging,46.2100456621004,8,29,63.126709206928,0.392204111071042,77.39,4,58297.4802661454,2,0.11442122995123,1091
Significant_Damage_And_Fatalities,55.0228310502283,15,2,67.6390154968095,0.255889650198341,77.99,6,23665.6603699134,1,0.00627654085155748,1394
Minor_Damage_And_Injuries,38.4474885844749,17,3,67.1376481312671,0.414923187883159,81.09,4,47101.4857514357,4,0.0867471686429157,4406
Significant_Damage_And_Serious_Injuries,57.1232876712329,8,19,64.9954421148587,0.38931914893617,86.43,3,30641.6477227636,3,0.153207762165885,9405
Significant_Damage_And_Serious_Injuries,41.6438356164383,13,9,65.2689152233364,0.225958168049044,79.89,6,27255.6195552223,2,0.00687215599404899,7696
Highly_Fatal_And_Damaging,46.027397260274,8,0,58.5232452142206,0.470458708979445,79.69,5,36884.0023856598,2,0.0252521458935222,8857
Significant_Damage_And_Serious_Injuries,28.4931506849315,16,17,60.3008204193255,0.387876667868734,80.39,3,22341.0969991425,2,0.111229772370939,4658
Minor_Damage_And_Injuries,50.5022831050228,13,3,84.0929808568824,0.25985647313379,84.4,2,50545.0702257023,2,0.691152160528896,10726
Significant_Damage_And_Serious_Injuries,34.9315068493151,14,5,62.0783956244303,0.33883231157591,78.31,3,33651.5805229688,1,0.168314610673458,11104
Minor_Damage_And_Injuries,66.5753424657534,5,3,50.5925250683683,0.476949873782906,80.17,2,31738.5463084419,1,0.428493550267488,667
Significant_Damage_And_Fatalities,67.6712328767123,12,3,72.2880583409298,0.339914172376487,81.46,4,12666.7712047322,3,0.0224178241914354,1062
Highly_Fatal_And_Damaging,54.4292237442922,16,0,53.2360984503191,0.39292535160476,76.79,5,29213.8409826863,3,0.0199959371191929,5316
Minor_Damage_And_Injuries,65.4337899543379,9,0,76.4813126709207,0.455673278038226,78.52,5,30982.4858135607,3,0.0195855691124162,8683
Minor_Damage_And_Injuries,36.4840182648402,17,2,69.0063810391978,0.460000721240533,81.42,2,36933.8446810816,2,0.500932953505752,2727
Minor_Damage_And_Injuries,40.1826484018265,16,2,59.9361896080219,0.453509556437072,80.25,6,34587.8862136885,3,0.00890099870458009,290
Highly_Fatal_And_Damaging,24.0639269406393,14,7,71.0574293527803,0.350011539848539,76.36,4,17717.0226036745,2,0.0317004518773675,5441
Significant_Damage_And_Serious_Injuries,46.1643835616438,11,4,73.8833181403829,0.214418319509556,81.1,3,39961.8207622236,1,0.198336004530739,9677
Significant_Damage_And_Serious_Injuries,29.3150684931507,16,3,80.5378304466728,0.346765957446808,81.85,6,15487.5322673657,2,0.0035568774101538,741
Highly_Fatal_And_Damaging,21.2328767123288,15,3,71.0118505013674,0.240022358456545,81.87,4,39835.7183100935,4,0.0723885206448047,410
Highly_Fatal_And_Damaging,28.2191780821918,13,20,61.485870556062,0.448460872701046,78.66,1,43221.1122552617,1,1.59001586232739,141
Significant_Damage_And_Serious_Injuries,36.5296803652968,14,1,78.8058340929809,0.298442841687703,80.06,3,33701.3739418717,2,0.167563588643247,4454
Significant_Damage_And_Serious_Injuries,32.8310502283105,15,7,74.2935278030994,0.304573386224305,78.54,1,40538.7808167345,3,1.5017863496592,2238
Significant_Damage_And_Fatalities,1.14155251141552,20,0,49.6353691886965,0.470458708979445,78.73,4,39366.3183285366,5,0.0713728148247185,3004
Highly_Fatal_And_Damaging,45.1598173515982,8,6,74.5214220601641,0.478392354850342,79.53,4,44417.4070439481,2,0.0823334066315181,5091
Significant_Damage_And_Serious_Injuries,36.1187214611872,14,1,64.4940747493163,0.386434186801298,75.4,4,18869.5876217835,3,0.0344640314807206,8763
Significant_Damage_And_Serious_Injuries,40.8219178082192,13,1,64.3573381950775,0.30313090515687,76.04,3,35490.4760411693,2,0.177215690226313,11916
Significant_Damage_And_Fatalities,35.9817351598173,11,6,54.876937101185,0.478392354850342,81.05,1,30513.4373016453,3,1.12357269184968,5228
Significant_Damage_And_Fatalities,33.1963470319635,11,1,41.4311759343665,0.457115759105661,79.22,4,24865.1960841046,1,0.0451516518630109,7441
Significant_Damage_And_Serious_Injuries,24.703196347032,18,0,77.7575205104832,0.452067075369635,78.54,3,40580.037740715,3,0.200477177659557,8201
Highly_Fatal_And_Damaging,52.7397260273972,6,3,57.5205104831358,0.402301478543094,80.55,5,29322.7881463054,3,0.0195855691124162,4164
Highly_Fatal_And_Damaging,18.5388127853881,16,7,62.6253418413856,0.314670753696357,77.53,6,24144.0115271371,3,0.00618103685986279,7332
Minor_Damage_And_Injuries,42.283105022831,12,8,54.9680948040109,0.362633249188604,78.09,1,28433.3299479963,1,1.04519049130943,3200
Significant_Damage_And_Serious_Injuries,69.9086757990868,8,2,56.7000911577028,0.517339343671114,79.21,6,38888.7530091818,2,0.00945681285940533,11284
Minor_Damage_And_Injuries,43.607305936073,12,5,40.2917046490429,0.692240173097728,82.58,3,32986.7833036824,3,0.16396237774711,4125
Significant_Damage_And_Serious_Injuries,22.8310502283105,18,14,65.9070191431176,0.387876667868734,81.44,6,37241.4014656805,1,0.00914221605107202,10398
Minor_Damage_And_Injuries,58.0365296803653,11,10,64.5852324521422,0.388237288135593,83.01,2,36844.4611648139,2,0.50266644592326,3080
Highly_Fatal_And_Damaging,58.1278538812785,11,0,54.9680948040109,0.384991705733862,80.13,3,12320.2835343692,2,0.0627235617216595,10764
Highly_Fatal_And_Damaging,29.7260273972603,13,19,87.5569735642662,0.21658204111071,77.33,7,30357.9858281984,4,0.00266007015636225,9362
Minor_Damage_And_Injuries,46.4383561643836,11,6,39.8814949863264,0.458918860439956,76.05,3,29347.2823922561,1,0.145942988462053,1905
Significant_Damage_And_Serious_Injuries,51.5525114155251,10,0,60.3463992707384,0.444133429498738,87.43,5,20265.0426177619,2,0.0139893150588248,9959
Minor_Damage_And_Injuries,48.9954337899543,14,2,69.9179580674567,0.37489433826181,77.32,3,31151.7511553384,4,0.154517428712914,2507
Highly_Fatal_And_Damaging,22.7397260273973,14,7,73.4275296262534,0.23461305445366,81.03,4,36453.5450127801,2,0.0659522021298071,7229
Significant_Damage_And_Serious_Injuries,16.1187214611872,20,19,74.2023701002735,0.206484673638658,76.8,3,30476.691698662,3,0.15193198627823,3986
Significant_Damage_And_Serious_Injuries,52.1461187214612,9,3,93.1175934366454,0.185208077893978,78.6,4,32932.7239225323,3,0.0602996807903959,5310
Highly_Fatal_And_Damaging,34.337899543379,11,4,88.6508659981769,0.226679408582762,78.18,4,53915.3329941275,1,0.100005416841789,7699
Significant_Damage_And_Fatalities,40.1826484018265,10,8,54.9680948040109,0.240382978723404,87.06,4,28377.2499381451,3,0.0519373150685612,6550
Minor_Damage_And_Injuries,54.2465753424657,12,1,78.6235186873291,0.390761630003606,87.51,2,35859.4447962179,2,0.485116943649484,1332
Highly_Fatal_And_Damaging,32.5114155251142,12,16,64.2661804922516,0.368763793725207,77.39,4,36838.8109461688,2,0.0672593000875387,2628
Minor_Damage_And_Injuries,38.2648401826484,17,0,76.5724703737466,0.215500180310133,76.8,5,21954.4716580689,2,0.0142168823219349,1228
Highly_Fatal_And_Damaging,45.7077625570776,15,2,52.506836827712,0.433314821492968,76.78,2,40868.6537866347,1,0.553097083571328,6932
Significant_Damage_And_Fatalities,44.7945205479452,8,12,52.9170464904284,0.366960692390912,77.25,1,23171.5450883006,3,0.844304691873286,2810
Highly_Fatal_And_Damaging,27.8995433789954,13,0,61.2579762989973,0.380303642264695,76.51,3,29969.7483833104,3,0.149082972484455,5298
Significant_Damage_And_Serious_Injuries,62.6940639269406,6,5,78.0309936189608,0.414201947349441,78.47,2,19380.3444367151,3,0.256113629626921,9922
Significant_Damage_And_Serious_Injuries,37.8082191780822,14,0,74.7493163172288,0.251922827262892,77.07,3,37178.3769732465,3,0.184826859556648,1808
Highly_Fatal_And_Damaging,15.662100456621,17,3,68.4594348222425,0.308540209159754,81.36,4,18000.5056289736,2,0.0320805077660302,11433
Minor_Damage_And_Injuries,38.4474885844749,17,6,69.4165907019143,0.298803461954562,76.62,2,47572.0590615232,1,0.641805738503765,11401
Highly_Fatal_And_Damaging,48.2648401826484,7,6,82.9535095715588,0.484522899386945,78.47,2,28523.7110261133,3,0.385110181691383,2318
Significant_Damage_And_Fatalities,64.8858447488584,13,19,64.6763901549681,0.339192931842769,87.89,7,50549.5900345376,3,0.00436632490027057,10922
Highly_Fatal_And_Damaging,21.0045662100457,15,1,80.6289881494986,0.308900829426614,78.84,4,23639.8520973668,3,0.0438556546147655,10477
Minor_Damage_And_Injuries,48.2191780821918,14,6,85.7793983591614,0.317916336098088,82.09,6,25820.201823365,3,0.00635324102899546,1115
Highly_Fatal_And_Damaging,28.7214611872146,13,6,62.5341841385597,0.383909844933285,78.66,5,37519.0138460733,2,0.0246728286495614,3242
Highly_Fatal_And_Damaging,35.4337899543379,11,14,73.4275296262534,0.222351965380454,82.07,6,37066.9622418898,2,0.0083982544312787,7591
Minor_Damage_And_Injuries,42.283105022831,12,11,50.8659981768459,0.493899026325279,82.25,3,30810.90656482,1,0.152703287141862,4173
Minor_Damage_And_Injuries,47.4885844748858,11,9,56.9279854147676,0.405907681211684,86.42,2,41094.8386139529,3,0.556857560648621,591
Highly_Fatal_And_Damaging,43.7442922374429,9,3,83.7739288969918,0.228843130183916,79.48,4,40745.7685865635,2,0.0743977203306093,8446
Highly_Fatal_And_Damaging,36.4383561643836,10,7,74.2935278030994,0.283657410746484,81.76,4,22918.5602543458,0,0.0427579131486447,1368
Highly_Fatal_And_Damaging,25.662100456621,14,1,91.79580674567,0.238940497655968,81.94,4,54601.1075285512,0,0.100579962364862,10424
Highly_Fatal_And_Damaging,48.4474885844749,7,2,59.6171376481313,0.324768121168409,82.04,4,37435.1456158357,2,0.0688120785579381,11985
Significant_Damage_And_Fatalities,58.9954337899543,14,5,57.8395624430264,0.388237288135593,79.78,7,28891.4980176386,2,0.00276891772395961,1728
Highly_Fatal_And_Damaging,1.14155251141552,20,1,67.7301731996354,0.199632888568337,77.03,7,29368.5496527533,0,0.00289262146645542,11160
Significant_Damage_And_Fatalities,39.7260273972603,10,0,53.5095715587967,0.395089073205914,80.84,2,30028.2840811135,3,0.405867133723055,5500
Highly_Fatal_And_Damaging,39.8173515981735,10,6,58.5232452142206,0.304573386224305,83.44,4,32020.8712401908,2,0.0594145703785473,1089
Significant_Damage_And_Fatalities,63.1963470319635,13,8,67.8669097538742,0.345684096646231,78.5,2,45878.8795912215,3,0.628574319565372,11238
Minor_Damage_And_Injuries,31.7351598173516,15,0,54.6490428441203,0.456033898305084,81.74,1,44135.7042932746,3,1.59744114351771,5616
Significant_Damage_And_Fatalities,50.2739726027397,16,0,70.6016408386509,0.36046952758745,83.5,7,54279.8866136332,1,0.0044289702451501,5440
Highly_Fatal_And_Damaging,65.7990867579909,9,15,54.2388331814038,0.462164442841687,78.79,2,37908.0818850219,3,0.513814376738229,705
Significant_Damage_And_Serious_Injuries,49.1780821917808,10,5,67.3199635369189,0.416005048683736,78.54,6,27776.6103421415,2,0.0067000798171221,4149
Highly_Fatal_And_Damaging,38.4474885844749,17,9,52.3245214220602,0.424659935088352,79.39,2,39434.2561052846,2,0.533684621923382,11776
Significant_Damage_And_Serious_Injuries,51.4155251141552,9,4,71.3764813126709,0.227040028849621,79.22,5,31149.0488689414,3,0.0204097469183588,6399
Significant_Damage_And_Fatalities,58.8584474885845,14,9,78.5323609845032,0.308900829426614,79.99,2,33844.0986251459,3,0.46024803731341,8680
Significant_Damage_And_Fatalities,25.296803652968,14,0,48.5870556061987,0.641753335737468,79.03,2,22332.0856885042,2,0.302231914191802,8801
Significant_Damage_And_Serious_Injuries,18.675799086758,19,8,69.7356426618049,0.329456184637577,77.02,3,38634.4918369471,1,0.192469683150883,11604
Minor_Damage_And_Injuries,38.7214611872146,13,0,56.1531449407475,0.556646952758745,77.19,3,33315.568355075,4,0.165002363929807,6133
Significant_Damage_And_Serious_Injuries,38.7671232876712,14,0,73.0628988149499,0.201435989902632,85.28,6,22199.1464356491,1,0.00566677045077366,1107
Minor_Damage_And_Injuries,51.0502283105023,10,0,37.8304466727438,0.605691309051569,80.09,1,45255.7007356902,3,1.70002688793202,9350
Significant_Damage_And_Serious_Injuries,20.0456621004566,19,28,71.1030082041933,0.422135593220339,80.41,3,34198.7569609193,1,0.171510133935463,2649
Minor_Damage_And_Injuries,32.648401826484,15,7,47.2196900638104,0.407710782545979,81.18,3,30205.1411058189,1,0.15173451332276,4767
Highly_Fatal_And_Damaging,33.7442922374429,11,3,60.3463992707384,0.231728092318788,77.8,4,31624.1853039844,4,0.058088147653132,4289
Minor_Damage_And_Injuries,50.2283105022831,13,0,63.5369188696445,0.417808150018031,84.8,3,17805.0105514426,1,0.088645927761521,10671
Significant_Damage_And_Fatalities,63.8812785388128,13,7,78.6235186873291,0.311064551027768,79.09,7,32690.6257735184,1,0.00321479368160568,12155
Significant_Damage_And_Fatalities,38.9041095890411,10,0,51.8231540565178,0.639950234403173,77.93,5,22131.7362773227,3,0.0152285807431387,1604
Significant_Damage_And_Serious_Injuries,54.8401826484018,9,40,73.0173199635369,0.467213126577713,79.42,7,42049.7757475593,2,0.0042445268454015,11013
Highly_Fatal_And_Damaging,60.1826484018265,14,22,48.8149498632635,0.638147133068878,78.91,2,39313.0059564466,2,0.533890828441657,11350
Significant_Damage_And_Fatalities,44.2009132420091,18,1,52.8714676390155,0.328374323837,81.46,3,25852.3581994082,3,0.128711312514445,1026
Highly_Fatal_And_Damaging,44.4292237442922,15,8,54.876937101185,0.309982690227191,80.95,2,22381.0528939519,2,0.303007316955657,10330
Highly_Fatal_And_Damaging,29.8630136986301,12,2,67.0464904284412,0.462885683375405,79.61,2,35004.0541195592,1,0.473371436510231,11442
Significant_Damage_And_Serious_Injuries,45.7534246575342,11,29,72.2880583409298,0.215860800576992,80.65,5,28923.9002638104,1,0.0198897526403846,4930
Highly_Fatal_And_Damaging,27.8995433789954,13,5,66.9097538742024,0.355420843851424,79.61,4,35662.4808598967,2,0.0656325412261426,1865
Significant_Damage_And_Serious_Injuries,44.703196347032,12,4,73.9288969917958,0.335586729174179,79.97,1,33218.1702466833,4,1.22554324235319,3716
Significant_Damage_And_Serious_Injuries,40.3196347031963,13,9,83.59161349134,0.255529029931482,78.31,6,38642.6410744549,0,0.00955562241640058,5395
Significant_Damage_And_Serious_Injuries,34.7488584474886,14,4,62.0783956244303,0.493899026325279,83.19,1,23728.3517080817,3,0.875036655691784,3194
Significant_Damage_And_Serious_Injuries,65.8904109589041,5,2,58.20419325433,0.526354850342589,83.42,7,25173.3281205107,3,0.00209293652588338,3611
Minor_Damage_And_Injuries,43.7899543378995,15,6,76.7092069279854,0.215500180310133,78.08,4,22004.4704078618,3,0.0405516045635434,1218
Significant_Damage_And_Fatalities,26.2100456621005,14,7,50.8659981768459,0.527076090876307,77.75,4,20719.4930758841,2,0.0373266614318475,499
Minor_Damage_And_Injuries,27.4885844748858,20,2,75.2506836827712,0.242907320591417,79.6,4,23049.1459255511,0,0.0423343749014067,6713
Minor_Damage_And_Injuries,47.9908675799087,14,19,62.306289881495,0.462164442841687,81.43,2,28957.808823458,1,0.391182535671112,10714
Highly_Fatal_And_Damaging,62.7853881278539,10,4,56.0164083865087,0.456033898305084,84.41,3,7330.43313913308,3,0.0476009651917602,8971
Significant_Damage_And_Fatalities,35.0684931506849,11,7,50.7748404740201,0.562777497295348,87,4,22678.6809668713,0,0.0416431368464319,8764
Highly_Fatal_And_Damaging,15.1598173515982,17,22,61.3491340018232,0.263823296069239,76.74,1,31392.4428814713,0,1.1631821282771,6536
Significant_Damage_And_Fatalities,27.8082191780822,13,1,50.1367365542388,0.57648106743599,78.51,1,35861.4183500678,2,1.31926785422382,9657
Highly_Fatal_And_Damaging,33.7899543378995,11,2,73.6098450319052,0.394728452939055,81.76,1,33951.8558365343,4,1.25721259834829,1981
Significant_Damage_And_Serious_Injuries,53.7442922374429,9,6,91.3855970829535,0.168980165885323,77.53,3,18110.9171033295,2,0.0899116479698208,1451
Highly_Fatal_And_Damaging,29.1780821917808,13,4,82.3154056517776,0.174389469888207,82.43,4,35236.6318842485,1,0.0643079310837254,608
Highly_Fatal_And_Damaging,29.1324200913242,13,11,75.7520510483136,0.339192931842769,84.96,4,23459.1137230837,4,0.0434717134034317,3504
Highly_Fatal_And_Damaging,68.9954337899543,11,10,54.0565177757521,0.605691309051569,82.25,2,31738.5463084419,1,0.429074922493588,9145
Minor_Damage_And_Injuries,42.5114155251142,16,0,64.4940747493163,0.354699603317706,76.36,2,38079.8427477091,3,0.515462917300368,6193
Significant_Damage_And_Serious_Injuries,57.3972602739726,8,16,78.4412032816773,0.276084385142445,80.01,6,40413.0386474199,2,0.00961789780026553,752
Highly_Fatal_And_Damaging,43.1963470319635,15,2,38.3318140382862,0.759315542733501,80.47,7,35769.9337769873,1,0.00301938466033513,3755
Significant_Damage_And_Serious_Injuries,55.0228310502283,9,15,64.0838650865998,0.27788748647674,81.04,7,15738.4878024104,3,0.00136724003230083,349
Minor_Damage_And_Injuries,40.4566210045662,16,2,58.7055606198724,0.4145625676163,82.22,2,48162.8722893482,2,0.650803040016768,1379
Highly_Fatal_And_Damaging,25.5707762557078,14,8,83.3637192342753,0.29555787955283,82.16,1,29715.3910975432,2,1.08269875185483,5685
Highly_Fatal_And_Damaging,28.2191780821918,13,0,83.8195077484048,0.185208077893978,82.49,7,32693.5776946736,2,0.00296137262935768,8131
Minor_Damage_And_Injuries,19.5433789954338,19,5,52.5524156791249,0.638507753335737,80.65,3,35892.7983397101,3,0.179246049162375,7766
Minor_Damage_And_Injuries,50.365296803653,13,5,58.3865086599818,0.416005048683736,80.81,1,26565.0475824998,2,0.972402662659163,12114
Highly_Fatal_And_Damaging,16.8036529680365,16,16,67.7301731996354,0.505078254597908,81.18,2,30757.5517000084,2,0.416258197098539,1281
Highly_Fatal_And_Damaging,2.64840182648402,23,5,60.9845031905196,0.275363144608727,87.11,4,26418.0517976765,1,0.0482410618460628,1484
Minor_Damage_And_Injuries,33.7899543378995,15,2,54.9680948040109,0.372009376126938,81.71,2,44363.1891191291,1,0.600082621498808,3885
Significant_Damage_And_Fatalities,76.1187214611872,9,6,67.4111212397448,0.463246303642264,86.47,7,29171.2113721281,3,0.00285419654463286,11042
Significant_Damage_And_Serious_Injuries,43.4703196347032,12,3,82.0419325432999,0.317195095564371,78.36,3,40088.6022764906,2,0.198336004530739,1683
Significant_Damage_And_Serious_Injuries,38.8584474885845,13,23,71.6955332725615,0.205042192571222,81.29,5,31424.3927488377,2,0.0223033361226062,10246
Significant_Damage_And_Serious_Injuries,47.1689497716895,11,7,69.9179580674567,0.349290299314821,79.4,3,32679.287055112,0,0.16129916257788,3171
Significant_Damage_And_Fatalities,16.4840182648402,16,16,45.5332725615314,0.496783988460151,77.56,1,20937.4352156767,1,0.771558067118472,673
Minor_Damage_And_Injuries,50.7305936073059,13,0,68.4594348222425,0.399777136675081,79.61,1,33501.2328039891,2,1.23245464619173,3654
Highly_Fatal_And_Damaging,27.4885844748858,13,3,61.2123974475843,0.369124413992066,78.66,4,21330.2737940527,1,0.0387908818557251,11099
Highly_Fatal_And_Damaging,49.1780821917808,7,7,65.6335460346399,0.530682293544897,84.14,3,32578.5943530981,2,0.161430274694412,1510
Highly_Fatal_And_Damaging,35.1598173515982,11,1,78.8969917958068,0.20576343310494,76.8,6,22834.1486913392,3,0.00538399196490689,1697
Significant_Damage_And_Fatalities,72.0091324200913,10,4,75.7976298997265,0.325849981968986,82.15,7,37242.7749066967,2,0.00336390699429747,4974
Significant_Damage_And_Fatalities,73.607305936073,10,19,71.4676390154968,0.388958528669311,76.56,7,42910.6380157239,1,0.0039729318398627,9425
Significant_Damage_And_Serious_Injuries,50.5022831050228,10,2,63.9927073837739,0.24543166245943,78.94,3,41385.3685846249,2,0.205700937392858,10322
Highly_Fatal_And_Damaging,12.9680365296804,18,2,70.5560619872379,0.324046880634692,76,4,22656.980469107,2,0.0419768073468294,5854
Minor_Damage_And_Injuries,36.62100456621,14,5,41.6134913400182,0.558089433826181,84.94,6,30889.1456903206,2,0.00811692898317286,8577
Significant_Damage_And_Fatalities,47.5342465753425,17,1,68.5050136736554,0.638147133068878,79.81,7,37921.073992065,4,0.00356776833668411,2536
Significant_Damage_And_Fatalities,56.4840182648402,15,0,67.6390154968095,0.507602596465921,76.41,5,39083.4123264333,2,0.0257192489346566,2561
Minor_Damage_And_Injuries,38.0365296803653,17,2,63.5824977210575,0.453509556437072,81.42,5,19433.6327994899,2,0.0128700652295364,8492
Significant_Damage_And_Serious_Injuries,26.3013698630137,17,26,72.5615314494075,0.38571294626758,78.56,3,32099.6049465887,2,0.160120932295153,941