Severity,Safety_Score,Days_Since_Inspection,Total_Safety_Complaints,Control_Metric,Turbulence_In_gforces,Cabin_Temperature,Accident_Type_Code,Max_Elevation,Violations,Adverse_Weather_Metric,Accident_ID
Minor_Damage_And_Injuries,3.28767123287671,21,8,67.4111212397448,0.42177497295348,77.22,4,29968.1253284843,3,0.0550271229181054,5859
Highly_Fatal_And_Damaging,23.8356164383562,14,2,72.7438468550593,0.233531193653083,77.08,4,32944.3336789672,4,0.059734503402076,2525
Significant_Damage_And_Serious_Injuries,40.6392694063927,13,11,63.3546034639927,0.298442841687703,79.9,3,34937.2262229177,1,0.174856048709027,10626
Minor_Damage_And_Injuries,55.4337899543379,12,8,65.7247037374658,0.540058420483231,78.31,6,60252.1633694687,1,0.0150402899314281,6046
Significant_Damage_And_Serious_Injuries,18.9497716894977,19,3,59.9817684594348,0.471179949513162,80.13,3,39951.8232283986,3,0.199585420560171,2962
Highly_Fatal_And_Damaging,39.7260273972603,10,0,72.151321786691,0.2061240533718,79.25,4,22172.7226577113,2,0.0404193589227867,11863
Highly_Fatal_And_Damaging,30.5936073059361,13,4,77.7575205104832,0.32116191849982,77.4,1,31763.1463568528,4,1.17221429563847,3174
Highly_Fatal_And_Damaging,20.5479452054795,15,5,81.3582497721058,0.201075369635773,77.1,6,35236.6318842485,2,0.00850597118339987,6160
Minor_Damage_And_Injuries,48.4931506849315,14,4,66.9097538742024,0.450263974035341,76.92,4,42708.8544741583,2,0.0791311957739559,5792
Significant_Damage_And_Serious_Injuries,29.4063926940639,16,19,87.5569735642662,0.302409664623152,82.37,6,26959.5819051962,0,0.00656903894305681,9473
Minor_Damage_And_Injuries,27.2602739726027,20,8,72.6526891522334,0.312146411828345,80.26,1,28770.8750092367,2,1.05753731287411,3884
Significant_Damage_And_Serious_Injuries,37.9908675799087,13,1,79.1704649042844,0.229203750450775,77.89,3,26032.9419014836,1,0.128131027077609,181
Significant_Damage_And_Fatalities,40,10,1,53.5095715587967,0.245792282726289,78.06,1,18614.2680854717,2,0.685290136584357,2663
Highly_Fatal_And_Damaging,29.0867579908676,13,11,69.9635369188697,0.261659574468085,86.57,4,17948.525064643,1,0.0311584829016707,4799
Significant_Damage_And_Serious_Injuries,18.675799086758,19,1,59.9817684594348,0.471179949513162,80.6,6,44313.057976137,2,0.0109988106068976,11380
Minor_Damage_And_Injuries,61.4155251141552,10,0,70.3281677301732,0.237137396321673,76.45,4,24386.649921265,1,0.044555720248319,7474
Minor_Damage_And_Injuries,32.648401826484,15,1,35.6882406563355,0.611100613054453,82.2,7,13528.4162077142,2,0.000502774012041536,2225
Significant_Damage_And_Fatalities,75.4337899543379,9,1,74.1567912488605,0.402662098809953,79.43,5,23692.0970279195,2,0.0157543917646869,6977
Minor_Damage_And_Injuries,45.0684931506849,11,0,51.3673655423883,0.539697800216372,80.78,6,32732.6183611824,3,0.00797271379377732,5352
Minor_Damage_And_Injuries,41.9178082191781,12,4,51.2762078395624,0.510848178867652,77.67,3,27780.3160869946,2,0.137228468937994,4814
Significant_Damage_And_Serious_Injuries,62.1004566210046,14,5,52.5979945305378,0.456033898305084,74.82,7,43447.1518302216,2,0.00400045874080407,4908
Significant_Damage_And_Serious_Injuries,49.8173515981735,10,7,68.7784867821331,0.200354129102055,78.11,6,48088.2017203851,4,0.0119400602625915,8738
Highly_Fatal_And_Damaging,39.634703196347,10,18,59.4348222424795,0.419611251352326,82.8,1,10730.4301304362,0,0.202495647194575,8272
Significant_Damage_And_Fatalities,60.5479452054795,14,1,89.5168641750228,0.217663901911287,78.5,7,44434.0871487718,3,0.00379148821705227,586
Minor_Damage_And_Injuries,54.0639269406393,12,8,57.5205104831358,0.284739271547061,76.35,5,43870.357040907,2,0.0298117966425456,10059
Minor_Damage_And_Injuries,61.324200913242,10,1,65.3600729261623,0.54763144608727,82.19,2,32702.1479935482,2,0.444536318527391,9621
Minor_Damage_And_Injuries,45.4337899543379,15,1,72.8350045578852,0.259135232600072,85.61,5,41247.2138694394,3,0.0273062158003251,1633
Significant_Damage_And_Serious_Injuries,38.675799086758,14,2,68.049225159526,0.311064551027768,79.81,6,20231.0982565313,2,0.00530521382185971,11880
Significant_Damage_And_Serious_Injuries,29.0867579908676,16,14,61.3947128532361,0.386073566534439,78.32,3,24750.8715934395,2,0.121638567542421,10873
Highly_Fatal_And_Damaging,35.4337899543379,11,34,65.4056517775752,0.254807789397764,81.28,2,23362.5382988508,4,0.318224181847226,1834
Minor_Damage_And_Injuries,50.7762557077626,13,8,70.4193254329991,0.572153624233682,77.61,7,25200.2492305379,3,0.00235400933088621,12344
Significant_Damage_And_Fatalities,63.1963470319635,13,16,64.4484958979034,0.414923187883159,78.85,3,26319.2897654992,2,0.131215115356971,8824
Significant_Damage_And_Fatalities,40.7305936073059,9,1,53.7830446672744,0.572153624233682,79.53,4,26164.096240265,1,0.0479837060862173,9205
Significant_Damage_And_Fatalities,42.1004566210046,20,9,82.8623518687329,0.257332131265777,76.97,2,13214.8518929535,3,0.185368697694047,4937
Highly_Fatal_And_Damaging,12.1917808219178,18,4,61.3035551504102,0.395089073205914,82.39,5,25175.0086940981,0,0.0170823495653645,748
Highly_Fatal_And_Damaging,13.37899543379,18,1,53.7374658158614,0.273199423007573,75.61,2,28475.1600066966,1,0.385350791346705,2997
Significant_Damage_And_Serious_Injuries,49.0867579908676,10,1,64.9954421148587,0.175471330688784,77.3,3,29944.115484551,3,0.149511410661996,7299
Highly_Fatal_And_Damaging,37.3972602739726,11,0,67.3199635369189,0.219827623512441,76.33,4,40589.5179998994,2,0.074467291238389,12452
Significant_Damage_And_Serious_Injuries,32.0547945205479,15,20,61.5770282588879,0.366960692390912,78.12,6,45004.0013982202,1,0.0116764435606435,10561
Significant_Damage_And_Serious_Injuries,72.3744292237443,9,1,37.2835004557886,0.602806346916697,79.6,7,29656.9767538356,1,0.00259527340882501,10184
Highly_Fatal_And_Damaging,30.3196347031963,12,6,66.6818596171377,0.304212765957447,79.68,3,40973.9095182754,3,0.205151045690906,9660
Significant_Damage_And_Fatalities,26.7123287671233,13,1,48.8149498632635,0.520945546339704,81.05,4,32732.6183611824,2,0.0604465525608029,5856
Significant_Damage_And_Serious_Injuries,62.1004566210046,14,0,45.6244302643574,0.52238802740714,79.22,7,29656.9767538356,0,0.00285586076405534,3890
Minor_Damage_And_Injuries,41.9178082191781,12,1,35.8249772105743,0.88192643346556,82.45,2,20873.6503811668,3,0.280846251085749,6753
Highly_Fatal_And_Damaging,16.1187214611872,17,12,80.2187784867822,0.483080418319509,81.82,4,19391.6963047019,2,0.0353204941879463,8911
Highly_Fatal_And_Damaging,43.6529680365297,15,2,53.0993618960802,0.439805986296429,77.35,2,47423.3860641993,1,0.642916519438549,10774
Highly_Fatal_And_Damaging,25.296803652968,14,1,76.5724703737466,0.286181752614497,87.62,3,29518.3315276388,1,0.147352118771716,6433
Highly_Fatal_And_Damaging,21.3698630136986,15,9,59.845031905196,0.382827984132708,82.39,4,34205.1278146446,2,0.0625009046598149,402
Significant_Damage_And_Serious_Injuries,41.3698630136986,13,6,61.3947128532361,0.330898665705012,77.09,3,33346.9717068899,1,0.166010239858908,9805
Highly_Fatal_And_Damaging,33.7442922374429,11,3,60.5742935278031,0.395089073205914,76.73,1,41720.1335498628,2,1.53438892314887,5225
Significant_Damage_And_Serious_Injuries,80.3196347031963,8,22,45.3965360072927,0.607133790119004,80.24,4,31898.6401662182,2,0.0583819270530569,8171
Highly_Fatal_And_Damaging,12.9223744292237,17,5,59.2980856882407,0.392204111071042,82.81,2,30757.5517000084,1,0.416258197098539,6899
Minor_Damage_And_Injuries,41.0958904109589,16,5,71.1485870556062,0.307458348359178,76.11,2,20020.2701860792,1,0.272305673247602,3497
Significant_Damage_And_Serious_Injuries,34.7488584474886,15,8,62.7164995442115,0.425020555355211,77.38,7,32624.8226188518,3,0.00301174000967889,11065
Significant_Damage_And_Fatalities,67.5342465753425,12,8,72.2880583409298,0.23100685178507,76.71,7,41428.983072818,2,0.00402538761167156,3167
Highly_Fatal_And_Damaging,52.3744292237443,9,14,91.0665451230629,0.328734944103858,80.77,3,32746.1554861564,2,0.163526332695922,5600
Significant_Damage_And_Fatalities,70.5022831050228,11,0,68.6417502278943,0.374533717994951,84.64,7,831.69555342133,2,0.0011026362175773,6538
Significant_Damage_And_Fatalities,58.8584474885845,14,2,70.6472196900638,0.386434186801298,79.89,7,28891.4980176386,3,0.00276139135868097,6923
Highly_Fatal_And_Damaging,19.2237442922374,16,7,72.151321786691,0.382827984132708,78.32,4,40491.8862409923,4,0.0735227854053321,5960
Significant_Damage_And_Serious_Injuries,48.4931506849315,10,1,73.7010027347311,0.273560043274432,81.63,3,20406.491789574,2,0.101175219064126,5400
Highly_Fatal_And_Damaging,13.6986301369863,18,17,76.0255241567913,0.309622069960331,79.63,2,35006.6478704957,2,0.475322665637944,10864
Highly_Fatal_And_Damaging,44.2009132420091,8,0,83.5460346399271,0.212254597908403,81.61,4,44941.5809825117,1,0.0824277038157889,2056
Significant_Damage_And_Fatalities,49.1780821917808,17,9,71.8778486782133,0.573596105301118,78.66,7,25824.6274374023,3,0.00238118653379434,4261
Significant_Damage_And_Serious_Injuries,43.5159817351598,12,2,58.3865086599818,0.61939487919221,83.03,3,38660.0959485539,1,0.192732679814333,7860
Minor_Damage_And_Injuries,41.9178082191781,16,3,64.4940747493163,0.243267940858276,75.14,2,35067.7050829379,1,0.473685158656965,9325
Highly_Fatal_And_Damaging,71.9178082191781,7,2,50.1367365542388,0.482719798052651,77.3,2,35000.8621054718,3,0.473728357870026,11870
Highly_Fatal_And_Damaging,28.2191780821918,13,5,65.1321786690975,0.439084745762712,79.73,4,26548.8926588994,1,0.0482410618460628,398
Significant_Damage_And_Serious_Injuries,42.4200913242009,12,9,35.2780309936189,0.705583122971511,81.11,5,46104.7029866108,1,0.0313585716185308,7426
Minor_Damage_And_Injuries,49.7716894977169,14,6,37.6481312670921,0.542582762351244,84.87,4,47124.2411106397,2,0.0867404728643644,12262
Minor_Damage_And_Injuries,48.4018264840183,11,9,55.2415679124886,0.276805625676163,79.28,2,35207.3986716271,2,0.478473145692437,10428
Minor_Damage_And_Injuries,34.0182648401826,18,8,54.5578851412944,0.371648755860079,80.67,3,33896.0232636711,1,0.168173042884736,6089
Significant_Damage_And_Serious_Injuries,42.3744292237443,12,8,62.1239744758432,0.427905517490083,81.45,6,28542.004184011,1,0.00754543847183463,8134
Highly_Fatal_And_Damaging,56.62100456621,3,12,57.5205104831358,0.620476739992787,80.91,5,36687.8536553496,2,0.0252195650776522,7942
Significant_Damage_And_Serious_Injuries,38.310502283105,13,54,73.9744758432088,0.334144248106743,77.49,3,31556.3872802864,1,0.155972033378461,10403
Highly_Fatal_And_Damaging,29.7260273972603,12,19,84.8678213309025,0.326571222502704,77.84,4,41117.873724951,1,0.0748983296849029,4485
Minor_Damage_And_Injuries,57.6712328767123,11,0,83.9106654512306,0.242907320591417,80.02,1,26920.0371752431,1,0.993891141184969,3325
Significant_Damage_And_Serious_Injuries,29.0867579908676,16,3,82.2242479489517,0.238940497655968,76.89,4,35183.5773073215,1,0.0640170538543537,1423
Significant_Damage_And_Serious_Injuries,47.5799086757991,11,9,74.6581586144029,0.224515686981608,77.91,3,28419.8873739028,1,0.143183126568889,10100
Minor_Damage_And_Injuries,45.4337899543379,11,12,55.0592525068368,0.471179949513162,80.55,6,32879.763637696,1,0.00814549614910403,2450
Minor_Damage_And_Injuries,46.8493150684931,14,4,69.8723792160438,0.430790479624955,81.43,3,56901.2286582211,3,0.27447787565096,5078
Significant_Damage_And_Serious_Injuries,27.3972602739726,17,6,71.6499544211486,0.438363505228994,81.02,6,43780.0739571033,3,0.0110794939431453,9655
Significant_Damage_And_Serious_Injuries,49.5890410958904,10,12,66.1349134001823,0.362633249188604,82.52,3,29542.2935498954,1,0.147269092453377,8647
Highly_Fatal_And_Damaging,44.4292237442922,15,1,40.2917046490429,0.409874504147133,78.91,3,40296.8160759999,3,0.202363110539689,5664
Minor_Damage_And_Injuries,46.1187214611872,15,1,57.2014585232452,0.311425171294627,81.05,2,40968.8743044528,3,0.554227832031061,5731
Significant_Damage_And_Fatalities,80.5936073059361,8,11,62.5341841385597,0.409513883880274,82.45,2,29304.8242976306,2,0.395623222652356,960
Highly_Fatal_And_Damaging,22.8767123287671,15,2,62.9443938012762,0.482359177785791,80.12,1,21441.7533147781,2,0.801345074673129,3651
Significant_Damage_And_Serious_Injuries,30.4566210045662,16,0,86.9644484958979,0.346405337179949,78.46,6,32825.2372071523,2,0.0082036562864502,2043
Significant_Damage_And_Serious_Injuries,37.7625570776256,14,4,66.5907019143118,0.460000721240533,79.45,4,29589.3854076653,3,0.0528505428278382,12430
Minor_Damage_And_Injuries,68.2648401826484,8,8,58.7967183226983,0.211172737107825,87.06,2,11360.5979176227,3,0.153524645586453,10577
Significant_Damage_And_Fatalities,62.7397260273973,13,1,87.693710118505,0.174028849621349,78.2,1,30095.00139223,5,1.10778440135055,11028
Significant_Damage_And_Serious_Injuries,33.7442922374429,15,16,62.8076572470374,0.393285971871619,78.66,3,32904.506165209,1,0.163704050839188,4648
Significant_Damage_And_Serious_Injuries,41.5525114155251,13,2,66.9553327256153,0.450263974035341,81.78,4,32791.0147436882,1,0.05994597155975,8964
Minor_Damage_And_Injuries,49.4977168949772,13,2,53.9653600729262,0.432232960692391,78.15,2,39207.8409430981,0,0.524736019890271,1181
Highly_Fatal_And_Damaging,31.8264840182648,12,1,62.8532360984503,0.312507032095204,79.14,4,30063.6622439764,1,0.0543696861900085,1446
Significant_Damage_And_Serious_Injuries,49.7260273972603,10,10,66.3172288058341,0.41095636494771,75.98,6,26277.0351261399,3,0.0065306456156929,8855
Minor_Damage_And_Injuries,44.8858447488584,15,0,60.7110300820419,0.504717634331049,76.68,4,21688.9895257797,3,0.039778086972713,7577
Highly_Fatal_And_Damaging,31.0958904109589,12,7,86.052871467639,0.296639740353408,83.01,3,23639.8520973668,2,0.117363089762599,8231
Highly_Fatal_And_Damaging,35.9817351598173,11,4,74.2935278030994,0.263823296069239,82.2,4,32729.3914910183,2,0.0600821670394064,3983
Minor_Damage_And_Injuries,35.0228310502283,14,3,54.2844120328168,0.487407861521817,79.97,2,23011.4158033695,1,0.311931453316891,5227
Highly_Fatal_And_Damaging,45.1598173515982,8,29,69.3710118505014,0.278608727010458,77.94,6,39093.6178901909,1,0.00985056613714295,2638
Significant_Damage_And_Serious_Injuries,63.972602739726,6,2,64.6308113035552,0.365518211323476,83.1,3,44792.4219458738,1,0.222453976681263,6149
Significant_Damage_And_Serious_Injuries,36.5753424657534,14,5,59.4804010938925,0.322965019834114,84.26,1,27108.1286016377,1,0.997980574484882,8422
Minor_Damage_And_Injuries,43.4703196347032,15,9,75.38742023701,0.391122250270465,75.29,4,35974.8217427248,1,0.0657919157803562,5145
Significant_Damage_And_Serious_Injuries,37.5799086757991,14,4,69.8268003646308,0.258053371799495,78.21,3,39117.4599820194,2,0.196190986200713,3249
Significant_Damage_And_Serious_Injuries,22.3287671232877,18,6,66.0437556973564,0.269953840605842,80.95,6,23183.5787772982,1,0.005098132215622,9469
Highly_Fatal_And_Damaging,21.2328767123288,15,3,71.0118505013674,0.28870609448251,75.84,4,29472.800453223,4,0.0531635622842917,6795
Minor_Damage_And_Injuries,24.6575342465753,18,11,56.8368277119417,0.408792643346556,78.49,2,32314.577381767,3,0.436765191481662,9295
Highly_Fatal_And_Damaging,47.3972602739726,7,6,61.9416590701914,0.304934006491165,79.47,4,18411.0289640045,2,0.0350890825621048,2642
Significant_Damage_And_Serious_Injuries,52.283105022831,9,0,69.0063810391978,0.394367832672196,81.57,5,36989.0802344552,4,0.0250939843420193,9398
Highly_Fatal_And_Damaging,54.4292237442922,16,33,44.8951686417502,0.621919221060224,80.9,7,43993.907529507,2,0.00411553348553787,11446
Significant_Damage_And_Serious_Injuries,45.7990867579909,11,4,81.9051959890611,0.226679408582762,80.76,3,40532.7854398732,3,0.20178360182813,7041
Highly_Fatal_And_Damaging,55.1598173515982,12,3,39.8814949863264,0.70233754056978,82.85,2,49762.7970613739,4,0.674668995640191,5480
Significant_Damage_And_Fatalities,75.5251141552511,10,1,61.2123974475843,0.368403173458348,88.57,7,9025.60454240942,5,0.00139529357099632,1587
Significant_Damage_And_Serious_Injuries,39.7260273972603,13,7,75.4785779398359,0.311064551027768,77.65,4,21554.55213466,1,0.0391679024826592,7653
Minor_Damage_And_Injuries,42.3287671232877,12,3,55.9252506836828,0.550877028489001,78.46,3,29541.1841118771,3,0.146834841957242,10666
Highly_Fatal_And_Damaging,21.2785388127854,15,11,59.845031905196,0.500029570861882,78.16,4,24759.8019662104,1,0.0452453456509353,516
Significant_Damage_And_Serious_Injuries,40.2283105022831,13,0,61.8960802187785,0.456033898305084,79.33,7,33373.0269272214,2,0.00299716120370222,10081
Significant_Damage_And_Serious_Injuries,37.5342465753425,14,9,61.8960802187785,0.453509556437072,80.52,6,30858.5431373534,1,0.00808732696138469,6525
Significant_Damage_And_Serious_Injuries,36.1643835616438,14,5,61.485870556062,0.447379011900469,82.46,1,24420.713003042,1,0.894482923105375,1654
Minor_Damage_And_Injuries,43.6986301369863,15,0,80.0364630811304,0.295197259285972,78.91,7,22214.4454585654,1,0.00166863062454567,11306
Significant_Damage_And_Serious_Injuries,48.4931506849315,10,19,64.4940747493163,0.335226108907321,81.78,3,33607.4557979406,1,0.16750355692314,5909
Highly_Fatal_And_Damaging,28.2191780821918,13,0,66.6362807657247,0.425741795888929,81.2,2,23407.410999469,2,0.316958074115973,5240
Significant_Damage_And_Serious_Injuries,31.3698630136986,15,2,69.1431175934367,0.37489433826181,80.67,3,13375.3548625214,2,0.0665379775736837,6289
Significant_Damage_And_Serious_Injuries,35.7990867579909,14,4,62.1695533272562,0.415644428416877,77.6,6,51754.9703998605,0,0.0129816301448266,5739
Significant_Damage_And_Serious_Injuries,24.2465753424658,18,6,80.4466727438469,0.350372160115398,84.33,6,36011.634543554,2,0.00914632811267066,5238
Highly_Fatal_And_Damaging,35.3881278538813,11,6,74.8860528714676,0.236776776054814,78.91,2,40754.7656202953,0,0.551419592392081,4475
Significant_Damage_And_Serious_Injuries,23.6073059360731,18,0,79.3983591613491,0.396892174540209,81.15,3,36002.5313878639,2,0.177891441142579,11859
Significant_Damage_And_Fatalities,77.9908675799087,9,12,75.8432087511395,0.197108546700325,84.8,7,38728.4865016046,2,0.00343393658306639,10680
Highly_Fatal_And_Damaging,40.2739726027397,9,6,56.7912488605287,0.375976199062387,76.95,6,37657.6872093112,1,0.0102266959448952,9277
Highly_Fatal_And_Damaging,16.2100456621005,16,33,85.4147675478578,0.421053732419762,78.37,1,12542.5506074795,1,0.387799082295146,6587
Significant_Damage_And_Serious_Injuries,31.0958904109589,16,6,65.1321786690975,0.278969347277317,86.13,6,34524.3123296038,3,0.00890099870458009,2749
Highly_Fatal_And_Damaging,28.9041095890411,13,1,40.5195989061076,0.505078254597908,80.13,3,39304.3609998045,0,0.195566783180496,2385
Significant_Damage_And_Fatalities,48.6301369863014,17,3,68.003646308113,0.452067075369635,79.81,7,23720.1789326526,4,0.00226741238790717,3599
Minor_Damage_And_Injuries,70.5479452054795,7,5,80.4010938924339,0.293394157951677,78.28,2,47433.0780312655,4,0.643975973223763,3679
Significant_Damage_And_Fatalities,64.8858447488584,13,7,60.1640838650866,0.307097728092319,77.36,7,28153.6835624095,3,0.00280722767312088,9172
Minor_Damage_And_Injuries,70,8,6,68.5050136736554,0.37489433826181,82.22,7,49898.0501197341,2,0.0044289702451501,9447
Highly_Fatal_And_Damaging,33.7899543378995,11,5,72.8805834092981,0.406989542012261,82.21,4,25564.9443067169,2,0.0471571412717711,11395
Minor_Damage_And_Injuries,65.7990867579909,9,18,65.2689152233364,0.360830147854309,77.99,2,42303.4059989138,0,0.572514343273642,5981
Significant_Damage_And_Serious_Injuries,51.1872146118721,10,15,55.6973564266181,0.502914532996754,83.6,3,24023.5877451124,3,0.119082572420123,8252
Minor_Damage_And_Injuries,33.1050228310502,18,2,61.485870556062,0.318276956364948,81.78,1,27761.9538583697,3,1.02676320216031,9644
Highly_Fatal_And_Damaging,20.5479452054795,15,0,70.5560619872379,0.241464839523981,78.16,4,35054.2608595548,1,0.0636819837649643,5596
Minor_Damage_And_Injuries,58.4931506849315,11,10,64.4940747493163,0.388237288135593,79.42,3,35167.1709289219,1,0.174017804712837,7019
Significant_Damage_And_Serious_Injuries,40.3196347031963,13,9,65.2689152233364,0.225958168049044,77.26,5,22999.9480219285,2,0.0156495657213551,10016
Significant_Damage_And_Fatalities,61.8721461187214,13,20,73.1996353691887,0.29591849981969,82.26,7,16229.7283441618,3,0.0011026362175773,9094
Highly_Fatal_And_Damaging,51.0502283105023,13,6,55.9708295350957,0.462525063108547,78.49,2,40741.8822675604,3,0.55117256042946,1911
Highly_Fatal_And_Damaging,40.7762557077626,16,1,55.1048313582498,0.307097728092319,84.67,2,44790.4443798207,3,0.602231712097975,8985
Highly_Fatal_And_Damaging,46.6666666666667,14,4,54.922515952598,0.317555715831229,79.75,3,30190.7653146865,2,0.151493600815679,8126
Minor_Damage_And_Injuries,57.5342465753425,11,11,91.3855970829535,0.162489001081861,77.91,2,12091.874378794,3,0.170460593515575,6693
Significant_Damage_And_Serious_Injuries,47.5342465753425,17,16,48.2680036463081,0.585857194374324,77.78,6,11567.0794388674,4,0.00279254182406123,2030
Highly_Fatal_And_Damaging,40.365296803653,10,7,69.1886964448496,0.24543166245943,79.37,4,48088.2017203851,1,0.0883594086111667,2560
Minor_Damage_And_Injuries,57.9908675799087,11,0,66.6362807657247,0.246513523260007,82.43,5,25842.7105033025,3,0.0163890504418398,4631
Highly_Fatal_And_Damaging,33.6073059360731,18,1,55.0136736554239,0.384631085467003,83.57,1,27379.9200368358,2,0.997980574484882,3919
Significant_Damage_And_Serious_Injuries,47.7625570776256,11,2,77.4840474020055,0.315391994230076,87.27,3,40757.3230112037,2,0.205700937392858,9070
Minor_Damage_And_Injuries,44.0182648401826,12,7,52.461257976299,0.392564731337901,81.37,6,40833.4652166856,2,0.00961789780026553,506
Highly_Fatal_And_Damaging,40.7762557077626,9,3,85.9617137648131,0.247234763793725,81.24,1,47280.0005576798,2,1.72329445619369,10019
Significant_Damage_And_Serious_Injuries,45.7534246575342,11,2,82.9079307201459,0.262380815001803,78.21,6,37541.6763730355,1,0.010121604078669,10011
Highly_Fatal_And_Damaging,53.013698630137,6,7,58.4776663628077,0.311064551027768,80.92,4,35800.9556617624,2,0.0648977629890459,2164
Highly_Fatal_And_Damaging,40.2739726027397,9,0,60.1640838650866,0.231728092318788,84.56,1,30878.7985441465,2,1.1292636605,10632
Minor_Damage_And_Injuries,53.9269406392694,12,23,61.9416590701914,0.527436711143166,77.19,7,60252.1633694687,3,0.00476454771995168,11471
Significant_Damage_And_Serious_Injuries,70.5479452054795,4,5,87.8304466727439,0.188453660295708,79.83,7,48141.3485544039,4,0.00436632490027057,4931
Significant_Damage_And_Serious_Injuries,45.5707762557078,11,0,63.7648131267092,0.417808150018031,85.06,6,29078.8571072623,0,0.00742875790392738,7238
Significant_Damage_And_Fatalities,50.2739726027397,17,0,80.1276207839562,0.358305805986296,79.67,6,28529.8656412909,1,0.00703789993713464,7115
Significant_Damage_And_Fatalities,59.3150684931507,14,1,84.5487693710119,0.309982690227191,76.3,7,15690.4942394297,2,0.00128123662337609,11629
Highly_Fatal_And_Damaging,34.6575342465753,11,5,74.7493163172288,0.300606563288856,77.69,1,30077.4161879637,1,1.10131814762192,4987
Significant_Damage_And_Serious_Injuries,27.8995433789954,17,1,57.2926162260711,0.466131265777136,80.35,7,30323.3417977417,4,0.00277618537959387,9058
Significant_Damage_And_Fatalities,70.365296803653,11,1,64.2661804922516,0.319358817165525,85.71,7,27287.7929865495,3,0.00211795865520554,3065
Minor_Damage_And_Injuries,42.1004566210046,12,12,45.6700091157703,0.350011539848539,79.12,3,23634.9170656621,2,0.116827128778597,9326
Minor_Damage_And_Injuries,51.2328767123288,13,2,64.8587055606199,0.333423007573026,78.87,2,38767.3596027457,3,0.527487410542601,6284
Minor_Damage_And_Injuries,44.4748858447489,15,0,80.0364630811304,0.262380815001803,78.03,6,34497.8835995449,2,0.00851016851792038,5940
Highly_Fatal_And_Damaging,36.1187214611872,11,3,78.0765724703738,0.20576343310494,80.24,2,30843.079330968,1,0.417407395915758,814
Highly_Fatal_And_Damaging,22.7397260273973,14,6,59.7994530537831,0.377418680129823,78.16,4,43204.1689916855,1,0.0791311957739559,1339
Highly_Fatal_And_Damaging,34.337899543379,11,8,73.6554238833182,0.405907681211684,76.74,1,41633.6539554493,3,1.53161653510559,670
Minor_Damage_And_Injuries,46.8493150684931,14,10,85.7793983591614,0.289427335016228,83.56,2,31279.2591292097,2,0.424712504159189,10567
Significant_Damage_And_Fatalities,52.3744292237443,6,12,50.6381039197812,0.354699603317706,76.3,5,43378.4381107207,1,0.0295882262366942,5143
Significant_Damage_And_Fatalities,61.7808219178082,13,13,75.7520510483136,0.39292535160476,79.18,7,45795.5029606522,4,0.0042971745609235,2607
Highly_Fatal_And_Damaging,53.0593607305936,12,1,40.8386508659982,0.538615939415795,78.4,5,38537.3634081449,0,0.0270927366444278,1937
Minor_Damage_And_Injuries,37.3059360730594,14,3,41.6134913400182,0.534288496213487,79.58,2,11344.0221880675,3,0.146846222191999,8145
Minor_Damage_And_Injuries,44.6118721461187,12,8,54.9680948040109,0.442330328164443,78.68,3,17731.5542769187,2,0.0875982172101418,9146
Minor_Damage_And_Injuries,36.4383561643836,17,2,69.0063810391978,0.333062387306166,83.25,2,36933.8446810816,3,0.498635558744046,2011
Minor_Damage_And_Injuries,57.5342465753425,11,11,61.3947128532361,0.523469888207717,78.67,2,29071.495945068,2,0.393439913783782,503
Significant_Damage_And_Serious_Injuries,44.9315068493151,11,2,73.4275296262534,0.297360980887126,79.08,6,45618.8570899891,1,0.0119468965853497,4375
Minor_Damage_And_Injuries,62.648401826484,10,15,58.7511394712853,0.467213126577713,76.13,4,26782.0242843159,2,0.0492519989432694,4843
Minor_Damage_And_Injuries,56.7123287671233,12,18,64.5852324521422,0.339192931842769,77.05,2,21213.1243663008,1,0.283595649158391,9611
Minor_Damage_And_Injuries,54.1095890410959,12,6,57.5205104831358,0.463967544175982,84.52,2,36517.8760767438,2,0.492287322989391,8978
Significant_Damage_And_Fatalities,11.8721461187215,18,1,52.8258887876026,0.638507753335737,75.98,4,36624.2796276571,1,0.0674837302135489,9555
Highly_Fatal_And_Damaging,27.9908675799087,13,10,86.9644484958979,0.143376126938334,80.98,3,29955.5307373448,2,0.149447389548586,2669
Significant_Damage_And_Fatalities,49.4520547945205,17,1,57.7484047402006,0.342799134511359,81.92,2,43971.7104530714,3,0.596791289287252,1977
Significant_Damage_And_Serious_Injuries,29.4063926940639,16,10,69.5533272561531,0.31034331049405,76.86,3,16902.3486971747,3,0.0815450263010881,8163
Highly_Fatal_And_Damaging,39.7260273972603,16,7,53.2360984503191,0.38210674359899,79.73,2,39434.2561052846,3,0.532383164557223,6141
Significant_Damage_And_Fatalities,29.7716894977169,12,1,50.1367365542388,0.503275153263613,77.83,4,29502.7634210532,4,0.0528451340525014,10193
Highly_Fatal_And_Damaging,46.62100456621,8,10,76.5724703737466,0.237137396321673,80.83,1,49358.5325672116,1,1.88294981148486,1695
Minor_Damage_And_Injuries,33.5616438356164,18,5,41.5223336371923,0.608215650919581,80.16,7,42912.5244287391,1,0.00401669100153598,2034
Significant_Damage_And_Serious_Injuries,41.1415525114155,12,2,90.154968094804,0.286902993148215,77.73,3,43569.6921226912,2,0.215461327961268,4967