Severity,Safety_Score,Days_Since_Inspection,Total_Safety_Complaints,Control_Metric,Turbulence_In_gforces,Cabin_Temperature,Accident_Type_Code,Max_Elevation,Violations,Adverse_Weather_Metric,Accident_ID
Highly_Fatal_And_Damaging,45.7077625570776,8,0,58.7967183226983,0.503635773530472,77.75,4,27563.074797666,1,0.0506515878177534,10852
Significant_Damage_And_Serious_Injuries,30.8675799086758,16,2,77.7575205104832,0.386073566534439,82.57,3,20487.8674821751,1,0.101175219064126,10147
Highly_Fatal_And_Damaging,2.64840182648402,23,8,54.6490428441203,0.42177497295348,80.86,4,23308.3336502321,1,0.0425306022859063,8929
Significant_Damage_And_Serious_Injuries,29.0867579908676,16,18,70.0091157702826,0.464328164442842,79.21,3,25949.100339733,3,0.127676290244675,11158
Significant_Damage_And_Fatalities,35.0684931506849,11,7,54.876937101185,0.448100252434187,79.46,4,29784.7464710627,2,0.0544392802512786,7242
Highly_Fatal_And_Damaging,15.296803652968,17,0,72.4247948951687,0.324046880634692,78.92,4,12024.898224047,2,0.0216622052761879,606
Minor_Damage_And_Injuries,42.9223744292237,15,3,52.2789425706472,0.330177425171295,79.22,2,37999.3671044333,1,0.516512802350989,2020
Highly_Fatal_And_Damaging,38.4474885844749,10,4,74.1567912488605,0.363354489722322,78.94,6,23744.0693140378,2,0.00631949156737795,2032
Significant_Damage_And_Serious_Injuries,47.5342465753425,11,23,69.9179580674567,0.249759105661738,79.36,3,28586.8716057328,1,0.142325653105797,11285
Significant_Damage_And_Serious_Injuries,23.6986301369863,18,5,76.6180492251596,0.238940497655968,77.41,6,41688.6508922927,2,0.0103224581295027,10619
Significant_Damage_And_Serious_Injuries,45.9817351598173,11,12,73.5186873290793,0.347126577713667,79.09,3,21154.8577344722,3,0.105892406693153,4964
Minor_Damage_And_Injuries,41.9178082191781,16,22,66.4995442114859,0.387876667868734,76.2,2,31546.4382673113,3,0.427712027840683,7026
Significant_Damage_And_Fatalities,91.1872146118722,2,3,78.0765724703738,0.350372160115398,80.45,7,16209.2902996607,2,0.000316423240403076,7994
Significant_Damage_And_Fatalities,59.9543378995434,14,23,71.8322698268004,0.337029210241615,85.4,7,31355.0755976643,3,0.00289271009177054,8527
Significant_Damage_And_Serious_Injuries,54.1095890410959,9,10,59.024612579763,0.362633249188604,75.02,3,14532.7383864601,1,0.0728513382155746,8979
Minor_Damage_And_Injuries,29.8173515981735,16,6,39.6991795806746,0.729023440317345,79.64,6,5142.28607310439,3,0.00279254182406123,7751
Highly_Fatal_And_Damaging,30.9132420091324,12,0,64.0382862351869,0.368042553191489,80.2,4,41578.7169861032,1,0.0763205990087241,4697
Significant_Damage_And_Serious_Injuries,57.1232876712329,8,12,61.2123974475843,0.335947349441038,77.86,6,34199.8915692623,3,0.00892827044876468,29
Highly_Fatal_And_Damaging,28.4018264840183,13,29,71.2397447584321,0.249759105661738,82.45,1,51049.3801500284,1,1.84388606166323,8841
Significant_Damage_And_Serious_Injuries,37.1689497716895,14,0,63.3090246125798,0.496783988460151,76.95,6,31432.1242314197,2,0.00812064429298881,9690
Significant_Damage_And_Serious_Injuries,29.634703196347,16,13,59.024612579763,0.284739271547061,78.97,6,28509.7596822488,3,0.00722205940997227,4595
Minor_Damage_And_Injuries,23.8812785388128,18,7,50.5925250683683,0.509045077533357,78.49,1,22620.012762986,4,0.83130070319387,3405
Highly_Fatal_And_Damaging,46.1187214611872,8,1,71.4220601640839,0.258413992066354,79.77,5,41503.9998388946,3,0.0273168021552321,12306
Significant_Damage_And_Serious_Injuries,36.8493150684931,14,1,63.3090246125798,0.334865488640461,84.1,6,41920.2471614135,2,0.0103432707168601,7433
Significant_Damage_And_Serious_Injuries,41.1415525114155,12,4,69.1431175934367,0.320080057699243,80.44,3,36245.8319846325,2,0.178747299033169,920
Minor_Damage_And_Injuries,45.8904109589041,11,7,41.4311759343665,0.458918860439956,79.77,6,36030.6528778845,1,0.00851016851792038,7027
Highly_Fatal_And_Damaging,45.7077625570776,8,0,58.3865086599818,0.530321673278038,83.72,7,24973.6836872682,4,0.00235400933088621,8633
Highly_Fatal_And_Damaging,54.2922374429224,9,2,60.4375569735643,0.353978362783988,77.97,4,30754.886611054,2,0.0578632306636776,442
Minor_Damage_And_Injuries,38.7214611872146,13,0,57.0191431175934,0.514454381536242,78.32,6,18661.7138068118,4,0.00463226113987301,3567
Highly_Fatal_And_Damaging,38.9954337899543,10,2,68.1859617137648,0.359027046520014,83.22,3,34132.2412197546,1,0.17069849613111,64
Minor_Damage_And_Injuries,61.0502283105023,10,7,79.3072014585233,0.283657410746484,82.17,5,25486.8254567764,1,0.0165134897469149,5024
Highly_Fatal_And_Damaging,44.4748858447489,8,14,65.2233363719235,0.351093400649116,83.97,4,36384.8862884969,2,0.0659869669203887,10732
Minor_Damage_And_Injuries,41.9634703196347,12,19,53.6007292616226,0.566744320230797,83.73,3,20654.0788047055,4,0.101519827745638,7695
Highly_Fatal_And_Damaging,28.675799086758,13,1,62.2607110300821,0.325128741435269,80.53,3,41432.7487139018,2,0.205151045690906,5550
Highly_Fatal_And_Damaging,44.2009132420091,15,2,51.2306289881495,0.58369347277317,76.27,4,25727.7349879248,2,0.0468091662274168,434
Significant_Damage_And_Fatalities,79.5433789954338,8,4,59.1613491340018,0.289066714749369,79.19,2,22429.8625953409,3,0.306829680399169,6462
Highly_Fatal_And_Damaging,40.365296803653,9,10,59.2069279854148,0.300245943021998,82.48,7,13949.2541692102,0,0.00141753325541133,923
Significant_Damage_And_Serious_Injuries,62.1461187214612,6,1,57.4293527803099,0.465410025243419,83.21,2,25377.6139205903,2,0.339470394778478,11281
Significant_Damage_And_Serious_Injuries,50.7762557077626,10,12,77.6663628076573,0.23100685178507,84.48,3,41662.6922278005,2,0.208458585806466,10368
Significant_Damage_And_Serious_Injuries,43.1506849315068,12,4,59.7538742023701,0.435117922827263,79.64,5,27584.056491732,2,0.0179640495250665,3758
Highly_Fatal_And_Damaging,12.9223744292237,17,8,53.7374658158614,0.492817165524703,82.81,4,26607.9239914159,3,0.0491625667836762,10612
Minor_Damage_And_Injuries,55.4337899543379,12,4,80.8113035551504,0.219467003245582,77.56,3,12595.428881436,2,0.0587975074186055,5808
Significant_Damage_And_Serious_Injuries,47.5342465753425,17,4,48.2224247948952,0.610018752253877,81.79,7,29646.1499330135,2,0.00263456360001387,9344
Highly_Fatal_And_Damaging,31.1415525114155,12,1,57.5205104831358,0.323325640100974,78.46,4,28783.699290521,2,0.0541065660538752,2871
Highly_Fatal_And_Damaging,51.0502283105023,13,3,51.9143117593437,0.538976559682654,75.67,2,35305.8629052918,1,0.478473145692437,9987
Highly_Fatal_And_Damaging,22.0547945205479,15,19,79.9453053783045,0.267429498737829,75.25,1,27416.3947488109,1,0.997252320117406,11496
Minor_Damage_And_Injuries,45.662100456621,15,3,68.2771194165907,0.335586729174179,79.63,1,36731.4594114037,4,1.36557480095835,307
Significant_Damage_And_Serious_Injuries,35.4794520547945,14,1,72.5615314494075,0.312146411828345,78.82,6,25722.5280242184,2,0.00614976079197071,8235
Significant_Damage_And_Fatalities,63.1963470319635,13,1,60.3919781221513,0.231728092318788,81.37,3,29333.0700005052,1,0.145406245169267,5697
Significant_Damage_And_Serious_Injuries,33.2420091324201,15,2,64.2661804922516,0.50796321673278,79.46,3,32127.8884623933,2,0.159919770812086,9898
Significant_Damage_And_Serious_Injuries,44.703196347032,12,4,60.0273473108478,0.633098449332852,77.55,3,39422.8467693878,2,0.195684890825247,5347
Highly_Fatal_And_Damaging,19.9086757990868,15,4,71.1030082041933,0.506160115398485,78.41,4,27296.4950902876,1,0.0497094031861019,8753
Highly_Fatal_And_Damaging,2.73972602739726,20,1,57.5205104831358,0.308540209159754,82.02,5,31365.239571318,2,0.0199273006311425,9606
Significant_Damage_And_Fatalities,24.8858447488584,14,22,47.0829535095716,0.448460872701046,76.95,7,45290.8914732731,2,0.00400941681555015,10250
Minor_Damage_And_Injuries,56.5753424657534,11,1,62.5341841385597,0.402662098809953,79.08,2,13007.02233062,1,0.203271717800248,4015
Significant_Damage_And_Serious_Injuries,33.1050228310502,15,2,69.7812215132179,0.289066714749369,78.16,1,28793.1686940315,1,1.05885006874956,3832
Highly_Fatal_And_Damaging,38.8584474885845,17,12,53.6463081130356,0.293033537684818,81.44,2,23192.1558746436,1,0.309756512735612,10151
Minor_Damage_And_Injuries,64.337899543379,9,0,65.4968094804011,0.272478182473855,77.31,2,26020.7634174777,3,0.352325723733601,4353
Significant_Damage_And_Fatalities,39.4063926940639,10,2,42.8441203281678,0.42898737829066,74.95,4,45857.9659867691,2,0.0827860671099331,2444
Minor_Damage_And_Injuries,34.0182648401826,15,13,49.6809480401094,0.696567616300036,77.89,1,36463.5453790652,2,1.34219324869291,945
Highly_Fatal_And_Damaging,20.2283105022831,15,3,70.510483135825,0.382827984132708,78.41,4,31115.766134544,2,0.0576230616227392,7782
Minor_Damage_And_Injuries,64.5662100456621,9,2,84.6855059252507,0.269953840605842,83.53,5,27286.2947282904,1,0.0184283725792126,1904
Highly_Fatal_And_Damaging,42.3287671232877,9,9,88.0583409298086,0.281854309412189,81.73,1,34371.5426025527,3,1.2680776739922,313
Significant_Damage_And_Serious_Injuries,47.351598173516,11,12,71.7411121239745,0.381024882798413,77.7,6,31439.4684756778,2,0.00808732696138469,2605
Highly_Fatal_And_Damaging,49.2694063926941,13,7,50.2734731084777,0.408071402812838,79.94,2,29508.8846091564,2,0.397454927362596,3718
Highly_Fatal_And_Damaging,31.3698630136986,12,11,66.362807657247,0.321883159033537,81.02,4,39269.0539266116,2,0.0717069574184071,2150
Highly_Fatal_And_Damaging,17.3972602739726,16,14,63.1722880583409,0.338111071042192,78.28,6,33567.8763125468,1,0.00836082267838141,11487
Minor_Damage_And_Injuries,20.8675799086758,19,1,37.8304466727438,0.600282005048683,77.86,2,49762.7970613739,2,0.674668995640191,4399
Significant_Damage_And_Fatalities,42.1004566210046,19,11,82.8623518687329,0.245071042192571,80.09,7,44941.5809825117,2,0.00375006683446869,10377
Highly_Fatal_And_Damaging,33.972602739726,11,2,73.6098450319052,0.405907681211684,81.27,4,17417.2482375906,2,0.0320805077660302,5132
Significant_Damage_And_Fatalities,30.1369863013699,12,0,51.1850501367366,0.59415146051208,77.71,4,38800.9673142313,3,0.0704870568565678,2104
Significant_Damage_And_Serious_Injuries,20.958904109589,19,16,70.9206927985415,0.276805625676163,77.62,6,36662.2802611695,2,0.00897565017253988,5963
Highly_Fatal_And_Damaging,14.5205479452055,17,14,80.6289881494986,0.298803461954562,77.43,1,34124.3376982382,2,1.25007868278081,12418
Minor_Damage_And_Injuries,58.2648401826484,11,10,64.4940747493163,0.27788748647674,77.64,2,30615.0043937329,1,0.413798628240295,2025
Significant_Damage_And_Serious_Injuries,42.3287671232877,12,8,52.1877848678213,0.729384060584205,79.43,2,37050.8568808506,3,0.499785374764303,8270
Minor_Damage_And_Injuries,36.3013698630137,14,4,51.0938924339107,0.377418680129823,79.97,2,36091.5527721269,1,0.493776601022126,10231
Minor_Damage_And_Injuries,42.9223744292237,15,3,65.9981768459435,0.403383339343671,78.94,1,26565.0475824998,3,0.978454626515347,4956
Significant_Damage_And_Fatalities,82.2374429223744,7,23,80.6289881494986,0.226679408582762,84.83,7,42820.7213445713,2,0.00397253120656083,10760
Minor_Damage_And_Injuries,46.4383561643836,11,0,52.5524156791249,0.393285971871619,77.93,1,36925.0352582009,1,1.3604017161145,5593
Significant_Damage_And_Serious_Injuries,42.8767123287671,12,14,67.9124886052872,0.352535881716553,78.86,3,24975.9113640849,2,0.124868867310607,3584
Minor_Damage_And_Injuries,48.9954337899543,10,35,54.7402005469462,0.539697800216372,80.89,3,23595.2491430253,3,0.11743832832642,8247
Highly_Fatal_And_Damaging,18.1735159817352,16,10,59.6171376481313,0.476589253516048,78.91,4,23226.5720302617,2,0.0427579131486447,7262
Significant_Damage_And_Fatalities,12.6027397260274,18,21,53.1905195989061,0.315752614496934,81.2,4,28475.1600066966,2,0.0515852646711956,9567
Significant_Damage_And_Fatalities,13.37899543379,18,12,50.6836827711942,0.527076090876307,78.13,1,35654.721933341,3,1.30897084115327,9503
Minor_Damage_And_Injuries,45.0684931506849,11,1,52.5979945305378,0.417808150018031,81.89,6,42176.9222862854,2,0.00981960279882369,3126
Significant_Damage_And_Fatalities,14.703196347032,17,3,51.1850501367366,0.487407861521817,77.74,1,28411.223198046,2,1.03274750346758,12113
Minor_Damage_And_Injuries,64.1552511415525,6,11,52.6435733819508,0.450263974035341,77.8,3,40844.1082299599,1,0.204090220888324,6285
Highly_Fatal_And_Damaging,48.675799086758,7,2,67.6390154968095,0.344962856112513,82.11,4,32342.3133839545,1,0.0588715558622953,8938
Significant_Damage_And_Fatalities,43.7899543378995,18,2,53.3728350045579,0.234252434186801,78.62,1,35893.8768089408,3,1.30792861200427,4562
Minor_Damage_And_Injuries,33.1050228310502,15,7,48.5870556061987,0.403022719076812,81.98,7,22341.0969991425,1,0.00165483628932035,1326
Significant_Damage_And_Serious_Injuries,39.1780821917808,13,0,72.1969006381039,0.42177497295348,79.39,7,41727.7322607161,2,0.0042445268454015,3135
Highly_Fatal_And_Damaging,32.5114155251142,12,33,75.2506836827712,0.319719437432383,79.97,3,35683.7717435303,0,0.177623324826473,7839
Significant_Damage_And_Serious_Injuries,62.6940639269406,7,20,46.9462169553327,0.451345834835918,87.43,3,38242.1306477436,1,0.190706009318853,4732
Significant_Damage_And_Serious_Injuries,49.1780821917808,11,1,79.7629899726527,0.295197259285972,82.19,3,26346.5048146761,1,0.131340504997494,8209
Significant_Damage_And_Serious_Injuries,53.013698630137,9,16,86.8277119416591,0.276805625676163,78.43,6,48317.9303453667,2,0.0117574692248208,6517
Significant_Damage_And_Serious_Injuries,42.8767123287671,12,10,62.0328167730173,0.345684096646231,75.84,4,17267.0045345224,2,0.0317004518773675,6739
Minor_Damage_And_Injuries,54.7945205479452,12,1,80.4010938924339,0.262380815001803,80.76,7,25119.2421101637,3,0.00234866035558456,11536
Minor_Damage_And_Injuries,52.3744292237443,13,1,65.4512306289882,0.311785791561485,77.8,2,28824.4073267722,1,0.3880237886808,1415
Minor_Damage_And_Injuries,61.324200913242,10,1,61.2579762989973,0.395449693472773,81.76,2,30028.2840811135,2,0.405867133723055,3229
Significant_Damage_And_Serious_Injuries,87.4885844748858,3,2,39.8814949863264,0.52960043274432,80.15,7,26661.0134029026,3,0.00241405163548066,10139
Significant_Damage_And_Fatalities,42.5570776255708,19,9,82.8623518687329,0.371648755860079,81.62,7,17377.6273066295,2,0.00155927424481951,2829
Significant_Damage_And_Serious_Injuries,53.1050228310502,12,10,41.6134913400182,0.621197980526505,82.96,5,30068.6765992829,2,0.0210028454861726,9544
Significant_Damage_And_Serious_Injuries,43.4246575342466,12,1,62.0328167730173,0.430429859358096,79.67,3,23952.5525780103,1,0.120344519294226,4272
Minor_Damage_And_Injuries,70.5479452054795,7,3,70.0546946216956,0.381746123332131,80.71,6,36841.5011117076,4,0.00866866493725363,6768
Highly_Fatal_And_Damaging,21.4611872146119,15,1,62.7164995442115,0.314670753696357,80.55,4,28986.6574792039,2,0.0527156406454591,4533
Minor_Damage_And_Injuries,45.296803652968,15,18,83.8195077484048,0.395810313739632,77.07,2,40679.5715501571,3,0.552348029450647,4866
Highly_Fatal_And_Damaging,14.4748858447489,17,1,70.464904284412,0.2061240533718,77.36,7,33693.9126926562,2,0.00328719609481451,6202
Highly_Fatal_And_Damaging,56.6666666666667,11,6,55.9708295350957,0.455673278038226,78.1,2,35070.3331931138,1,0.475053302343132,5061
Significant_Damage_And_Serious_Injuries,76.3926940639269,3,10,51.8231540565178,0.606412549585286,79.03,7,34887.2172055117,1,0.00297265410884441,9007
Significant_Damage_And_Serious_Injuries,23.6986301369863,18,7,80.4466727438469,0.308900829426614,79.98,6,40445.1366875436,3,0.0100247500426134,7765
Highly_Fatal_And_Damaging,22.0091324200913,15,5,65.3600729261623,0.342799134511359,77.87,1,26397.2031206751,2,0.973442982439142,7254
Significant_Damage_And_Serious_Injuries,33.6986301369863,15,6,69.644484958979,0.32080129823296,81.3,3,38350.7195579992,1,0.191468099821186,2830
Highly_Fatal_And_Damaging,65.3424657534246,1,19,77.848678213309,0.361190768121168,79.65,2,31661.6288095643,2,0.429534515417133,5430
Minor_Damage_And_Injuries,45.9817351598173,15,8,67.0920692798541,0.383549224666426,79.72,7,41508.6458682606,1,0.0038460374795458,11617
Significant_Damage_And_Serious_Injuries,36.7123287671233,14,0,57.5205104831358,0.488850342589253,76.12,3,27657.1910935633,5,0.137332930641688,2825
Significant_Damage_And_Fatalities,50.0456621004566,16,14,68.049225159526,0.547992066354129,81.1,1,34349.7064689016,4,1.26276880923123,5638
Significant_Damage_And_Serious_Injuries,34.8401826484018,14,13,62.0783956244303,0.490292823656689,81.02,1,29601.0780584221,2,1.0902659809403,2230
Significant_Damage_And_Fatalities,35.0228310502283,11,5,43.0720145852325,0.518421204471691,80.85,2,26637.5953196341,1,0.358545587133914,5644
Significant_Damage_And_Fatalities,25.4794520547945,14,12,38.9699179580674,0.740563288856834,79.92,1,48583.5486330922,3,1.79007413943917,12335
Minor_Damage_And_Injuries,46.2557077625571,15,17,68.5961713764813,0.502553912729895,79.06,3,38011.0212226692,2,0.189062380253031,1430
Significant_Damage_And_Serious_Injuries,36.4840182648402,14,6,62.1239744758432,0.427905517490083,80.25,3,38783.2524015665,2,0.193246982899245,12339
Significant_Damage_And_Fatalities,8.53881278538813,19,9,54.0109389243391,0.551598269022719,78.9,1,33143.9853063049,3,1.21789625360354,3956
Highly_Fatal_And_Damaging,61.4155251141552,10,1,52.4156791248861,0.472261810313739,80.84,2,38406.931881458,1,0.518441261968944,2099
Minor_Damage_And_Injuries,50.9132420091324,13,0,70.6016408386509,0.361190768121168,78.78,5,26501.859027862,2,0.0183562908562267,1968
Highly_Fatal_And_Damaging,9.08675799086758,18,19,79.5806745670009,0.393285971871619,86.02,3,37011.9975236405,2,0.185100239617324,1751
Highly_Fatal_And_Damaging,25.2511415525114,14,5,63.9015496809481,0.551958889289578,74.74,4,45857.9659867691,2,0.0827860671099331,1358
Significant_Damage_And_Fatalities,8.53881278538813,19,2,44.3938012762078,0.400858997475658,81.14,4,18616.7267586299,1,0.034593326232667,11856
Significant_Damage_And_Serious_Injuries,32.8767123287671,15,1,82.9535095715588,0.18052001442481,79.52,3,29033.7904189909,2,0.145447149829291,4541
Highly_Fatal_And_Damaging,26.3470319634703,14,3,89.1066545123063,0.275002524341868,79.71,4,25541.049553423,1,0.0466439852917615,8920
Highly_Fatal_And_Damaging,12.4657534246575,18,1,75.432999088423,0.327292463036423,82.4,6,34952.1271101988,1,0.00857106248144046,1821
Significant_Damage_And_Fatalities,38.7671232876712,10,2,51.8231540565178,0.523830508474576,80.13,1,25631.3457142277,1,0.948341399376559,2136
Significant_Damage_And_Fatalities,54.7488584474886,15,4,64.5852324521422,0.289787955283087,78.6,7,23792.1086071282,2,0.00253387800847633,2137
Significant_Damage_And_Fatalities,51.9178082191781,6,0,53.9197812215132,0.476589253516048,79.97,4,28604.1783965419,2,0.0539003607023165,10179
Highly_Fatal_And_Damaging,32.9680365296804,12,14,63.6736554238833,0.32116191849982,76.56,1,32800.8368678312,0,1.2138584565258,7406
Minor_Damage_And_Injuries,45.0684931506849,15,0,81.8140382862352,0.351454020915975,78.63,6,42493.8649575514,2,0.0105518124805448,12095
Highly_Fatal_And_Damaging,30.4109589041096,12,1,89.1066545123063,0.19133862243058,80.98,4,23086.0226940907,3,0.0426371192652351,7989
Minor_Damage_And_Injuries,56.9406392694064,11,33,72.4703737465816,0.273560043274432,80.09,2,32861.2768383276,1,0.444553307539715,11020
Significant_Damage_And_Serious_Injuries,42.2374429223744,12,9,57.7028258887876,0.304573386224305,78.46,2,41703.4532879954,4,0.566711946616045,4596
Highly_Fatal_And_Damaging,35.4337899543379,18,17,47.0829535095716,0.351454020915975,78.76,2,41045.6940016465,2,0.553451830919128,5718
Highly_Fatal_And_Damaging,23.0593607305936,14,22,50.2278942570647,0.444854670032455,80.19,4,39646.0018104717,3,0.0731732009419454,6515
Significant_Damage_And_Serious_Injuries,59.634703196347,14,4,56.1531449407475,0.4506245943022,75.4,7,45649.8132732537,2,0.00412999471383646,2391
Significant_Damage_And_Serious_Injuries,36.5753424657534,14,5,57.6116681859617,0.488850342589253,79.61,3,33896.5116891607,2,0.168586748894355,6865
Significant_Damage_And_Serious_Injuries,44.0639269406393,12,14,66.7730173199635,0.344602235845654,79.17,1,17807.7400752802,1,0.636699054619635,10435
Highly_Fatal_And_Damaging,34.0639269406393,18,18,31.0847766636281,0.777707176343311,84.87,6,31702.3296639883,2,0.00765408891041451,6115
Highly_Fatal_And_Damaging,37.4885844748858,10,6,76.8915223336372,0.28870609448251,80.96,5,19325.7037704099,1,0.0133018956111364,7309
Highly_Fatal_And_Damaging,24.1552511415525,14,3,80.9936189608022,0.312507032095204,76.48,4,27179.0519600046,3,0.0503285634074819,7588
Minor_Damage_And_Injuries,42.1004566210046,12,8,55.2415679124886,0.578644789037144,77.45,2,29989.7501979184,3,0.404401762084286,1255
Significant_Damage_And_Fatalities,69.9543378995434,11,7,79.7174111212398,0.230285611251352,77.93,2,8232.84365471706,2,0.0957534182118543,3866
Significant_Damage_And_Fatalities,15.296803652968,17,0,49.9544211485871,0.397252794807068,79.81,7,48416.0267229689,3,0.00440429373420935,11300
Minor_Damage_And_Injuries,38.2191780821918,14,22,56.9735642661805,0.513011900468806,86.43,2,36933.8446810816,1,0.502390494468767,1975
Minor_Damage_And_Injuries,57.1232876712329,11,39,74.7493163172288,0.467213126577713,77.98,2,44574.0627231152,3,0.603171246338649,862
Highly_Fatal_And_Damaging,23.4246575342466,15,0,62.5341841385597,0.36046952758745,78.59,7,23543.5817988608,3,0.00213992086633605,4676
Minor_Damage_And_Injuries,51.0502283105023,10,1,45.3965360072927,0.699813198701766,76.01,6,24084.887315452,0,0.00609428775687228,6024
Significant_Damage_And_Fatalities,37.4885844748858,10,2,52.5979945305378,0.335226108907321,77.16,4,32995.4366192001,0,0.0598313484459099,10353
Significant_Damage_And_Serious_Injuries,50.7762557077626,10,5,68.8240656335461,0.198911648034619,79.52,1,36028.4975935607,0,1.34320667540424,2279
Significant_Damage_And_Serious_Injuries,36.8493150684931,14,7,68.1859617137648,0.35686332491886,77.1,3,12854.0456631636,2,0.0693979507759365,7785
Highly_Fatal_And_Damaging,53.2420091324201,16,4,46.2625341841386,0.606412549585286,76.79,4,31812.0039865495,1,0.0585884246430177,9957
Minor_Damage_And_Injuries,42.283105022831,16,0,64.4940747493163,0.345684096646231,76.36,5,36324.9430018409,2,0.0242450616027844,11813
Significant_Damage_And_Serious_Injuries,33.4246575342466,15,11,66.0437556973564,0.35686332491886,77.04,3,19873.2824053568,2,0.0984961040817364,6410
Highly_Fatal_And_Damaging,30.4109589041096,12,6,74.9316317228806,0.282936170212766,79.68,3,40645.2943744561,1,0.202521398591503,3288
Highly_Fatal_And_Damaging,56.4383561643835,11,7,48.4958979033728,0.560613775694194,75.88,2,45903.4682004767,0,0.627074277696416,3779
Significant_Damage_And_Serious_Injuries,46.1643835616438,11,0,60.3008204193255,0.524191128741435,83.24,3,40979.5754532752,1,0.205286208938162,6228
Highly_Fatal_And_Damaging,30.4109589041096,12,1,94.0747493163172,0.229203750450775,78.79,1,43939.2494142495,0,1.59744114351771,7873
Minor_Damage_And_Injuries,41.9178082191781,12,4,51.2762078395624,0.522748647673999,83.76,3,24604.4655931727,2,0.12209492649413,2166
Minor_Damage_And_Injuries,22.8767123287671,21,1,67.9580674567001,0.324046880634692,83.25,5,36228.3812559605,3,0.0251101485805745,4339
Minor_Damage_And_Injuries,28.4931506849315,20,22,58.3865086599818,0.404104579877389,77.27,6,38017.7118627644,3,0.0103007561471358,10033
Significant_Damage_And_Serious_Injuries,52.283105022831,9,11,77.5296262534184,0.31394951316264,82.88,3,41468.3975005761,2,0.204025292477825,10107
Minor_Damage_And_Injuries,42.0091324200913,16,13,81.0391978122151,0.226679408582762,79.66,2,22102.0385431341,2,0.299887442870648,9727
Minor_Damage_And_Injuries,29.5433789954338,20,22,66.5907019143118,0.499308330328164,77.64,1,36873.0707665609,3,1.35839613360227,8787
Highly_Fatal_And_Damaging,68.9954337899543,11,12,40.5195989061076,0.693322033898305,76.63,2,31925.2755538881,2,0.433461888131798,3598
Significant_Damage_And_Serious_Injuries,37.5799086757991,14,6,61.3035551504102,0.391482870537324,81.57,3,32874.2637561158,1,0.163199733689906,5513
Minor_Damage_And_Injuries,30.9132420091324,16,4,45.897903372835,0.557728813559322,80.16,6,32986.7833036824,3,0.00811790790848975,8988
Minor_Damage_And_Injuries,56.62100456621,12,20,74.7493163172288,0.315391994230076,83.15,2,20600.5849948309,4,0.278446237781689,9165
Significant_Damage_And_Serious_Injuries,46.5753424657534,11,2,53.6007292616226,0.492817165524703,78.73,3,35380.6350123692,0,0.175837529631438,1409
Minor_Damage_And_Injuries,27.1232876712329,17,3,52.3701002734731,0.37489433826181,83.72,1,27379.9200368358,0,0.992974229396275,12166
Minor_Damage_And_Injuries,37.3972602739726,14,0,56.517775752051,0.324768121168409,77.89,2,34936.6263297196,2,0.47115359277493,9932
Minor_Damage_And_Injuries,59.9543378995434,10,1,64.8131267092069,0.175471330688784,77.31,2,40754.7183275228,2,0.551040805007,9693
Significant_Damage_And_Serious_Injuries,38.310502283105,13,54,71.2397447584321,0.249759105661738,82.45,3,51049.3801500284,1,0.257153813877754,1517
Highly_Fatal_And_Damaging,29.4063926940639,13,14,74.0656335460346,0.215500180310133,81.59,4,37066.9622418898,2,0.0671493086101149,1369
Highly_Fatal_And_Damaging,26.4840182648402,14,2,79.3983591613491,0.294836639019113,84.78,3,46445.7090961569,2,0.232873361874262,7909
Significant_Damage_And_Serious_Injuries,33.3333333333333,15,2,64.2661804922516,0.386434186801298,78.67,6,33651.5805229688,3,0.00899035486393975,2142
Significant_Damage_And_Fatalities,67.5342465753425,12,6,68.049225159526,0.158882798413271,78.22,1,26340.2994819596,2,0.979178721893077,901
Significant_Damage_And_Fatalities,64.8858447488584,13,7,62.306289881495,0.381024882798413,86.4,7,18272.7284846477,4,0.00166863062454567,3423
Highly_Fatal_And_Damaging,28.7214611872146,13,2,62.7620783956244,0.286181752614497,84.41,4,37967.5513248833,2,0.069603155796592,1377
Highly_Fatal_And_Damaging,21.2785388127854,15,0,63.8103919781222,0.556286332491886,79.58,4,28162.0204173235,2,0.0515852646711956,468
Highly_Fatal_And_Damaging,30,13,0,66.6818596171377,0.306376487558601,78.21,4,51474.8711787021,4,0.0979063303069243,3148
Highly_Fatal_And_Damaging,44.4748858447489,15,1,55.6061987237922,0.338471691309052,81.05,2,47892.2985522238,3,0.648151778941762,7921
Significant_Damage_And_Serious_Injuries,39.7260273972603,13,7,73.1084776663628,0.306015867291742,79.99,3,21426.8330244566,2,0.107090687819435,539
Significant_Damage_And_Fatalities,12.6940639269406,18,12,55.3783044667274,0.421414352686621,79.03,4,33107.0646128733,3,0.0604794899831926,7822
Highly_Fatal_And_Damaging,52.1004566210046,6,7,61.3035551504102,0.656538766678687,79.49,4,32578.5943530981,2,0.0602230539580057,9171
Highly_Fatal_And_Damaging,33.7442922374429,11,2,59.9817684594348,0.360830147854309,84.72,7,25794.580871847,2,0.00243243998136578,6480
Highly_Fatal_And_Damaging,62.5570776255708,10,6,41.5223336371923,0.61939487919221,78.27,4,46296.737183495,3,0.085541759229966,11895