Severity,Safety_Score,Days_Since_Inspection,Total_Safety_Complaints,Control_Metric,Turbulence_In_gforces,Cabin_Temperature,Accident_Type_Code,Max_Elevation,Violations,Adverse_Weather_Metric,Accident_ID
Significant_Damage_And_Fatalities,59.8173515981735,14,5,92.9352780309936,0.162489001081861,80.44,7,45084.6916396853,3,0.00395990332883062,970
Significant_Damage_And_Serious_Injuries,45.7990867579909,11,3,71.7866909753874,0.444133429498738,82.74,2,42766.6389720871,1,0.577778976533685,1675
Significant_Damage_And_Serious_Injuries,34.4748858447488,15,7,59.7538742023701,0.267790119004688,76.49,6,40238.3320935957,3,0.0100253470599817,9718
Highly_Fatal_And_Damaging,44.337899543379,15,3,49.4530537830446,0.534649116480346,76.86,2,30701.4903580148,1,0.415919626722151,11728
Highly_Fatal_And_Damaging,31.5981735159817,12,2,80.6745670009116,0.264183916336098,80.95,1,14957.1522640326,3,0.602998606866232,9343
Minor_Damage_And_Injuries,46.3926940639269,15,9,61.485870556062,0.451345834835918,81.71,2,32272.8250191819,2,0.436765191481662,12350
Minor_Damage_And_Injuries,33.7442922374429,18,5,54.3755697356427,0.25264406779661,78.95,4,30448.4700050566,2,0.055607103600453,1320
Significant_Damage_And_Serious_Injuries,51.1872146118721,10,11,66.3172288058341,0.395449693472773,77.53,3,21075.5657424354,0,0.104226104747835,6830
Highly_Fatal_And_Damaging,30.5936073059361,12,0,67.0464904284412,0.462885683375405,79.61,5,41373.2348849062,3,0.0273168021552321,6134
Significant_Damage_And_Serious_Injuries,60.1826484018265,7,14,67.4567000911577,0.29591849981969,80.03,3,32301.4341762744,2,0.161099598375108,6614
Highly_Fatal_And_Damaging,40.2739726027397,9,10,56.7912488605287,0.293033537684818,83.32,6,26044.9115519259,1,0.00666297067036872,2050
Significant_Damage_And_Fatalities,7.76255707762557,19,6,49.8632634457612,0.470458708979445,78.9,4,32187.5437770809,2,0.0586688995339389,9246
Significant_Damage_And_Serious_Injuries,36.1643835616438,14,5,71.9234275296263,0.351454020915975,75.39,6,21411.0209069077,4,0.0053353160716145,11690
Significant_Damage_And_Serious_Injuries,28.5844748858447,16,5,66.9097538742024,0.357223945185719,79.72,6,39133.5779449397,1,0.00972433733835452,11946
Significant_Damage_And_Serious_Injuries,35.7990867579909,14,10,62.9443938012762,0.379582401730977,81.02,3,43575.4601071291,1,0.215610803030912,6703
Significant_Damage_And_Serious_Injuries,19.4063926940639,19,0,59.9817684594348,0.508323836999639,78.46,3,35769.5193950316,0,0.18052770276599,5523
Highly_Fatal_And_Damaging,39.2694063926941,10,0,72.151321786691,0.273199423007573,78.68,4,17496.9718028607,2,0.0311584829016707,8805
Highly_Fatal_And_Damaging,25.6164383561644,14,2,62.1695533272562,0.314670753696357,78.09,4,19518.5621631503,2,0.0363976969306029,5673
Highly_Fatal_And_Damaging,24.6118721461187,14,4,69.1431175934367,0.46829498737829,82.45,6,31346.7953386373,3,0.00790084165239737,3937
Minor_Damage_And_Injuries,27.4885844748858,20,17,72.6526891522334,0.19494482509917,77.13,7,30271.1947677453,3,0.00262762684497754,11
Significant_Damage_And_Serious_Injuries,46.4840182648402,11,1,77.9854147675479,0.384631085467003,78,6,40674.112655783,1,0.0102595489014044,8318
Significant_Damage_And_Serious_Injuries,39.4977168949772,13,6,78.0309936189608,0.245792282726289,77.83,5,41991.870913776,2,0.028569420903981,8096
Significant_Damage_And_Serious_Injuries,20.5022831050228,19,3,66.40838650866,0.42177497295348,82.2,3,24122.306625314,2,0.120503074811362,6867
Highly_Fatal_And_Damaging,10.8675799086758,18,0,80.6289881494986,0.245792282726289,78.33,4,30094.0892361481,2,0.0547403831070529,9287
Significant_Damage_And_Serious_Injuries,49.8173515981735,10,11,70.1458523245214,0.474425531914894,79,3,20637.7837001384,2,0.101597940187577,671
Significant_Damage_And_Serious_Injuries,65.8904109589041,9,2,56.7000911577028,0.777707176343311,78.9,7,27551.1035270287,2,0.00240964361071784,11290
Highly_Fatal_And_Damaging,31.4611872146119,12,2,62.7164995442115,0.335226108907321,80.53,1,23454.2840475312,2,0.859539949194424,9360
Highly_Fatal_And_Damaging,11.2328767123288,18,7,64.3117593436645,0.417086909484313,80.67,4,34956.4722310962,3,0.0636202109984061,3624
Significant_Damage_And_Serious_Injuries,40.7762557077626,13,20,82.7256153144941,0.228482509917057,81.24,6,36676.1776618015,1,0.00900372099201005,8853
Highly_Fatal_And_Damaging,50.7305936073059,7,5,65.6335460346399,0.267790119004688,81.97,3,19643.5987363401,2,0.0999430144336609,4418
Minor_Damage_And_Injuries,77.3059360730594,4,3,76.6180492251596,0.354699603317706,81.24,3,38170.7633934154,1,0.190706009318853,12469
Significant_Damage_And_Fatalities,61.8721461187214,13,19,72.3792160437557,0.388958528669311,86.43,7,23226.2368947895,3,0.00233167149780904,1543
Minor_Damage_And_Injuries,52.5114155251141,9,5,41.2032816773018,0.458918860439956,79.34,3,25032.8277022329,0,0.124629210450165,6385
Significant_Damage_And_Serious_Injuries,54.7488584474886,9,6,74.0200546946217,0.25264406779661,78.64,6,18103.7897133572,1,0.0047923018675796,8789
Significant_Damage_And_Serious_Injuries,18.7214611872146,19,1,59.1613491340018,0.484883519653804,79.03,3,31442.5116481097,2,0.157172393214529,6352
Significant_Damage_And_Serious_Injuries,80.958904109589,8,20,53.0082041932544,0.564219978362784,79.79,7,29365.0114975677,0,0.00269768127782206,11384
Significant_Damage_And_Serious_Injuries,32.8767123287671,15,8,82.4977210574294,0.17330760908763,76.9,7,43717.2844019346,2,0.00401610269010273,3123
Highly_Fatal_And_Damaging,72.9680365296803,7,1,66.1349134001823,0.346405337179949,77.85,4,25251.1155579363,3,0.0453050042984426,7835
Highly_Fatal_And_Damaging,23.7899543378995,14,23,65.9981768459435,0.422135593220339,78.55,1,12542.5506074795,3,0.202495647194575,2271
Minor_Damage_And_Injuries,42.4200913242009,12,8,54.9680948040109,0.442330328164443,81.86,2,52978.4790590023,1,0.729576237972483,8515
Significant_Damage_And_Fatalities,27.8082191780822,13,1,45.6700091157703,0.350011539848539,81.25,2,35508.1831470116,3,0.480311362723386,5985
Minor_Damage_And_Injuries,48.9954337899543,14,6,59.2980856882407,0.503275153263613,78.15,5,38382.6155037246,0,0.025816320539418,8706
Highly_Fatal_And_Damaging,27.8995433789954,13,0,83.8195077484048,0.185208077893978,82.49,4,31646.7484368226,2,0.0578632306636776,10311
Significant_Damage_And_Serious_Injuries,38.310502283105,13,13,71.7866909753874,0.37128813559322,77.99,6,10722.2321339359,1,0.00043630082173008,2441
Significant_Damage_And_Fatalities,71.7808219178082,10,3,75.5241567912489,0.336307969707898,81.46,5,20795.1241990163,1,0.0137472799987364,118
Highly_Fatal_And_Damaging,56.6666666666667,11,6,54.3299908842297,0.455673278038226,81.96,7,31631.3776117869,3,0.00279216318896713,11353
Minor_Damage_And_Injuries,45.7534246575342,15,0,73.6098450319052,0.386073566534439,77.25,2,36883.7899744297,3,0.499845233093124,9433
Highly_Fatal_And_Damaging,29.1780821917808,12,4,79.535095715588,0.403022719076812,77.26,4,43852.8453519078,4,0.0800334853925099,3335
Highly_Fatal_And_Damaging,49.634703196347,7,1,81.5861440291705,0.435478543094122,79.3,2,28970.2986709947,1,0.392272811672583,4056
Highly_Fatal_And_Damaging,31.8264840182648,12,2,62.7164995442115,0.315752614496934,78.66,4,28787.1727151921,2,0.0527156406454591,1934
Significant_Damage_And_Fatalities,70.4109589041096,11,14,55.0592525068368,0.439805986296429,79.6,7,31631.3776117869,3,0.00277595369618666,4251
Significant_Damage_And_Serious_Injuries,38.8127853881278,13,0,61.5314494074749,0.424299314821493,77.78,3,35867.2301422482,2,0.18052770276599,5415
Highly_Fatal_And_Damaging,46.6666666666667,7,18,69.3710118505014,0.462525063108547,75.88,1,22950.5810160187,1,0.844304691873286,10078
Significant_Damage_And_Serious_Injuries,53.8356164383562,5,4,60.0273473108478,0.407710782545979,77.55,6,32266.1362314826,2,0.00800907737894134,544
Highly_Fatal_And_Damaging,36.4383561643836,11,2,73.7010027347311,0.273560043274432,78.91,2,26902.3188154086,2,0.364323085585167,11087
Highly_Fatal_And_Damaging,68.2648401826484,8,8,40.5195989061076,0.63742589253516,76.59,2,42041.4474613388,2,0.571545575989688,6406
Minor_Damage_And_Injuries,50.6392694063927,13,15,68.5961713764813,0.417447529751172,78.02,1,18180.9665833069,2,0.65511014674204,6171
Minor_Damage_And_Injuries,22.9223744292237,22,6,80.9936189608022,0.312507032095204,81.29,4,30992.0427846588,1,0.0569738691451074,8421
Significant_Damage_And_Fatalities,60.1369863013699,14,13,60.665451230629,0.423217454020916,77.08,7,34472.083799485,0,0.00323435392509764,7459
Significant_Damage_And_Serious_Injuries,46.0730593607306,18,13,41.6134913400182,0.580447890371439,76.04,6,21720.5738257697,3,0.00526925718600814,7713
Significant_Damage_And_Serious_Injuries,49.2694063926941,10,5,66.9097538742024,0.382467363865849,78.34,3,26335.2237996347,2,0.130415663730182,8980
Significant_Damage_And_Fatalities,32.6940639269406,12,3,50.8659981768459,0.495702127659574,77.66,1,10115.9216675063,2,0.439207928563992,5033
Minor_Damage_And_Injuries,46.6666666666667,15,9,69.9179580674567,0.393646592138478,78.96,2,26900.7028554629,2,0.364323085585167,11820
Minor_Damage_And_Injuries,43.3333333333333,15,10,65.9525979945305,0.286542372881356,81.8,2,23506.5433138691,2,0.316177573780119,8310
Highly_Fatal_And_Damaging,29.4977168949772,13,13,78.5779398359162,0.338471691309052,84.32,2,12444.521332321,2,0.167498543894157,11514
Significant_Damage_And_Serious_Injuries,45.7990867579909,11,4,71.7866909753874,0.340274792643346,83.12,6,35902.3547465078,1,0.00880518950811756,2952
Significant_Damage_And_Serious_Injuries,22.2831050228311,18,3,61.2579762989973,0.518421204471691,80.19,3,15991.4147574307,3,0.0784881253243107,10522
Significant_Damage_And_Serious_Injuries,27.5799086757991,17,1,57.2926162260711,0.444133429498738,79.03,5,18784.4086840282,4,0.0130313613858333,46
Significant_Damage_And_Fatalities,28.9041095890411,13,4,54.8313582497721,0.368763793725207,77.29,4,26548.8926588994,4,0.0479837060862173,110
Minor_Damage_And_Injuries,51.9178082191781,13,8,84.0018231540565,0.29555787955283,79.96,5,50545.0702257023,2,0.0353194524101037,12017
Highly_Fatal_And_Damaging,31.1415525114155,12,0,76.8003646308113,0.281854309412189,78.53,4,25556.9388061089,3,0.0473518699492426,4479
Significant_Damage_And_Serious_Injuries,57.1232876712329,8,11,77.5296262534184,0.309982690227191,76.87,6,23860.7316118922,2,0.00605108745987546,10540
Highly_Fatal_And_Damaging,25.662100456621,14,10,70.7383773928897,0.273560043274432,76.66,4,24545.78142223,1,0.0443025905213973,4738
Highly_Fatal_And_Damaging,32.4200913242009,12,10,48.9061075660894,0.422496213487198,81.3,3,35285.2690352296,2,0.175675010183545,8483
Significant_Damage_And_Serious_Injuries,36.8949771689498,14,4,88.0127620783956,0.293754778218536,77.77,3,34929.7404234047,2,0.174317185208326,2534
Significant_Damage_And_Serious_Injuries,60.1826484018265,10,7,45.2597994530538,0.699813198701766,77.74,7,25814.8468749981,2,0.00235400933088621,798
Significant_Damage_And_Serious_Injuries,54.7488584474886,9,28,63.2634457611668,0.306015867291742,82.3,7,23792.1086071282,3,0.00235237721316479,19
Significant_Damage_And_Fatalities,63.1963470319635,13,5,60.9845031905196,0.344962856112513,79.88,7,14894.1620202017,3,0.00129857213614497,10551
Highly_Fatal_And_Damaging,28.8584474885845,13,2,63.7648131267092,0.30313090515687,78.38,2,43621.7313982517,2,0.592637233865426,6556
Minor_Damage_And_Injuries,42.3287671232877,12,15,53.6007292616226,0.606412549585286,79.48,3,47156.9384261401,0,0.236847335689612,2495
Highly_Fatal_And_Damaging,33.4703196347032,12,8,71.5587967183227,0.467213126577713,83.63,4,45769.7818318359,0,0.0827860671099331,1597
Minor_Damage_And_Injuries,32.4657534246575,15,1,48.6326344576117,0.429708618824378,80.43,2,27506.8489311607,3,0.371472025862616,2135
Highly_Fatal_And_Damaging,35.1598173515982,11,5,60.8477666362808,0.40735016227912,76.79,2,28929.7446693501,2,0.392319835029806,5273
Significant_Damage_And_Fatalities,19.2237442922374,16,0,52.3701002734731,0.254447169130905,75.14,1,23797.3487466829,0,0.877709245152039,2028
Significant_Damage_And_Fatalities,12.6940639269406,18,13,50.1367365542388,0.447739632167328,76.52,4,32187.5437770809,2,0.0594585122059251,2442
Significant_Damage_And_Fatalities,70.6849315068493,11,1,67.4111212397448,0.272838802740714,82.14,5,20721.9313806503,1,0.0146382192559913,9095
Minor_Damage_And_Injuries,50.2739726027397,13,10,69.5989061075661,0.41095636494771,81.44,2,32441.0873612425,2,0.438728976114531,10830
Minor_Damage_And_Injuries,37.3059360730594,17,11,56.8368277119417,0.334865488640461,76.86,2,32018.6310318531,3,0.433304584780971,10433
Significant_Damage_And_Fatalities,75.5707762557078,9,6,77.5296262534184,0.23100685178507,79.43,7,33256.4668152374,0,0.00313473818084455,8834
Significant_Damage_And_Serious_Injuries,32.8767123287671,15,4,78.3044667274385,0.239661738189686,83.34,7,24759.2173609027,3,0.00246526174125229,11176
Highly_Fatal_And_Damaging,31.1415525114155,12,8,86.052871467639,0.294115398485395,82.53,4,32951.9888222322,0,0.0599545335214721,2993
Significant_Damage_And_Serious_Injuries,45.7990867579909,11,29,72.2880583409298,0.207205914172377,82.15,3,30248.9349674802,3,0.150239798754167,1124
Minor_Damage_And_Injuries,42.9680365296804,15,0,72.7438468550593,0.233531193653083,76.93,4,41709.0152758443,2,0.0757777229810722,11274
Highly_Fatal_And_Damaging,30.0913242009132,13,12,77.7575205104832,0.281133068878471,84.96,4,31592.253491779,1,0.057784828470206,6288
Significant_Damage_And_Fatalities,61.8721461187214,13,9,73.0173199635369,0.323686260367832,77.86,7,22656.980469107,4,0.00187704738150986,8509
Highly_Fatal_And_Damaging,29.1780821917808,12,1,68.5961713764813,0.417086909484313,81.07,4,40657.7633959541,2,0.0744920387271988,9498
Minor_Damage_And_Injuries,44.3835616438356,15,10,72.0145852324522,0.432232960692391,76.66,2,25019.9299511302,1,0.337996374568915,10784
Significant_Damage_And_Fatalities,53.7442922374429,16,20,61.2123974475843,0.416726289217454,81.91,3,15186.5079522167,3,0.0756091709686122,1976
Minor_Damage_And_Injuries,73.3333333333333,7,2,88.0583409298086,0.298442841687703,77.87,2,19262.1840059827,2,0.253283470951117,8865
Significant_Damage_And_Serious_Injuries,53.7442922374429,9,1,75.4785779398359,0.334504868373603,79.71,3,26261.5515416009,0,0.131215115356971,4034
Significant_Damage_And_Serious_Injuries,35.7077625570776,14,15,77.9398359161349,0.298082221420844,77.53,3,45645.0096876542,1,0.226944244078988,11743
Highly_Fatal_And_Damaging,31.9178082191781,12,14,75.1139471285324,0.22740064911648,82.53,4,37066.9622418898,0,0.0679180602164867,2782
Highly_Fatal_And_Damaging,30.7305936073059,13,10,65.2689152233364,0.342799134511359,80.36,4,10813.8493443795,3,0.0198346999706244,3112
Significant_Damage_And_Fatalities,72.3287671232876,10,2,62.2607110300821,0.427905517490083,79.58,7,35320.9454536098,1,0.00299856698273019,11109
Significant_Damage_And_Serious_Injuries,47.8995433789954,11,6,61.3947128532361,0.405186440677966,81.27,6,28542.004184011,2,0.00734707336518016,10728
Significant_Damage_And_Serious_Injuries,53.1050228310502,12,0,55.5606198723792,0.491374684457266,75.9,3,33372.8197860987,2,0.165002363929807,5018
Significant_Damage_And_Fatalities,47.5342465753425,18,2,67.6390154968095,0.249759105661738,83.6,3,26859.1915363265,2,0.133480825287782,12100
Significant_Damage_And_Serious_Injuries,38.4018264840183,13,3,77.028258887876,0.297000360620267,76.89,6,29971.7444634365,2,0.00722205940997227,12456
Significant_Damage_And_Serious_Injuries,45.7077625570776,11,9,59.5715587967183,0.473704291381176,81.06,3,32509.9312590937,1,0.162233572925457,4500
Minor_Damage_And_Injuries,51.4611872146119,13,2,65.5423883318141,0.344962856112513,78.63,1,51183.8825645968,2,1.84388606166323,896
Significant_Damage_And_Serious_Injuries,13.7899543378995,20,12,70.6016408386509,0.306376487558601,81,3,32269.0683506148,2,0.160643633052364,6
Significant_Damage_And_Fatalities,40.5479452054794,20,2,74.0656335460346,0.302770284890011,76.94,7,33323.2909885593,1,0.00312914051063677,1581
Significant_Damage_And_Serious_Injuries,41.5981735159817,13,8,62.2607110300821,0.383909844933285,76.37,4,26277.0351261399,1,0.0481755010618988,9032
Highly_Fatal_And_Damaging,28.675799086758,13,6,71.8778486782133,0.350011539848539,78.52,4,35527.9742679093,3,0.0652770328532724,6721
Highly_Fatal_And_Damaging,11.5068493150685,18,0,64.5396536007293,0.256610890732059,78.99,6,23081.8398280032,3,0.00532697752793188,10789
Minor_Damage_And_Injuries,31.1872146118721,15,0,54.6490428441203,0.383188604399567,81.71,4,28203.4891265458,2,0.0523085891514352,11973
Highly_Fatal_And_Damaging,52.1004566210046,6,9,88.0583409298086,0.24543166245943,81.1,1,35377.2441941688,4,1.29944862994139,3959
Significant_Damage_And_Serious_Injuries,54.8401826484018,9,6,74.0200546946217,0.238579877389109,78.56,5,36748.2703672973,3,0.0246971318965553,848
Significant_Damage_And_Fatalities,63.1963470319635,13,16,64.4484958979034,0.414201947349441,77.02,7,34740.4394840106,1,0.00307261774491828,1069
Highly_Fatal_And_Damaging,44.4748858447489,8,0,52.6891522333637,0.433314821492968,81.74,4,38457.9501227475,3,0.0709905354811421,8370
Highly_Fatal_And_Damaging,36.1187214611872,11,4,62.5797629899727,0.383909844933285,77.82,2,28248.2003469655,2,0.382297819488116,2152
Significant_Damage_And_Fatalities,95.2511415525114,4,3,78.0765724703738,0.309982690227191,78.31,7,28201.7353365839,2,0.00290596062936777,11432
Significant_Damage_And_Fatalities,20.8675799086758,15,1,55.1959890610757,0.311425171294627,77.13,4,30363.1407518457,1,0.056073195938879,5434
Highly_Fatal_And_Damaging,66.3926940639269,9,7,49.4074749316317,0.444133429498738,78.06,5,6740.55705429001,2,0.00259797974810656,5057
Significant_Damage_And_Serious_Injuries,38.5844748858447,13,4,62.1695533272562,0.42177497295348,86.43,5,21612.7535707374,2,0.0148082405234847,1982
Highly_Fatal_And_Damaging,46.2557077625571,8,12,46.718322698268,0.504717634331049,79.64,6,45343.9869773539,3,0.0119400602625915,2100
Minor_Damage_And_Injuries,28.8584474885845,16,7,52.461257976299,0.38931914893617,79.54,3,18842.7886746802,0,0.0963522969496773,2966
Highly_Fatal_And_Damaging,28.9954337899543,20,7,52.5524156791249,0.280411828344753,87.65,1,37258.0968473545,1,1.37759041351401,10131
Minor_Damage_And_Injuries,45.0228310502283,15,10,89.5168641750228,0.229203750450775,78.76,2,36834.7828425541,2,0.501262149716751,298
Highly_Fatal_And_Damaging,74.703196347032,6,0,42.0692798541477,0.584775333573747,78.03,2,22443.8935714049,2,0.306870692970856,11440
Minor_Damage_And_Injuries,28.5844748858447,20,1,75.2506836827712,0.305294626758024,76.68,4,37164.6419753701,2,0.0680573980642769,7953
Minor_Damage_And_Injuries,39.8173515981735,17,7,62.2607110300821,0.307818968626037,78.46,1,26989.6146435872,1,0.992974229396275,9314
Significant_Damage_And_Fatalities,47.5342465753425,18,0,57.7484047402006,0.282214929679048,85.9,2,32108.8944544788,2,0.433461888131798,2102
Minor_Damage_And_Injuries,42.5114155251142,16,0,84.6855059252507,0.192781103498016,79.98,2,33941.903054487,3,0.459495411657297,1249
Significant_Damage_And_Serious_Injuries,42.3287671232877,12,4,61.8960802187785,0.381746123332131,80.22,6,39406.0129733101,3,0.0093983482120637,12284
Highly_Fatal_And_Damaging,47.4885844748858,14,2,41.841385597083,0.745972592859718,78.37,5,21876.099922363,2,0.0138046165219183,5157
Minor_Damage_And_Injuries,48.2648401826484,14,1,77.3473108477666,0.256610890732059,76.77,2,42688.6369208672,2,0.577208625420804,4954
Significant_Damage_And_Fatalities,38.8584474885845,10,7,54.3299908842297,0.261659574468085,77.13,4,18614.2680854717,2,0.0344048446195062,7283
Significant_Damage_And_Serious_Injuries,32.8767123287671,15,5,79.535095715588,0.267429498737829,76.9,6,38631.0171950936,3,0.009890619145082,1713
Significant_Damage_And_Fatalities,43.2420091324201,19,4,62.5797629899727,0.28870609448251,80.96,2,37967.5513248833,1,0.512288112606264,7833
Minor_Damage_And_Injuries,38.1735159817352,17,0,74.0656335460346,0.264905156869816,81.73,2,34379.3077561369,2,0.46264184239205,12063
Highly_Fatal_And_Damaging,35.1598173515982,11,2,83.6827711941659,0.351093400649116,76.8,7,42374.4708608255,2,0.00383954490498635,6269
Significant_Damage_And_Fatalities,27.8538812785388,13,2,47.2652689152234,0.444133429498738,87,2,30701.4903580148,1,0.413957736616592,3265
Minor_Damage_And_Injuries,56.2557077625571,12,13,62.1695533272562,0.317916336098088,79.23,5,41329.4435546774,0,0.0271944992276457,4377
Significant_Damage_And_Fatalities,26.2557077625571,14,2,55.1504102096627,0.260938333934367,79.49,1,40987.1094313103,3,1.50734589361924,1906
Minor_Damage_And_Injuries,68.3561643835616,8,2,64.9954421148587,0.336668589974756,78.13,4,15868.4439388883,3,0.0297934856381292,12015
Significant_Damage_And_Fatalities,72.4657534246575,10,10,60.5742935278031,0.474064911648034,78.31,7,29171.2113721281,2,0.00282523700614346,5727
Minor_Damage_And_Injuries,40.7305936073059,13,10,45.6700091157703,0.521306166606563,81.42,3,39380.2913549638,1,0.195566783180496,3515
Significant_Damage_And_Fatalities,44.4292237442922,8,0,38.7876025524157,0.707746844572664,84.9,3,30129.0234626743,3,0.149678160752922,9130
Significant_Damage_And_Serious_Injuries,59.8173515981735,14,15,48.8149498632635,0.560613775694194,79.54,7,28245.641261576,3,0.00290087927234828,3351
Significant_Damage_And_Fatalities,70.3196347031963,11,4,66.1349134001823,0.278608727010458,78.52,7,40019.496871603,4,0.00347140189585361,2799
Highly_Fatal_And_Damaging,45.5251141552511,8,3,69.7356426618049,0.305294626758024,82.37,7,38872.6795592111,2,0.0034535908318688,8514
Significant_Damage_And_Serious_Injuries,50.2739726027397,16,0,51.9143117593437,0.480556076451497,77.27,7,35960.9764022568,3,0.00322758081539916,2644
Minor_Damage_And_Injuries,50.1369863013699,13,6,73.4731084776664,0.28870609448251,82.52,1,32433.0364877786,1,1.18304526786249,2635
Minor_Damage_And_Injuries,46.1187214611872,15,3,72.3336371923428,0.302409664623152,77.56,2,31603.8816790219,4,0.424911513212429,892
Highly_Fatal_And_Damaging,32.1461187214612,12,2,59.9817684594348,0.244349801658853,81.26,2,22730.4709071459,1,0.305294200382334,12046
Significant_Damage_And_Serious_Injuries,46.1643835616438,11,3,72.105742935278,0.351454020915975,78.03,3,32471.8667825378,3,0.16258386348284,10739
Highly_Fatal_And_Damaging,72.5570776255708,7,19,47.4020054694622,0.438724125495853,83.5,6,39964.6882619404,1,0.00957855306754419,5496
Significant_Damage_And_Fatalities,64.2009132420091,13,7,70.4193254329991,0.2923122971511,78.14,7,16229.7283441618,1,0.00141891090081298,4179
Highly_Fatal_And_Damaging,56.6666666666667,11,14,70.6927985414767,0.3785005409304,79.23,2,26391.6316884865,2,0.35682265469168,9550
Highly_Fatal_And_Damaging,25.296803652968,14,3,76.8003646308113,0.361190768121168,80.64,4,36539.8993329714,3,0.0677018072057364,5330
Highly_Fatal_And_Damaging,43.1963470319635,9,22,73.6098450319052,0.404104579877389,80.83,4,49040.7161051711,3,0.0905402526442483,10180
Significant_Damage_And_Serious_Injuries,26.1187214611872,17,6,63.1722880583409,0.330898665705012,76.98,6,28164.6002001739,1,0.00687215599404899,11328
Significant_Damage_And_Serious_Injuries,62.7853881278539,6,5,76.8915223336372,0.4866866209881,78.44,1,33179.9160046628,1,1.22513471747551,7923
Significant_Damage_And_Serious_Injuries,49.7260273972603,10,7,71.9690063810392,0.362272628921745,78.14,6,35974.8217427248,2,0.0092353588658826,6306
Minor_Damage_And_Injuries,40.2283105022831,13,9,56.7912488605287,0.564219978362784,81.71,4,36204.5409885204,3,0.0658927127051911,9195
Significant_Damage_And_Fatalities,21.8721461187215,15,24,47.0829535095716,0.804753696357736,78.59,1,46768.8221857607,1,1.73422879922716,8006
Highly_Fatal_And_Damaging,33.8356164383562,11,5,50.0911577028259,0.745972592859718,78.37,3,28135.9173146792,3,0.140526429214543,4585
Significant_Damage_And_Serious_Injuries,45.7077625570776,11,9,67.4111212397448,0.312507032095204,79.17,3,26069.4968678269,2,0.129889248308694,9704
Significant_Damage_And_Fatalities,44.8858447488584,8,12,52.8258887876026,0.366960692390912,79.39,1,15470.4108911639,1,0.56145735508579,4885
Significant_Damage_And_Serious_Injuries,54.6575342465753,9,3,56.9735642661805,0.469376848178867,76.48,7,24997.8752590926,2,0.00234606575500546,4889
Highly_Fatal_And_Damaging,44.8401826484018,8,10,83.8195077484048,0.199632888568337,76.89,4,31213.7522212017,2,0.0577524992640029,3879
Significant_Damage_And_Serious_Injuries,61.2328767123288,10,1,52.1877848678213,0.404825820411107,75.98,7,33573.2699399035,3,0.0033047001729781,5486
Highly_Fatal_And_Damaging,34.6118721461187,11,5,59.3892433910666,0.390761630003606,80.27,2,32793.2571499654,1,0.442575446115247,4359
Highly_Fatal_And_Damaging,39.8173515981735,9,6,76.8459434822243,0.492456545257843,78.4,1,24314.5667574427,2,0.898387825256726,11951
Highly_Fatal_And_Damaging,37.5342465753425,10,1,64.3573381950775,0.204320952037505,81.26,4,39996.5548245716,1,0.0731233481438206,5047
Significant_Damage_And_Serious_Injuries,41.9634703196347,12,2,74.5214220601641,0.321883159033537,84.62,6,13740.0130399566,3,0.00339293712236319,764
Significant_Damage_And_Fatalities,68.0365296803653,12,5,68.049225159526,0.527797331410025,77.62,7,21977.3775684116,4,0.00189097153609756,1141
Minor_Damage_And_Injuries,44.4292237442922,12,15,57.1558796718323,0.366960692390912,78.47,7,39241.561083223,1,0.00371708742935262,2019
Significant_Damage_And_Serious_Injuries,57.0776255707762,8,21,65.0865998176846,0.293394157951677,80.8,6,39242.1984983224,2,0.0100809469366386,9271
Significant_Damage_And_Serious_Injuries,43.4246575342466,12,1,59.2069279854148,0.412038225748287,83.63,6,42442.8852384222,1,0.0105864665990747,7450
Significant_Damage_And_Serious_Injuries,34.0182648401826,15,2,51.1850501367366,0.644998918139199,78.37,3,26385.0415378019,3,0.131340504997494,7057
Significant_Damage_And_Serious_Injuries,77.5799086757991,4,2,54.922515952598,0.427905517490083,86.39,7,22753.2773234342,3,0.00166863062454567,7148
Minor_Damage_And_Injuries,51.2328767123288,13,1,58.97903372835,0.362633249188604,79.01,1,34626.8862524966,1,1.27597904434728,10552
Significant_Damage_And_Serious_Injuries,51.0045662100457,10,15,56.3810391978122,0.311785791561485,79.43,3,27384.8076695731,3,0.135825197385825,711
Significant_Damage_And_Serious_Injuries,36.0730593607306,14,3,82.9079307201459,0.372009376126938,80.64,3,15865.8721701261,2,0.0803772078482256,3591
Highly_Fatal_And_Damaging,54.0182648401826,12,17,54.4667274384686,0.388237288135593,75.8,1,47529.6867723926,2,1.72052881699442,11622
Highly_Fatal_And_Damaging,4.79452054794521,20,1,68.915223336372,0.203960331770645,78.7,6,16238.5861110973,4,0.00340580872302167,450
Significant_Damage_And_Serious_Injuries,48.9041095890411,17,16,49.1340018231541,0.422496213487198,77.78,7,29289.6517614832,3,0.0025795310297736,1735
Significant_Damage_And_Serious_Injuries,26.3013698630137,17,9,62.4886052871468,0.509405697800216,77.78,2,15019.8612615203,3,0.201188155107519,4826
Significant_Damage_And_Serious_Injuries,15.0228310502283,20,2,76.7547857793984,0.224876307248467,79.15,3,34522.3491637318,0,0.170645148830517,2382