Severity,Safety_Score,Days_Since_Inspection,Total_Safety_Complaints,Control_Metric,Turbulence_In_gforces,Cabin_Temperature,Accident_Type_Code,Max_Elevation,Violations,Adverse_Weather_Metric,Accident_ID
Significant_Damage_And_Fatalities,56.7123287671233,15,12,59.6627164995442,0.423217454020916,79.37,7,33387.8483064781,3,0.00326623839026802,707
Minor_Damage_And_Injuries,58.4931506849315,11,2,73.4731084776664,0.297360980887126,76.93,1,28185.910470363,2,1.05028681182213,10693
Significant_Damage_And_Serious_Injuries,30.9132420091324,16,0,76.5268915223336,0.386434186801298,79.81,3,23102.2576815429,2,0.114217417558227,3770
Minor_Damage_And_Injuries,54.0639269406393,12,7,61.9416590701914,0.507241976199062,80.07,5,43914.0768249921,1,0.0303240089034753,10642
Significant_Damage_And_Serious_Injuries,37.9908675799087,13,1,77.028258887876,0.294476018752254,81.25,3,22597.0959547712,1,0.111428701057596,6017
Significant_Damage_And_Fatalities,58.7671232876712,14,1,65.1321786690975,0.293033537684818,78.95,1,39242.1984983224,1,1.44569257769582,3418
Highly_Fatal_And_Damaging,17.351598173516,16,6,69.5533272561531,0.224876307248467,80.92,1,32421.108118941,1,1.19446292420765,10329
Minor_Damage_And_Injuries,31.689497716895,19,0,57.8395624430264,0.311425171294627,77.94,3,40114.3609726391,4,0.199589398231174,1023
Significant_Damage_And_Serious_Injuries,51.3698630136986,17,5,55.9708295350957,0.462525063108547,77.4,7,31087.6739161044,2,0.00267087052186686,2358
Highly_Fatal_And_Damaging,29.7260273972603,13,4,84.2297174111213,0.301327803822575,77.11,4,27037.416414391,1,0.0489153100752888,4570
Highly_Fatal_And_Damaging,30.5022831050228,12,0,64.1750227894257,0.513011900468806,77.56,4,35012.5425984798,0,0.063739607576504,7735
Minor_Damage_And_Injuries,48.9954337899543,10,8,56.9279854147676,0.47190119004688,84.42,6,18675.6384579321,0,0.00428006250744553,1760
Significant_Damage_And_Serious_Injuries,34.7488584474886,15,8,68.003646308113,0.367321312657771,79.01,7,55360.3569171219,2,0.00480480829412016,5279
Highly_Fatal_And_Damaging,43.6529680365297,9,8,73.4731084776664,0.311064551027768,80.71,3,33257.5951870857,0,0.165002363929807,11131
Minor_Damage_And_Injuries,50.2739726027397,10,4,48.7237921604376,0.384991705733862,78.06,3,32121.255934815,2,0.160120932295153,11888
Minor_Damage_And_Injuries,61.6438356164383,10,0,83.5460346399271,0.237858636855391,79.83,2,44244.903458707,3,0.599068990448829,1177
Significant_Damage_And_Fatalities,66.1187214611872,12,5,60.1640838650866,0.306376487558601,78.36,7,30653.9244031523,5,0.00267114760160348,6565
Significant_Damage_And_Serious_Injuries,26.7123287671233,17,8,64.3573381950775,0.330538045438154,77.58,3,27480.0655746523,1,0.135850462114308,7908
Minor_Damage_And_Injuries,36.3470319634703,14,2,52.4156791248861,0.456033898305084,78.47,7,33289.1776385925,1,0.0031164589957626,7015
Significant_Damage_And_Serious_Injuries,56.1187214611872,8,1,75.8887876025524,0.243989181391994,81.53,1,26632.0129708879,4,0.972402662659163,12047
Significant_Damage_And_Fatalities,29.2694063926941,13,0,45.6700091157703,0.509405697800216,77.16,4,29502.7634210532,1,0.0533984110646786,1344
Highly_Fatal_And_Damaging,11.8721461187215,18,4,61.3035551504102,0.40735016227912,78.96,7,31647.884323696,2,0.00287100899711365,2127
Significant_Damage_And_Serious_Injuries,34.4748858447488,14,17,72.0145852324522,0.179438153624233,79.86,3,29310.9552448007,1,0.145447149829291,11993
Significant_Damage_And_Serious_Injuries,52.9680365296804,9,11,69.8723792160438,0.475146772448611,79,3,27563.6657696117,1,0.138218629477214,8758
Highly_Fatal_And_Damaging,33.7899543378995,11,6,72.8805834092981,0.336668589974756,82.21,4,27780.2101903398,3,0.0506515878177534,5327
Minor_Damage_And_Injuries,48.9041095890411,14,7,37.6481312670921,0.605691309051569,86.59,5,41873.4884147618,2,0.0281920327260977,9639
Highly_Fatal_And_Damaging,25.9817351598173,14,4,60.3463992707384,0.28149368914533,76.4,4,43870.357040907,2,0.0796416216471924,9229
Highly_Fatal_And_Damaging,31.3698630136986,12,12,67.7301731996354,0.390401009736747,79.08,5,29273.781013177,3,0.0198462668231589,467
Significant_Damage_And_Serious_Injuries,68.675799086758,11,6,52.5524156791249,0.590184637576631,82.13,6,38340.917759317,1,0.00971436271891638,1373
Significant_Damage_And_Serious_Injuries,46.2100456621004,11,0,62.7620783956244,0.280051208077894,79.15,4,21402.7601137385,3,0.0392500739871597,4968
Significant_Damage_And_Serious_Injuries,48.7214611872146,10,0,61.2123974475843,0.639950234403173,76.79,3,10393.0547497419,2,0.0560173007963913,1086
Minor_Damage_And_Injuries,35.8904109589041,14,4,56.0619872379216,0.345323476379372,79.97,3,32121.255934815,3,0.160237023074609,10505
Significant_Damage_And_Serious_Injuries,33.6529680365297,15,6,69.5533272561531,0.230646231518211,77.1,3,24386.649921265,1,0.123395575463048,12459
Significant_Damage_And_Fatalities,49.4520547945205,17,5,86.2351868732908,0.333783627839884,79.81,7,28356.8132043199,1,0.00262759331216413,108
Minor_Damage_And_Injuries,30.5936073059361,19,1,64.3117593436645,0.438363505228994,78.63,5,30685.6982213411,3,0.0195516826413514,1125
Highly_Fatal_And_Damaging,18.7671232876712,16,2,74.1567912488605,0.238940497655968,80.78,1,35006.6478704957,3,1.29520155662408,5678
Significant_Damage_And_Fatalities,72.7853881278539,10,1,59.1613491340018,0.312507032095204,78.97,7,28183.3231299795,3,0.00277595369618666,10531
Minor_Damage_And_Injuries,76.6666666666667,6,21,74.3391066545123,0.27428128380815,75.94,1,33959.191621618,3,1.25753521365365,6184
Minor_Damage_And_Injuries,42.4200913242009,12,15,53.6007292616226,0.524191128741435,83.73,3,34305.0853441854,2,0.17078321571126,11473
Significant_Damage_And_Serious_Injuries,40.6849315068493,13,6,75.4785779398359,0.391122250270465,77.65,6,49461.7985956107,2,0.0122725648420376,9090
Highly_Fatal_And_Damaging,49.7260273972603,7,0,78.0765724703738,0.281133068878471,79.01,4,41279.1569541231,2,0.0751863237275054,8563
Highly_Fatal_And_Damaging,50.3196347031963,6,1,78.0765724703738,0.241104219257122,77.85,5,28684.0676385967,1,0.0187014909382164,2193
Significant_Damage_And_Fatalities,69.9543378995434,11,1,64.2661804922516,0.319358817165525,81.85,6,28153.6835624095,2,0.00644607509586762,12209
Significant_Damage_And_Fatalities,27.3972602739726,13,6,51.0483135824977,0.581529751172016,81.44,1,41465.6476353107,3,1.50783149128232,7984
Minor_Damage_And_Injuries,67.3059360730594,12,3,72.7438468550593,0.390040389469888,78.56,5,42842.0382744754,3,0.0286321409870276,11023
Minor_Damage_And_Injuries,51.2328767123288,13,1,57.383773928897,0.303852145690588,77.2,2,37713.772281611,3,0.513039501471087,12208
Significant_Damage_And_Fatalities,41.689497716895,19,8,72.8805834092981,0.259135232600072,80.06,7,33425.2255805168,2,0.0032646245817578,11363
Minor_Damage_And_Injuries,31.5525114155251,19,11,76.8003646308113,0.380303642264695,82.82,4,30719.4991147123,2,0.0560558043214879,8844
Significant_Damage_And_Fatalities,73.5159817351598,10,19,57.5205104831358,0.35686332491886,83.72,7,39189.4780352356,3,0.00353158083940347,8250
Significant_Damage_And_Serious_Injuries,50.4109589041096,10,0,73.0628988149499,0.272117562206996,82.58,6,39280.6384452088,3,0.00967034017568106,2053
Highly_Fatal_And_Damaging,28.9497716894977,13,4,62.2607110300821,0.443772809231878,82.72,4,24892.5561259657,2,0.0462706745428268,4777
Significant_Damage_And_Serious_Injuries,27.1232876712329,17,1,57.2926162260711,0.438724125495853,83.58,7,23842.4324905691,1,0.00234606575500546,6376
Minor_Damage_And_Injuries,63.1050228310502,6,7,52.6435733819508,0.284739271547061,77.16,2,31487.5567418341,4,0.42706926105018,11731
Minor_Damage_And_Injuries,61.6438356164383,10,5,70.3281677301732,0.325849981968986,76.45,5,34292.3523245949,2,0.0228367689591343,9601
Significant_Damage_And_Fatalities,36.027397260274,11,3,46.0346399270738,0.606773169852146,86.47,4,33871.586283706,3,0.0621354412786752,11860
Highly_Fatal_And_Damaging,22.3287671232877,15,14,81.7684594348222,0.355060223584565,89.19,4,47592.316643138,2,0.0865963416873615,12386
Highly_Fatal_And_Damaging,44.5205479452055,8,10,62.2607110300821,0.332701767039307,77.13,4,58297.4802661454,0,0.100579962364862,9786
Highly_Fatal_And_Damaging,47.4885844748858,14,8,49.8176845943483,0.346405337179949,78.32,2,36091.5527721269,2,0.489011562768232,92
Significant_Damage_And_Serious_Injuries,54.2465753424657,5,2,55.6517775752051,0.604970068517851,81.79,3,27569.7208350064,3,0.137550417696252,1961
Significant_Damage_And_Serious_Injuries,43.2876712328767,12,10,70.1458523245214,0.41095636494771,78.31,3,33346.9717068899,1,0.16646731576656,8892
Minor_Damage_And_Injuries,30.8219178082192,16,14,57.0191431175934,0.538976559682654,80.92,5,43914.0768249921,3,0.0291145437269025,5141
Highly_Fatal_And_Damaging,30.5936073059361,12,1,68.6417502278943,0.413480706815723,79.7,6,40657.7633959541,2,0.0102445448171566,2846
Significant_Damage_And_Serious_Injuries,66.5753424657534,8,2,37.2835004557886,0.680339704291381,84.9,1,31618.5684248395,2,1.15522683936208,2456
Highly_Fatal_And_Damaging,39.2694063926941,10,5,75.9343664539654,0.293394157951677,79.81,4,35683.7717435303,3,0.0648977629890459,12408
Highly_Fatal_And_Damaging,56.5753424657534,11,14,70.1914311759344,0.404465200144248,80.42,2,41708.64182517,3,0.567201132594691,5871
Highly_Fatal_And_Damaging,25.1141552511416,14,11,65.587967183227,0.391843490804183,77.68,4,36305.7929992729,1,0.0657919157803562,6521
Significant_Damage_And_Serious_Injuries,43.4246575342466,12,2,57.5205104831358,0.465770645510278,84.42,6,45002.0079321222,3,0.0114089976100017,8032
Minor_Damage_And_Injuries,71.689497716895,4,19,56.2443026435734,0.35686332491886,81.62,2,37411.153141132,3,0.505802785572527,3017
Minor_Damage_And_Injuries,44.0182648401826,15,3,67.6845943482224,0.262741435268662,76.93,2,20061.5449045476,2,0.270944893610654,5431
Highly_Fatal_And_Damaging,44.8858447488584,8,0,58.5232452142206,0.46865560764515,82.8,4,25050.0244984021,2,0.0462706745428268,9814
Significant_Damage_And_Fatalities,40.6392694063927,9,3,41.02096627165,0.543304002884962,80.15,1,34325.6150767811,3,1.26365508201826,8159
Minor_Damage_And_Injuries,38.6301369863014,13,1,56.1531449407475,0.372369996393797,80.77,3,21268.8395478725,0,0.105814390731254,1640
Minor_Damage_And_Injuries,62.4657534246575,10,15,73.6554238833182,0.335947349441038,80.42,2,37297.0932027602,4,0.504117435127591,1032
Highly_Fatal_And_Damaging,49.5890410958904,7,3,75.8432087511395,0.368763793725207,79.3,3,34132.2412197546,2,0.17089911377233,2326
Significant_Damage_And_Fatalities,10.8675799086758,18,2,44.0291704649043,0.432232960692391,81.14,2,27376.1722427695,2,0.369357073209878,11231
Significant_Damage_And_Fatalities,24.7945205479452,14,0,55.7885141294439,0.309261449693473,81.78,4,37014.2169525702,2,0.0672799843490762,10738
Significant_Damage_And_Serious_Injuries,26.5753424657534,17,8,82.0875113947128,0.221630724846736,79.83,2,42639.2344368458,2,0.577773876497628,7326
Significant_Damage_And_Serious_Injuries,26.1187214611872,17,11,70.5560619872379,0.293394157951677,79.75,7,47749.6542219789,4,0.00474673776165719,255
Highly_Fatal_And_Damaging,63.6529680365297,10,1,54.2844120328168,0.457476379372521,79.1,2,11806.5506664532,2,0.146846222191999,1134
Minor_Damage_And_Injuries,55.9360730593607,12,1,88.6052871467639,0.151670393076091,82.45,2,12091.874378794,2,0.163093375665196,323
Minor_Damage_And_Injuries,57.7168949771689,11,0,77.073837739289,0.240022358456545,81.53,1,25956.9935017014,1,0.956487162536968,11127
Significant_Damage_And_Serious_Injuries,44.0639269406393,12,4,66.7730173199635,0.246513523260007,82.53,1,23291.3274000395,1,0.862834890848204,12226
Highly_Fatal_And_Damaging,32.6027397260274,12,21,67.4567000911577,0.276084385142445,87.51,4,26813.1845680268,2,0.0489849322409907,4943
Significant_Damage_And_Serious_Injuries,63.1506849315068,6,6,48.1312670920693,0.560613775694194,78.31,6,32768.2794642284,2,0.00773208720267557,1891
Significant_Damage_And_Serious_Injuries,40.8675799086758,13,0,64.2206016408387,0.331259285971872,78.71,2,39030.5654538575,2,0.524659159217321,5307
Significant_Damage_And_Serious_Injuries,56.3013698630137,8,1,80.8568824065634,0.232449332852506,77.08,3,28890.1525672434,2,0.141555437659519,4771
Highly_Fatal_And_Damaging,37.2146118721461,10,4,60.3919781221513,0.343159754778218,75.21,4,30231.9993157823,2,0.0560106003796652,12205
Significant_Damage_And_Serious_Injuries,26.3470319634703,17,14,62.8988149498633,0.492095924990984,83.1,3,19618.548566256,3,0.0977072229361203,11884
Significant_Damage_And_Fatalities,21.9634703196347,15,5,49.0884229717411,0.582250991705733,82.27,4,32372.4222574949,0,0.0590167173353565,9268
Highly_Fatal_And_Damaging,57.0776255707762,11,22,51.0483135824977,0.581529751172016,79.75,3,10571.2705834972,3,0.0538389856628405,3907
Significant_Damage_And_Serious_Injuries,40.4109589041096,20,1,42.7985414767548,0.432232960692391,79.56,6,8706.41207763477,3,0.00279254182406123,9019
Significant_Damage_And_Serious_Injuries,58.4474885844749,4,7,74.4302643573382,0.46865560764515,75.96,2,33309.9400006456,3,0.449741028719997,7006
Highly_Fatal_And_Damaging,44.5662100456621,15,7,48.2224247948952,0.660144969347277,79.06,1,38365.1310509113,1,1.41153842752558,3913
Highly_Fatal_And_Damaging,14.5205479452055,17,8,63.6736554238833,0.556286332491886,80.02,4,44977.6137603199,3,0.0810705920997322,5867
Significant_Damage_And_Serious_Injuries,48.3561643835616,11,0,79.8541476754786,0.358305805986296,88.47,6,831.69555342133,2,0.00120635874796911,7703
Highly_Fatal_And_Damaging,15.8447488584475,17,3,88.0583409298086,0.279329967544176,78.23,1,38564.129227285,2,1.42675995572906,6394
Minor_Damage_And_Injuries,47.9908675799087,11,1,56.1531449407475,0.556646952758745,87.34,6,44189.1782903536,1,0.0105196245590474,6732
Significant_Damage_And_Serious_Injuries,42.6940639269406,12,6,76.0711030082042,0.305294626758024,81.27,5,24377.0453612042,1,0.0167089995452952,4983
Minor_Damage_And_Injuries,38.4474885844749,17,3,59.2980856882407,0.439084745762712,79.56,2,32230.500067409,0,0.437152374319489,2203
Highly_Fatal_And_Damaging,4.65753424657534,20,0,65.3144940747493,0.312507032095204,83.73,4,25287.0457895987,3,0.045618295027618,1815
Significant_Damage_And_Fatalities,11.324200913242,18,4,56.1075660893346,0.338111071042192,79.71,4,47245.2344742998,3,0.0865963416873615,5961
Highly_Fatal_And_Damaging,54.703196347032,12,1,40.2917046490429,0.59090587811035,79.35,2,44821.4006674425,4,0.605991662537284,12165
Significant_Damage_And_Serious_Injuries,62.283105022831,13,5,54.7857793983592,0.476589253516048,75.9,7,48071.5632292328,3,0.0043835591564751,8432
Significant_Damage_And_Fatalities,65.296803652968,13,16,70.4193254329991,0.394007212405337,78.51,2,9065.40417066948,2,0.11504654874931,754
Significant_Damage_And_Fatalities,43.2420091324201,19,12,72.8805834092981,0.351814641182834,83.08,7,18487.7871773113,2,0.0015882474557445,6810
Significant_Damage_And_Fatalities,78.675799086758,9,5,63.2634457611668,0.498947710061305,77.62,3,23340.3470114836,3,0.11615420110311,3932
Significant_Damage_And_Serious_Injuries,47.5799086757991,11,10,70.1914311759344,0.391482870537324,79.77,6,26277.0351261399,2,0.00671581825621283,2797
Highly_Fatal_And_Damaging,46.1187214611872,8,8,67.4111212397448,0.219827623512441,77.13,1,33848.1611167429,1,1.24220464545647,4647
Significant_Damage_And_Serious_Injuries,32.0547945205479,15,3,62.0783956244303,0.344962856112513,81,2,48525.8603425376,2,0.653900333012144,3215
Significant_Damage_And_Fatalities,82.7853881278539,7,21,82.1786690975388,0.199272268301479,84.83,6,42820.7213445713,2,0.0105196245590474,3137
Significant_Damage_And_Serious_Injuries,52.4200913242009,16,3,53.7374658158614,0.491374684457266,76.79,7,26534.3553750206,4,0.00233885574327616,915
Significant_Damage_And_Serious_Injuries,20.8675799086758,19,2,77.3473108477666,0.344602235845654,76.75,1,19621.8759483386,2,0.723355681550488,2709
Highly_Fatal_And_Damaging,59.6803652968037,14,12,54.8313582497721,0.607855030652723,76.19,2,40421.4333902048,0,0.545562193337738,11349
Highly_Fatal_And_Damaging,19.2237442922374,16,3,75.4785779398359,0.23821925712225,79.8,1,26701.689501,5,0.986401935491245,2042
Significant_Damage_And_Serious_Injuries,45.2054794520548,11,16,72.2424794895169,0.493899026325279,77.59,6,43188.458698422,1,0.0105692095171719,11298
Significant_Damage_And_Fatalities,76.8493150684932,9,16,63.5369188696445,0.321883159033537,82.14,5,26727.9540994319,0,0.0183988257543123,2121
Significant_Damage_And_Fatalities,56.6666666666667,15,12,57.5205104831358,0.372009376126938,82,7,18487.7871773113,4,0.00177707607814731,6311
Significant_Damage_And_Serious_Injuries,48.8127853881278,10,7,68.3226982680037,0.16284962134872,79.08,3,25093.1260664619,3,0.12399500240157,2676
Minor_Damage_And_Injuries,60.365296803653,10,0,57.6572470373747,0.399055896141363,78.11,2,28929.7446693501,2,0.390799415182943,3690
Minor_Damage_And_Injuries,22.9223744292237,23,4,67.9580674567001,0.386073566534439,79.58,4,12598.3641491423,0,0.0234445543728166,10023
Significant_Damage_And_Serious_Injuries,52.9223744292237,9,3,73.3363719234275,0.434396682293545,85.72,4,26335.2237996347,2,0.0484619583526901,10989
Significant_Damage_And_Fatalities,23.1050228310502,14,15,54.2844120328168,0.416005048683736,77.9,4,28798.0480891183,2,0.0541065660538752,12184
Minor_Damage_And_Injuries,34.8401826484018,14,5,51.4129443938013,0.30313090515687,82.3,3,22539.7166897045,1,0.112198793945968,12001
Highly_Fatal_And_Damaging,41.1415525114155,9,8,72.3792160437557,0.431151099891814,81.44,4,35683.7170907573,0,0.0650374206705968,8308
Minor_Damage_And_Injuries,45.4794520547945,15,5,66.8641750227894,0.263823296069239,79.47,2,51474.8711787021,3,0.715453968554195,5003
Significant_Damage_And_Fatalities,32.3744292237443,12,21,47.1741112123974,0.721450414713307,83.58,4,43803.4361082034,3,0.0800334853925099,1321
Highly_Fatal_And_Damaging,27.8538812785388,13,3,67.2743846855059,0.327292463036423,79.06,4,35500.5630256623,3,0.0653181121306263,10441
Significant_Damage_And_Serious_Injuries,37.5342465753425,14,4,63.6736554238833,0.320440677966102,78.09,4,24523.4215423173,2,0.0443042071804465,8059
Minor_Damage_And_Injuries,33.013698630137,18,2,74.9316317228806,0.222351965380454,77.47,7,28852.4655752009,2,0.00279216318896713,2373
Minor_Damage_And_Injuries,37.7625570776256,14,4,54.4667274384686,0.372009376126938,82.99,2,26172.1782344246,3,0.355282942083275,9034
Highly_Fatal_And_Damaging,27.8538812785388,13,5,67.2743846855059,0.304212765957447,76.33,4,34218.5019171156,1,0.0626562639126589,12176
Minor_Damage_And_Injuries,69.3607305936073,8,0,76.4813126709207,0.474425531914894,86.58,2,40898.7067220507,3,0.554227832031061,6238
Minor_Damage_And_Injuries,47.0319634703196,14,2,65.0865998176846,0.321883159033537,78.82,5,36656.5473460937,5,0.0245406632757047,2520
Significant_Damage_And_Fatalities,56.0730593607306,15,0,86.9644484958979,0.289066714749369,80.65,7,38986.2869388142,2,0.00366521510048756,2762
Significant_Damage_And_Serious_Injuries,63.6986301369863,6,0,58.8422971741112,0.492456545257843,79.39,2,26033.5453776392,2,0.352167585370447,7999
Significant_Damage_And_Fatalities,51.5525114155251,17,8,59.7994530537831,0.474786152181753,78.87,7,31108.8785742791,3,0.00290877946932873,2419
Significant_Damage_And_Fatalities,63.9269406392694,13,0,56.1531449407475,0.345323476379372,77.2,7,42105.7225608308,3,0.00380478817408631,7802
Minor_Damage_And_Injuries,29.8173515981735,16,6,47.1741112123974,0.491014064190407,81.45,1,19507.2239268193,4,0.728658038491673,4204
Highly_Fatal_And_Damaging,49.3607305936073,7,8,70.0091157702826,0.251562206996033,81.1,4,21376.9966971613,3,0.0392500739871597,7644
Significant_Damage_And_Serious_Injuries,54.8401826484018,8,40,63.9015496809481,0.394007212405337,79.59,7,45751.9834127951,3,0.00395021646980087,10772
Significant_Damage_And_Serious_Injuries,57.5342465753425,8,0,80.6289881494986,0.232449332852506,78.72,1,29451.4297513069,2,1.07868990698059,4304
Minor_Damage_And_Injuries,43.37899543379,12,7,41.4311759343665,0.725417237648755,79.14,2,35589.5936216274,1,0.482865676422502,4110
Significant_Damage_And_Fatalities,35.0684931506849,11,6,56.7912488605287,0.52960043274432,80.92,1,31787.1152516235,3,1.16677479820232,805
Significant_Damage_And_Fatalities,32.9223744292237,12,2,50.8659981768459,0.502553912729895,78.16,4,27296.4950902876,0,0.0502229972557038,10070
Highly_Fatal_And_Damaging,29.4063926940639,13,5,52.3245214220602,0.280411828344753,77.92,4,18799.4895727458,4,0.0347244886933957,7556
Significant_Damage_And_Fatalities,70.4109589041096,11,1,68.6417502278943,0.404825820411107,79.61,7,22248.3350362665,2,0.00158463449450432,9625
Minor_Damage_And_Injuries,38.4474885844749,17,22,67.3655423883318,0.324768121168409,78.18,6,42630.26184936,1,0.0110794939431453,8848
Significant_Damage_And_Serious_Injuries,41.1872146118721,13,3,94.0747493163172,0.261659574468085,83.65,5,39455.0809877443,2,0.025793731905657,6482
Highly_Fatal_And_Damaging,9.36073059360731,19,9,58.5688240656335,0.478392354850342,77.51,3,34198.7569609193,3,0.170645148830517,8656
Minor_Damage_And_Injuries,34.0182648401826,15,1,21.1485870556062,0.804753696357736,77.64,3,44182.8331581808,2,0.220238164001149,8993
Highly_Fatal_And_Damaging,20.4566210045662,15,2,65.9070191431176,0.588020915975477,79.58,4,22183.2572144078,2,0.0412718889170117,11150
Significant_Damage_And_Fatalities,40.5479452054794,20,1,50.3646308113035,0.438002884962135,78.09,2,35845.5631116782,1,0.484430431994035,7515
Highly_Fatal_And_Damaging,43.3333333333333,15,4,49.8176845943483,0.408432023079697,82.66,2,36091.5527721269,3,0.490557059053893,7411
Minor_Damage_And_Injuries,42.1004566210046,16,28,77.4384685505925,0.352535881716553,86.43,2,37806.1841683625,1,0.512288112606264,9554
Minor_Damage_And_Injuries,43.7899543378995,15,3,88.4685505925251,0.217663901911287,75.68,6,33027.7395917952,2,0.00811692898317286,11006
Significant_Damage_And_Fatalities,63.8812785388128,13,2,62.3518687329079,0.402662098809953,85.42,7,29247.4908093916,2,0.00271995270741082,7289
Significant_Damage_And_Serious_Injuries,54.5205479452055,8,6,55.6517775752051,0.503635773530472,75.67,2,35000.8621054718,1,0.473525440021114,11423
Significant_Damage_And_Fatalities,44.5662100456621,8,7,49.6353691886965,0.336668589974756,80.4,7,40130.086673228,2,0.0037116395140295,7149
Highly_Fatal_And_Damaging,32.9223744292237,11,1,71.7866909753874,0.339914172376487,79.14,4,45031.0840390284,1,0.0815350514760914,4955
Highly_Fatal_And_Damaging,4.29223744292237,21,0,73.1084776663628,0.26706887847097,84.78,1,24287.3133510699,0,0.894482923105375,1501
Minor_Damage_And_Injuries,54.5205479452055,9,3,34.9134001823154,0.611100613054453,79.17,3,24626.2329864038,0,0.123159947775821,8648
Minor_Damage_And_Injuries,39.7260273972603,17,17,80.6289881494986,0.23100685178507,78.47,6,21267.7043733175,2,0.0053353160716145,12252
Highly_Fatal_And_Damaging,47.9908675799087,14,0,47.7210574293528,0.634901550667147,78.37,1,41504.7738978047,3,1.52687530274715,3788
Highly_Fatal_And_Damaging,6.98630136986301,19,5,69.644484958979,0.199632888568337,79.07,6,38288.4040060295,3,0.00977993678789187,1182
Significant_Damage_And_Serious_Injuries,50.7762557077626,10,18,62.2607110300821,0.525272989542012,83.73,3,25800.5889851058,3,0.128032619795491,1105
Significant_Damage_And_Serious_Injuries,31.1872146118721,15,0,79.8541476754786,0.228843130183916,78.46,3,30009.4630842364,2,0.149641084203215,6070
Highly_Fatal_And_Damaging,17.5799086757991,16,9,65.587967183227,0.282575549945907,78,4,23004.8947874734,3,0.0422835255042087,1721
Highly_Fatal_And_Damaging,22.9223744292237,15,0,59.3892433910666,0.391482870537324,83.41,1,26365.3863181768,2,0.978454626515347,1019
Minor_Damage_And_Injuries,64.5662100456621,9,11,73.6554238833182,0.391122250270465,79.26,2,38977.2841404624,1,0.527487410542601,11970
Minor_Damage_And_Injuries,43.9269406392694,15,0,79.2160437556974,0.218385142445005,76.41,5,15282.2248119916,1,0.0108072656643546,8302
Significant_Damage_And_Serious_Injuries,36.3013698630137,14,2,64.4940747493163,0.302409664623152,78.63,3,34827.8194688261,1,0.173410918167831,10766
Minor_Damage_And_Injuries,49.0867579908676,14,4,72.151321786691,0.380303642264695,78.62,6,30270.4531606249,2,0.00742835558885906,3798
Significant_Damage_And_Serious_Injuries,39.1780821917808,13,3,74.1567912488605,0.328734944103858,78.59,3,37415.3740987201,1,0.186511988073222,6002
Significant_Damage_And_Serious_Injuries,51.0502283105023,10,5,69.0975387420237,0.315752614496934,82.14,1,33523.7023387974,1,1.23638968430796,7147
Significant_Damage_And_Fatalities,46.62100456621,18,4,64.2206016408387,0.488850342589253,83.01,7,13790.8744728662,2,0.00143197936716161,8102
Significant_Damage_And_Serious_Injuries,69.5433789954338,8,37,45.897903372835,0.785640822214209,79.66,7,35730.4510938833,2,0.00301938466033513,9367
Minor_Damage_And_Injuries,39.634703196347,17,17,76.8915223336372,0.425020555355211,80.43,2,39903.4967278214,3,0.542924325866252,1942
Highly_Fatal_And_Damaging,29.7260273972603,13,8,52.3245214220602,0.304573386224305,77.39,4,29232.8218621799,1,0.0525850364388885,4187
Minor_Damage_And_Injuries,52.3744292237443,13,0,68.1403828623519,0.280411828344753,84.29,5,38523.0586431725,3,0.0264809794842174,2815
Significant_Damage_And_Fatalities,28.9041095890411,13,0,48.7237921604376,0.520945546339704,81.44,3,38814.694103174,3,0.19346483217746,435
Highly_Fatal_And_Damaging,41.0958904109589,16,5,53.6918869644485,0.61939487919221,79.61,2,29498.4301186926,4,0.398856116851596,8907
Minor_Damage_And_Injuries,39.4520547945205,13,0,53.0993618960802,0.269232600072124,77.92,3,26685.2963627824,1,0.132638956145098,2242
Minor_Damage_And_Injuries,41.324200913242,16,7,71.5587967183227,0.333423007573026,76.96,6,21154.8577344722,4,0.00539594244887619,11910
Highly_Fatal_And_Damaging,35.3424657534247,11,6,67.18322698268,0.463967544175982,80.75,4,21270.9086507751,1,0.0389531593294036,9897
Significant_Damage_And_Serious_Injuries,60.1826484018265,14,9,39.8814949863264,0.459279480706816,77.62,4,34947.3962820931,2,0.0644470101331862,8086
Significant_Damage_And_Serious_Injuries,34.8401826484018,14,9,58.7511394712853,0.445936530833032,83.64,6,29784.7464710627,2,0.0070584523468429,6039
Minor_Damage_And_Injuries,62.0091324200913,10,2,66.4995442114859,0.386794807068157,80.72,5,30752.6337971837,4,0.0204566081770176,9618
Minor_Damage_And_Injuries,31.689497716895,15,11,53.6463081130356,0.388597908402452,81.68,5,23999.4411044211,3,0.0151993568543735,4174
Highly_Fatal_And_Damaging,39.8173515981735,9,0,75.38742023701,0.375254958528669,80.21,5,25934.1184942047,1,0.0169721831895714,11562
Minor_Damage_And_Injuries,48.8584474885845,14,1,68.7784867821331,0.274641904075009,77.01,7,39093.6178901909,1,0.00349390200818882,3478
Significant_Damage_And_Serious_Injuries,31.5068493150685,16,4,66.2716499544212,0.417447529751172,82.33,1,32337.3176953635,1,1.1867680681606,9224
Highly_Fatal_And_Damaging,31.9634703196347,12,2,73.5186873290793,0.388958528669311,76.35,1,41633.6539554493,2,1.53113699428564,8827