Severity,Safety_Score,Days_Since_Inspection,Total_Safety_Complaints,Control_Metric,Turbulence_In_gforces,Cabin_Temperature,Accident_Type_Code,Max_Elevation,Violations,Adverse_Weather_Metric,Accident_ID
Significant_Damage_And_Serious_Injuries,62.0091324200913,13,1,56.8368277119417,0.572514244500541,82.64,7,27646.1464476546,2,0.00215598792911573,4947
Significant_Damage_And_Serious_Injuries,51.6438356164384,9,3,88.9243391066545,0.276805625676163,77.53,4,29664.8117944913,2,0.0548024694560782,804
Highly_Fatal_And_Damaging,40.7762557077626,16,6,54.7402005469462,0.467213126577713,81.89,7,28284.3850638428,1,0.00283676253405104,11931
Significant_Damage_And_Fatalities,60.5479452054795,14,11,80.5834092980857,0.293394157951677,77.41,7,48820.2733551817,2,0.00474673776165719,452
Highly_Fatal_And_Damaging,20.2739726027397,15,2,65.9981768459435,0.553401370357014,80.44,4,22183.2572144078,2,0.0408942878895581,7111
Highly_Fatal_And_Damaging,44.8401826484018,8,2,70.9206927985415,0.352535881716553,78.04,3,23340.3470114836,1,0.117866213563163,5980
Significant_Damage_And_Fatalities,24.7945205479452,14,7,40.2917046490429,0.727941579516768,82.49,1,48855.4898240516,1,1.78470437040199,10287
Highly_Fatal_And_Damaging,29.2237442922374,13,1,69.8723792160438,0.224876307248467,86.43,4,11328.5684848134,3,0.0201943376059806,2990
Highly_Fatal_And_Damaging,33.9269406392694,11,7,69.0975387420237,0.462525063108547,82.73,4,35214.8191729282,2,0.0637237663805801,3964
Highly_Fatal_And_Damaging,9.58904109589041,18,19,85.5515041020967,0.211893977641543,76.96,1,31250.1583662827,0,1.1424194449444,845
Minor_Damage_And_Injuries,26.3470319634703,17,1,49.5897903372835,0.439445366029571,77.95,1,40347.886658032,2,1.49815531093095,4249
Significant_Damage_And_Fatalities,89.0867579908676,5,10,63.9015496809481,0.339914172376487,77.98,7,41242.3724679574,0,0.00374946475117307,5893
Significant_Damage_And_Fatalities,30.3196347031963,12,1,48.9061075660894,0.514093761269383,78.63,1,31195.5813468511,3,1.14762130328978,10328
Significant_Damage_And_Serious_Injuries,56.7579908675799,8,2,65.0865998176846,0.431511720158673,80.72,3,27093.5445642043,1,0.133100818437916,5035
Significant_Damage_And_Serious_Injuries,53.1050228310502,13,0,55.5606198723792,0.491374684457266,78.83,3,16039.4043850768,2,0.0789915262449856,10586
Minor_Damage_And_Injuries,51.9178082191781,13,8,78.9425706472197,0.343159754778218,80.26,2,37142.3056797706,0,0.501262149716751,10272
Highly_Fatal_And_Damaging,26.3013698630137,14,4,89.1066545123063,0.275002524341868,79.71,2,28568.1625189766,0,0.387182416712817,11305
Significant_Damage_And_Fatalities,40.8219178082192,9,20,49.4530537830446,0.515536242336819,77.9,1,39565.8344826951,1,1.45971305847908,6990
Highly_Fatal_And_Damaging,19.4977168949772,16,3,71.6499544211486,0.388958528669311,80.4,4,20106.7303917632,4,0.0368680615097747,10943
Significant_Damage_And_Serious_Injuries,47.5342465753425,11,6,66.40838650866,0.395449693472773,81.69,3,39675.1874961908,1,0.197627289388574,9470
Highly_Fatal_And_Damaging,58.310502283105,11,1,50,0.75246375766318,76.01,2,35070.3331931138,1,0.475322665637944,3523
Minor_Damage_And_Injuries,52.3744292237443,13,4,61.9416590701914,0.381746123332131,78.67,2,47251.5827787636,2,0.639740339593806,8518
Significant_Damage_And_Fatalities,59.4520547945205,14,15,85.5970829535096,0.346405337179949,77.08,7,34472.083799485,2,0.00321236301491286,12333
Significant_Damage_And_Serious_Injuries,45.1598173515982,11,6,71.4220601640839,0.4506245943022,79.53,6,43188.458698422,1,0.010751682465482,1555
Minor_Damage_And_Injuries,55.4337899543379,12,8,64.6763901549681,0.425020555355211,81.12,1,33346.1748713174,2,1.2282281733603,9586
Significant_Damage_And_Serious_Injuries,22.3744292237443,18,5,59.024612579763,0.335586729174179,75.59,2,32314.577381767,0,0.436192385548046,9530
Highly_Fatal_And_Damaging,35.4337899543379,11,34,60.0273473108478,0.527797331410025,74.82,2,46273.2400084029,1,0.628574319565372,281
Significant_Damage_And_Fatalities,17.4885844748858,16,1,45.8067456700091,0.514093761269383,81.05,4,36240.4378835205,2,0.0658927127051911,9243
Minor_Damage_And_Injuries,68.1278538812785,8,3,75.2962625341842,0.288345474215651,83.1,6,38792.5776652525,2,0.0104388918436821,12202
Highly_Fatal_And_Damaging,36.986301369863,10,7,65.0865998176846,0.441969707897583,81.45,4,41695.975178656,3,0.0758299007487241,9741
Minor_Damage_And_Injuries,71.689497716895,7,0,60.8477666362808,0.328374323837,78.17,2,28929.7446693501,2,0.391140729739186,279
Highly_Fatal_And_Damaging,28.9497716894977,13,4,78.669097538742,0.243989181391994,82.38,4,46445.7090961569,1,0.0842017953172901,8010
Significant_Damage_And_Fatalities,25.5707762557078,14,0,48.5870556061987,0.850913090515687,82.99,1,22888.0824961257,3,0.832852166046361,8771
Significant_Damage_And_Fatalities,46.6666666666667,18,0,69.644484958979,0.337029210241615,79.01,3,34758.9344410775,1,0.172520705453357,10741
Significant_Damage_And_Fatalities,41.689497716895,19,11,82.8623518687329,0.43619978362784,76.69,2,28473.7861502813,3,0.384350598455968,6225
Significant_Damage_And_Fatalities,56.1187214611872,15,0,76.0711030082042,0.387876667868734,77.25,7,37351.5074719711,0,0.00354687186076007,1367
Significant_Damage_And_Fatalities,72.9223744292237,10,7,67.4567000911577,0.427905517490083,76.13,7,28091.6401071219,4,0.00269768127782206,11090
Significant_Damage_And_Fatalities,22.7397260273973,15,4,47.2196900638104,0.610739992787594,79.46,1,42565.8507122876,2,1.57697331933714,4758
Significant_Damage_And_Serious_Injuries,36.5753424657534,14,7,79.2160437556974,0.254086548864046,83.41,5,31398.4115377294,3,0.0215533582053583,8746
Significant_Damage_And_Fatalities,34.8858447488584,11,5,43.0720145852325,0.518421204471691,82.7,1,34595.3633432901,2,1.27950242269574,5970
Highly_Fatal_And_Damaging,36.62100456621,10,10,76.5724703737466,0.374533717994951,81.01,3,31239.8537935055,2,0.156527896644788,10165
Highly_Fatal_And_Damaging,37.2146118721461,10,2,57.8395624430264,0.29591849981969,82.31,7,44502.4966181395,3,0.00400941681555015,639
Significant_Damage_And_Serious_Injuries,80.3196347031963,8,20,53.0082041932544,0.481998557518932,78.33,7,39867.4739975014,3,0.00366521510048756,10449
Minor_Damage_And_Injuries,36.4383561643836,17,3,74.8860528714676,0.326571222502704,80.14,5,48535.6561942994,1,0.0331635429635031,8622
Significant_Damage_And_Serious_Injuries,79.1780821917808,8,30,54.0565177757521,0.43619978362784,85.02,7,30637.0708362277,4,0.00285292274889008,7941
Significant_Damage_And_Serious_Injuries,32.8767123287671,15,7,78.5323609845032,0.391122250270465,78.31,6,40714.3067550557,3,0.010247915761715,1624
Minor_Damage_And_Injuries,61.324200913242,10,0,65.3600729261623,0.503635773530472,82.67,2,35580.6487001058,2,0.483125215393737,128
Highly_Fatal_And_Damaging,19.9086757990868,16,3,65.9070191431176,0.236776776054814,83.17,4,27607.9009089188,3,0.0507105431114939,11685
Significant_Damage_And_Fatalities,63.972602739726,13,0,56.1531449407475,0.537534078615218,82.64,7,20265.0426177619,1,0.00175388186070855,7962
Significant_Damage_And_Serious_Injuries,18.9041095890411,19,14,66.4995442114859,0.380303642264695,79.59,3,33896.0232636711,2,0.168314610673458,11145
Highly_Fatal_And_Damaging,27.8995433789954,13,2,65.9525979945305,0.422856833754057,78.63,5,21403.6699174049,2,0.0138046165219183,2893
Highly_Fatal_And_Damaging,58.0821917808219,11,3,53.7830446672744,0.457476379372521,84.52,2,35695.8118180726,1,0.48369584645779,11307
Minor_Damage_And_Injuries,36.0730593607306,17,1,72.7894257064722,0.219106382978723,76.8,7,50476.5268180962,3,0.00472973490555168,3534
Highly_Fatal_And_Damaging,21.2328767123288,15,4,62.1695533272562,0.380303642264695,81,6,28465.3542383815,3,0.00742835558885906,8119
Significant_Damage_And_Fatalities,66.2557077625571,12,14,74.0200546946217,0.181962495492247,82,3,27658.7234251664,0,0.137841679162109,4784
Significant_Damage_And_Fatalities,20.2283105022831,15,3,41.5679124886053,0.735153984853949,81.45,4,31682.6709389972,2,0.05735925500511,8708
Minor_Damage_And_Injuries,38.0821917808219,17,5,78.4867821330902,0.281133068878471,75.69,4,48882.9969470896,3,0.0895323319881988,6154
Significant_Damage_And_Fatalities,44.7945205479452,8,3,52.8258887876026,0.325849981968986,77.16,4,32722.0299055594,2,0.05966977696739,5114
Highly_Fatal_And_Damaging,44.3835616438356,15,1,48.0401093892434,0.516618103137396,78.29,2,27716.3461658188,2,0.375592449338442,786
Highly_Fatal_And_Damaging,21.7808219178082,15,0,69.9635369188697,0.240022358456545,81.87,4,32421.108118941,1,0.0586746001326933,10141
Significant_Damage_And_Serious_Injuries,49.8173515981735,10,10,66.2716499544212,0.46108258204111,84.01,6,24783.1501492149,0,0.00618103685986279,3349
Significant_Damage_And_Fatalities,19.7260273972603,16,6,55.3327256153145,0.319358817165525,81.39,5,33914.1168763119,2,0.0228367689591343,3433
Significant_Damage_And_Serious_Injuries,37.6712328767123,14,0,74.7493163172288,0.249759105661738,77.08,3,37178.3769732465,1,0.184157786649723,9879
Highly_Fatal_And_Damaging,9.58904109589041,19,1,70.6016408386509,0.291230436350523,75.25,4,12642.6820151813,2,0.0235660183479036,9714
Significant_Damage_And_Serious_Injuries,37.2602739726027,14,5,65.6791248860529,0.267790119004688,80.22,6,38340.1216892705,2,0.0103375714698017,142
Highly_Fatal_And_Damaging,46.1187214611872,8,5,71.4220601640839,0.358666426253155,83.12,4,15088.7811089102,2,0.0263158471738954,10949
Significant_Damage_And_Serious_Injuries,22.1917808219178,18,4,68.049225159526,0.240022358456545,80.98,6,42760.6401322885,3,0.0105823276581405,12359
Highly_Fatal_And_Damaging,42.7853881278539,9,1,85.1868732907931,0.304573386224305,82.74,1,32529.7644043405,1,1.19446292420765,9520
Minor_Damage_And_Injuries,68.0821917808219,8,5,45.4421148587056,0.476589253516048,76.12,2,33595.0106061457,3,0.456408005653463,11062
Significant_Damage_And_Fatalities,40.7762557077626,9,1,54.0565177757521,0.592348359177785,75.78,4,29502.7634210532,2,0.0539003607023165,8699
Minor_Damage_And_Injuries,69.7260273972603,8,15,70.2370100273473,0.395449693472773,77.91,5,36421.5736321992,2,0.0253444907773519,1402
Significant_Damage_And_Serious_Injuries,19.4520547945205,19,0,64.5396536007293,0.272838802740714,81.48,3,24689.7201921484,0,0.121754699866092,3605
Significant_Damage_And_Fatalities,67.4429223744292,12,6,61.6681859617138,0.314670753696357,77.09,7,30442.0286950033,2,0.00273357546202374,7634
Highly_Fatal_And_Damaging,30.9132420091324,12,16,58.97903372835,0.345323476379372,84.48,3,27007.9663942613,3,0.134288189902806,2679
Highly_Fatal_And_Damaging,24.8858447488584,14,5,82.9079307201459,0.199632888568337,79.33,4,32693.5776946736,2,0.0598313484459099,10111
Highly_Fatal_And_Damaging,52.648401826484,6,1,66.7274384685506,0.330538045438154,79.63,4,24317.5614601505,0,0.0449289157473636,694
Highly_Fatal_And_Damaging,41.7808219178082,16,8,53.0082041932544,0.51878182473855,78.55,1,17945.3617192645,3,0.664870453860243,2685
Minor_Damage_And_Injuries,44.4748858447489,15,0,80.0364630811304,0.218385142445005,76.41,2,31078.8333618556,3,0.417407395915758,2705
Significant_Damage_And_Fatalities,31.0958904109589,12,3,56.2898814949863,0.463606923909124,84.8,4,36727.6645762281,1,0.0674837302135489,4804
Significant_Damage_And_Fatalities,59.5433789954338,14,2,72.4247948951687,0.386434186801298,76.79,7,23744.0693140378,2,0.00223908837002849,6917
Highly_Fatal_And_Damaging,4.93150684931507,20,0,70.2825888787603,0.203960331770645,78.37,6,36566.3964795644,2,0.00831707573304156,3783
Highly_Fatal_And_Damaging,37.7625570776256,10,12,64.1294439380128,0.319358817165525,77.51,4,38615.1265617957,2,0.0704801840529321,6392
Significant_Damage_And_Serious_Injuries,40.5936073059361,13,2,82.4521422060164,0.174389469888207,80.53,5,14519.2418896442,2,0.0109511184797237,8180
Significant_Damage_And_Fatalities,44.2009132420091,8,1,32.7256153144941,0.61939487919221,80.15,5,26706.8543840839,1,0.0187014909382164,3636
Highly_Fatal_And_Damaging,49.2694063926941,7,7,62.7164995442115,0.409513883880274,83.73,3,44417.4070439481,1,0.217998520668368,12380
Minor_Damage_And_Injuries,45.2054794520548,15,0,83.9106654512306,0.186650558961413,86.08,5,40745.7685865635,3,0.0272944981522334,2760
Significant_Damage_And_Serious_Injuries,27.1689497716895,17,18,54.2388331814038,0.404104579877389,80.67,7,21763.437598859,2,0.00195273846369112,1118
Significant_Damage_And_Fatalities,60.1369863013699,14,17,60.6198723792161,0.335586729174179,80.07,6,42860.1610777543,3,0.0106239717563754,9835
Minor_Damage_And_Injuries,44.9315068493151,15,2,60.7110300820419,0.318276956364948,78.95,2,36133.3387032021,2,0.492287322989391,420
Significant_Damage_And_Serious_Injuries,50.5022831050228,10,7,68.7784867821331,0.200354129102055,75.13,3,48288.1424354103,2,0.243055286799854,3016
Significant_Damage_And_Serious_Injuries,37.0776255707762,14,12,58.8422971741112,0.605691309051569,79.06,3,47156.9384261401,2,0.236948192249694,10770
Significant_Damage_And_Serious_Injuries,77.5799086757991,4,2,88.4685505925251,0.231367472051929,75.96,7,43442.145113108,2,0.00396774697494711,893
Significant_Damage_And_Fatalities,40,20,4,70.5560619872379,0.232449332852506,81.61,2,38976.4419110226,1,0.524659159217321,5514
Highly_Fatal_And_Damaging,44.4748858447489,8,9,60.5742935278031,0.485244139920663,80.07,4,36056.3247444592,3,0.0659924427036663,6265
Minor_Damage_And_Injuries,52.3744292237443,9,14,50.9115770282589,0.645359538406058,76.63,6,21681.6612670211,3,0.0055107397932919,9102
Significant_Damage_And_Serious_Injuries,20.5022831050228,19,0,66.40838650866,0.523469888207717,77.4,3,36624.2796276571,2,0.182930118985126,9168
Highly_Fatal_And_Damaging,47.4885844748858,7,6,61.6226071103008,0.485244139920663,77.62,4,52779.5020043222,4,0.0966766638812981,4117
Minor_Damage_And_Injuries,53.5159817351598,12,8,80.6745670009116,0.319358817165525,83.11,2,24809.9057657367,3,0.335627808937991,6449
Minor_Damage_And_Injuries,54.7945205479452,12,1,63.7192342752963,0.494620266858997,77.16,5,33372.8197860987,3,0.0221343459049453,11597
Significant_Damage_And_Fatalities,35.2511415525114,11,14,55.4694621695533,0.395089073205914,83.68,4,23999.4411044211,2,0.0430629446815057,6889
Highly_Fatal_And_Damaging,52.648401826484,6,4,58.4776663628077,0.296279120086549,82.04,7,24455.0250063736,2,0.00250016144798474,3988
Significant_Damage_And_Serious_Injuries,57.4885844748858,8,2,67.7301731996354,0.37489433826181,77.1,5,28602.6042861829,3,0.0183646919990325,11179
Minor_Damage_And_Injuries,42.5114155251142,16,3,62.7620783956244,0.47190119004688,81.39,5,19433.6327994899,2,0.0134930375983855,7315
Significant_Damage_And_Fatalities,53.2876712328767,16,1,82.9535095715588,0.271396321673278,78.11,6,37253.905366837,0,0.00880518950811756,3808
Minor_Damage_And_Injuries,25.662100456621,21,2,67.9580674567001,0.395810313739632,82.2,7,35247.2887973971,3,0.00306731378906429,11504
Minor_Damage_And_Injuries,53.1506849315068,13,0,71.3764813126709,0.247234763793725,81.61,5,24750.6511585502,4,0.0170358910014253,6276
Significant_Damage_And_Serious_Injuries,31.9634703196347,15,1,63.7192342752963,0.334865488640461,84.1,3,47530.9062148968,3,0.234985280834006,11794
Highly_Fatal_And_Damaging,43.6529680365297,15,4,53.0993618960802,0.311064551027768,77.33,4,24451.819618031,1,0.0447909407031703,5953
Significant_Damage_And_Serious_Injuries,31.324200913242,15,0,79.8541476754786,0.228121889650198,79.34,3,27724.2560137305,1,0.137228468937994,10456
Significant_Damage_And_Serious_Injuries,47.8995433789954,17,12,49.0428441203282,0.251201586729174,79.31,7,9966.28139209759,2,0.00143197936716161,9490
Significant_Damage_And_Serious_Injuries,36.027397260274,14,4,61.3947128532361,0.456033898305084,77.6,4,29589.3854076653,2,0.0541065660538752,4126
Minor_Damage_And_Injuries,42.8310502283105,15,18,72.2424794895169,0.205042192571222,80.05,1,28923.9002638104,1,1.06396431734775,4398
Significant_Damage_And_Fatalities,54.1095890410959,16,0,70.1914311759344,0.308900829426614,76.94,7,4203.26637262123,3,0.00115286337258843,8396
Highly_Fatal_And_Damaging,39.4063926940639,10,2,89.2433910665451,0.266708258204111,79.17,4,9764.86399052122,4,0.0178040949925781,934
Highly_Fatal_And_Damaging,41.4611872146119,9,1,72.3792160437557,0.42177497295348,79.93,4,49951.1427599292,0,0.0905924441864506,8002
Significant_Damage_And_Fatalities,54.8858447488584,15,4,76.5268915223336,0.492095924990984,86.57,7,16629.6337259716,2,0.000502774012041536,831
Significant_Damage_And_Serious_Injuries,28.4931506849315,16,9,70.9206927985415,0.229924990984493,76.86,3,38759.5190713265,2,0.193589504743771,5040
Minor_Damage_And_Injuries,40.9132420091324,16,5,65.587967183227,0.278969347277317,78.05,1,24895.0884801741,1,0.925208520778178,4801
Significant_Damage_And_Serious_Injuries,28.9954337899543,16,2,66.2260711030082,0.438724125495853,84.72,3,24242.431985579,4,0.119911593140671,10071
Significant_Damage_And_Serious_Injuries,39.4977168949772,13,0,76.2989972652689,0.335226108907321,77.83,3,13134.8047602592,2,0.0639965250235573,12466
Significant_Damage_And_Fatalities,28.9041095890411,13,0,48.7237921604376,0.634901550667147,78.37,4,44182.8331581808,3,0.0810705920997322,5320
Significant_Damage_And_Serious_Injuries,25.2511415525114,17,0,76.8003646308113,0.202157230436351,80.78,4,29033.7904189909,0,0.0528517114582186,12187
Highly_Fatal_And_Damaging,29.4063926940639,13,19,85.9617137648131,0.21658204111071,85.3,4,21267.7043733175,2,0.0383477654432181,4053
Minor_Damage_And_Injuries,44.4292237442922,15,0,86.7821330902461,0.295197259285972,77.49,6,45783.5276614128,1,0.0113283291184958,4953
Highly_Fatal_And_Damaging,11.5068493150685,18,3,85.9617137648131,0.211893977641543,74.86,1,27464.488778077,1,1.0104081196839,11852
Significant_Damage_And_Serious_Injuries,47.1689497716895,11,9,65.7702825888788,0.578644789037144,78.31,3,29365.0114975677,2,0.147133672802598,7533
Highly_Fatal_And_Damaging,44.8401826484018,8,0,58.3865086599818,0.488489722322394,83.33,4,23360.58611145,2,0.0426269693724433,11269
Significant_Damage_And_Serious_Injuries,31.0502283105023,16,0,67.5934366453965,0.245071042192571,84.4,3,25170.3306255207,2,0.125717901664781,4716
Highly_Fatal_And_Damaging,46.2557077625571,8,8,66.2260711030082,0.283296790479625,83.51,4,28222.6869817888,2,0.0522542716629988,675
Significant_Damage_And_Serious_Injuries,45.8904109589041,11,4,82.9079307201459,0.317916336098088,83.12,6,29272.4724491861,3,0.00759477566107349,145
Highly_Fatal_And_Damaging,38.8584474885845,17,9,52.7347310847767,0.433314821492968,83.43,2,28044.2954629533,1,0.381164849621306,10376
Minor_Damage_And_Injuries,68.4018264840182,8,2,75.2962625341842,0.312867652362062,78.78,4,29157.1074392488,2,0.0531058897859763,2256
Highly_Fatal_And_Damaging,30.6392694063927,12,3,49.4530537830446,0.526354850342589,77.68,1,31619.82941596,2,1.1631821282771,11385
Highly_Fatal_And_Damaging,18.9497716894977,16,6,70.510483135825,0.296639740353408,79.49,4,48564.9283269619,3,0.0875748190988981,10893
Minor_Damage_And_Injuries,54.8401826484018,12,1,82.3154056517776,0.40374395961053,76.95,2,19525.85738177,2,0.256113629626921,2258
Significant_Damage_And_Fatalities,32.8310502283105,12,0,49.5442114858706,0.478392354850342,78.16,1,38579.3859434729,2,1.41925629416222,3309
Significant_Damage_And_Fatalities,59.4520547945205,14,9,74.61257976299,0.337029210241615,79.39,7,37463.8157763509,4,0.00357848584648968,3357
Significant_Damage_And_Fatalities,77.9908675799087,8,0,70.8295350957156,0.246513523260007,77.09,7,33693.9126926562,0,0.0029602454265384,10849
Highly_Fatal_And_Damaging,49.5890410958904,7,0,73.746581586144,0.357945185719437,78.91,1,26622.2917360185,2,0.978454626515347,4306
Significant_Damage_And_Fatalities,74.2009132420091,10,0,65.9070191431176,0.335586729174179,75.27,7,31282.0377767493,2,0.00277618537959387,5977
Highly_Fatal_And_Damaging,55.2511415525114,12,9,48.7237921604376,0.610018752253877,78.46,2,29673.4596655361,3,0.400809768574997,2165
Highly_Fatal_And_Damaging,68.4018264840182,8,4,54.2844120328168,0.590184637576631,77.3,2,30536.5363889344,4,0.408642256373192,7906
Highly_Fatal_And_Damaging,49.7260273972603,7,0,72.971741112124,0.404465200144248,78.27,4,45730.9775003782,1,0.083610549525106,4102
Significant_Damage_And_Fatalities,63.1963470319635,13,3,58.7511394712853,0.388237288135593,76.26,7,27034.8776966234,2,0.00248377555471595,6701
Significant_Damage_And_Serious_Injuries,41.8264840182648,12,15,62.0783956244303,0.322965019834114,78.01,4,38835.975037127,2,0.0705271027139023,9793
Significant_Damage_And_Fatalities,48.5388127853881,17,0,64.9042844120328,0.354699603317706,77.41,3,34758.9344410775,3,0.172539381894356,5013
Highly_Fatal_And_Damaging,9.49771689497717,18,20,64.3117593436645,0.40374395961053,78.96,4,34956.4722310962,4,0.0641501985769842,7524
Highly_Fatal_And_Damaging,24.8858447488584,14,5,72.0145852324522,0.331980526505589,78.52,1,16868.7507825344,2,0.65511014674204,1150
Highly_Fatal_And_Damaging,35.296803652968,11,1,62.5797629899727,0.37128813559322,82.12,3,21200.8828158285,2,0.106394034490747,1051
Minor_Damage_And_Injuries,63.6529680365297,10,2,63.5824977210575,0.225236927515326,80.41,2,26020.7634174777,4,0.352422365698257,3338
Significant_Damage_And_Serious_Injuries,43.972602739726,12,10,72.7894257064722,0.326931842769563,80.03,3,17443.6548671994,2,0.0864037374633995,4498
Minor_Damage_And_Injuries,50.2739726027397,10,1,50.3190519598906,0.411316985214569,79.62,3,29213.8409826863,2,0.145406245169267,9966
Significant_Damage_And_Serious_Injuries,80.958904109589,8,20,56.1987237921604,0.475868012982329,79.26,7,39867.4739975014,2,0.0035783671851997,5807
Significant_Damage_And_Serious_Injuries,33.2420091324201,15,2,66.7274384685506,0.527076090876307,79.92,3,30175.0468331215,2,0.151460169601184,7897
Minor_Damage_And_Injuries,30.5022831050228,19,3,47.0373746581586,0.491014064190407,78.72,3,43627.7949755618,2,0.214762760356308,12460
Highly_Fatal_And_Damaging,13.7442922374429,17,3,71.6043755697357,0.290148575549946,75.55,4,27801.6840675044,2,0.0508812298099397,8140
Minor_Damage_And_Injuries,38.4474885844749,17,23,67.6390154968095,0.255529029931482,80.04,7,33405.1525639135,1,0.00300048526359377,10030
Significant_Damage_And_Serious_Injuries,16.4840182648402,20,2,59.6171376481313,0.518421204471691,85.07,6,12598.3641491423,3,0.00339293712236319,10958
Significant_Damage_And_Serious_Injuries,69.5433789954338,8,2,45.3965360072927,0.699813198701766,79.66,4,26661.0134029026,3,0.0488280924393362,6736
Significant_Damage_And_Fatalities,53.7442922374429,16,6,58.5232452142206,0.414923187883159,79.37,7,30627.0238895253,3,0.00262015319341011,417
Highly_Fatal_And_Damaging,49.9086757990868,13,7,46.9006381039198,0.484522899386945,76.59,5,4866.79854212583,1,0.00565999846684,5863
Minor_Damage_And_Injuries,51.7351598173516,10,4,39.8814949863264,0.645359538406058,78.39,3,32986.7833036824,2,0.163023626452417,1146
Significant_Damage_And_Serious_Injuries,43.607305936073,12,1,59.2069279854148,0.430429859358096,82.13,6,18311.1920618673,3,0.00443320081094456,1061
Significant_Damage_And_Serious_Injuries,53.7442922374429,9,2,58.0218778486782,0.312146411828345,80.71,3,45969.4526879013,3,0.227648144184234,11100
Minor_Damage_And_Injuries,37.3059360730594,14,2,55.2415679124886,0.502914532996754,77.04,4,29541.1841118771,1,0.0536168001945233,932
Minor_Damage_And_Injuries,48.310502283105,11,9,54.7402005469462,0.410235124413992,76.09,3,27222.8941270034,3,0.134611369951369,2888
Highly_Fatal_And_Damaging,48.8127853881278,7,3,79.8997265268915,0.203960331770645,79.91,4,26382.3885430806,3,0.0486700861808518,10013
Highly_Fatal_And_Damaging,30.1826484018265,12,10,74.9316317228806,0.245071042192571,79.45,6,30077.4161879637,3,0.00718264021283833,6152
Minor_Damage_And_Injuries,61.324200913242,10,1,64.4940747493163,0.336668589974756,76.86,5,34274.994375982,2,0.0237990658424012,11919
Minor_Damage_And_Injuries,38.4474885844749,17,5,66.4995442114859,0.287263613415074,77.65,4,40973.9095182754,0,0.0751284641453142,12217
Minor_Damage_And_Injuries,22.9223744292237,23,7,67.9580674567001,0.377418680129823,82.91,4,33735.8631764138,1,0.0619950696061957,3256
Highly_Fatal_And_Damaging,50.3196347031963,13,0,43.0720145852325,0.735153984853949,78.4,5,23381.5905153679,2,0.0160590028237088,39
Significant_Damage_And_Fatalities,38.8584474885845,10,12,51.8231540565178,0.540058420483231,82.2,4,37882.5272097875,1,0.0693587686375482,11392
Highly_Fatal_And_Damaging,55.4337899543379,12,1,55.5150410209663,0.491374684457266,78.34,2,42084.5562508718,3,0.569552534009889,1720
Highly_Fatal_And_Damaging,27.1232876712329,13,1,72.0145852324522,0.462525063108547,81.37,4,32075.9990567699,2,0.0593813308679131,6542
Significant_Damage_And_Serious_Injuries,41.2785388127854,13,8,71.9690063810392,0.31358889289578,77.86,5,23733.486318278,0,0.0151268704731323,3235
Significant_Damage_And_Serious_Injuries,17.8995433789954,20,8,67.0920692798541,0.469737468445727,79.59,3,33107.0646128733,4,0.166305014653227,9376
Highly_Fatal_And_Damaging,20.4566210045662,15,2,68.1403828623519,0.280411828344753,78.16,4,38472.6989638762,4,0.0701068078993242,8714
Highly_Fatal_And_Damaging,46.4840182648402,14,19,40.3372835004558,0.63742589253516,76.77,2,42041.4474613388,2,0.571030413951605,4923
Significant_Damage_And_Serious_Injuries,40.365296803653,13,0,51.8231540565178,0.494620266858997,78.22,4,32243.5526097867,3,0.0586688995339389,9909
Minor_Damage_And_Injuries,39.2237442922374,17,7,74.9316317228806,0.361551388388027,76.96,7,22231.9110606015,3,0.00180026227255609,5938
Significant_Damage_And_Fatalities,28.4018264840183,13,8,46.718322698268,0.491014064190407,78.32,3,30281.730328791,2,0.151103535537813,3652
Highly_Fatal_And_Damaging,28.7214611872146,13,1,62.6709206927985,0.443772809231878,82.72,1,24605.471319083,1,0.894409699247168,3524
Minor_Damage_And_Injuries,54.0182648401826,12,7,75.2506836827712,0.288345474215651,77.03,5,43907.2002460851,2,0.0297081807839066,6447
Significant_Damage_And_Serious_Injuries,59.8173515981735,7,14,51.0027347310848,0.768691669671836,77.55,4,39152.9933728058,2,0.0714750024770554,2226
Minor_Damage_And_Injuries,50.7305936073059,13,0,69.1431175934367,0.335947349441038,81.37,2,45878.8795912215,4,0.628574319565372,5059
Significant_Damage_And_Fatalities,28.9041095890411,13,0,45.6700091157703,0.491014064190407,77.69,1,37034.4056430355,3,1.35005026474898,8712
Highly_Fatal_And_Damaging,38.4931506849315,17,13,52.4156791248861,0.461803822574828,79.39,1,21865.1119571099,2,0.799697655984931,3237
Minor_Damage_And_Injuries,52.9223744292237,9,6,51.5041020966272,0.488850342589253,79.33,6,12660.9802816625,1,0.00388928467489573,2296
Significant_Damage_And_Serious_Injuries,54.5205479452055,9,5,61.485870556062,0.33883231157591,77.17,6,26915.0922973571,2,0.00652784933163401,12331
Significant_Damage_And_Serious_Injuries,16.6666666666667,20,20,67.6390154968095,0.449903353768481,77.3,3,30360.3969405546,3,0.151103535537813,4071
Highly_Fatal_And_Damaging,29.7260273972603,12,4,79.535095715588,0.267429498737829,77,6,31758.9281763219,3,0.00811696041887652,961