Severity,Safety_Score,Days_Since_Inspection,Total_Safety_Complaints,Control_Metric,Turbulence_In_gforces,Cabin_Temperature,Accident_Type_Code,Max_Elevation,Violations,Adverse_Weather_Metric,Accident_ID
Significant_Damage_And_Fatalities,36.2557077625571,11,5,48.2224247948952,0.680339704291381,79.74,1,29433.3007197522,1,1.0902659809403,3675
Significant_Damage_And_Serious_Injuries,34.7488584474886,14,5,62.0783956244303,0.408071402812838,79.09,4,22429.3371752232,2,0.0409263541820256,5641
Highly_Fatal_And_Damaging,49.2694063926941,7,0,79.8997265268915,0.245792282726289,78.86,4,42329.0179287936,3,0.0776846904276515,11987
Significant_Damage_And_Serious_Injuries,34.2922374429224,15,0,80.355515041021,0.196387306166606,76.11,2,16149.3177035064,2,0.209602822932632,4362
Highly_Fatal_And_Damaging,33.2420091324201,12,9,65.587967183227,0.193502344031734,78.71,4,27140.4145321285,3,0.0502229972557038,634
Minor_Damage_And_Injuries,76.6666666666667,6,12,65.9070191431176,0.338471691309052,76.28,2,42303.4059989138,3,0.572514343273642,6140
Highly_Fatal_And_Damaging,29.7260273972603,13,0,61.5770282588879,0.367321312657771,82.23,3,41940.409465723,1,0.209889349040736,6292
Minor_Damage_And_Injuries,47.0319634703196,14,13,76.9826800364631,0.324768121168409,80,2,49881.2703654481,2,0.668862532692016,1621
Significant_Damage_And_Serious_Injuries,47.1232876712329,11,9,66.1349134001823,0.337750450775333,78.14,5,14532.7383864601,2,0.0123379841602936,3671
Minor_Damage_And_Injuries,48.8584474885845,14,23,71.285323609845,0.190617381896862,75.99,2,29143.7545487936,3,0.394277173347948,7330
Highly_Fatal_And_Damaging,14.4748858447489,17,2,65.6791248860529,0.520945546339704,80.07,4,36350.8751542663,1,0.0667215904701951,5419
Highly_Fatal_And_Damaging,29.7716894977169,13,10,61.5770282588879,0.375976199062387,82.23,4,44952.516880075,3,0.082036560492673,5358
Minor_Damage_And_Injuries,46.4840182648402,15,7,60.9845031905196,0.279690587811035,76.75,5,30122.3193576333,2,0.0204097469183588,4092
Highly_Fatal_And_Damaging,53.1963470319635,16,3,40.8386508659982,0.456033898305084,77.25,5,39496.1600186791,3,0.026629536451197,9833
Significant_Damage_And_Serious_Injuries,55.3424657534247,8,3,85.6882406563355,0.277526866209881,81.38,3,39455.0809877443,2,0.196654786663669,324
Highly_Fatal_And_Damaging,37.3059360730594,10,2,57.8395624430264,0.333423007573026,80.37,4,30242.2066870522,1,0.0555626545336938,10887
Minor_Damage_And_Injuries,46.027397260274,15,3,63.3546034639927,0.453509556437072,80.98,2,25874.9657521701,1,0.34943843269916,1302
Minor_Damage_And_Injuries,24.6118721461187,18,4,55.2871467639016,0.37128813559322,84.82,1,29321.8317268751,0,1.07538543423334,2228
Highly_Fatal_And_Damaging,24.3835616438356,14,2,84.1841385597083,0.301327803822575,80.2,6,25111.1749048795,2,0.00637514230471722,7170
Minor_Damage_And_Injuries,44.5662100456621,15,0,80.8568824065634,0.358305805986296,79.54,4,37935.8016532287,3,0.069603155796592,62
Minor_Damage_And_Injuries,32.2831050228311,15,0,56.1987237921604,0.547270825820411,77.04,1,40226.4770095902,0,1.49471974586455,4798
Highly_Fatal_And_Damaging,28.3561643835616,13,8,61.3947128532361,0.268511359538406,80.96,5,45084.5487151254,2,0.0297081807839066,10192
Highly_Fatal_And_Damaging,24.9771689497717,14,9,59.7994530537831,0.382827984132708,79.99,6,39818.7823826373,2,0.00947138341406335,4492
Significant_Damage_And_Fatalities,12.6940639269406,18,6,38.1494986326345,0.754627479264334,79.03,6,44048.3653944557,3,0.0105196245590474,8338
Highly_Fatal_And_Damaging,17.0776255707763,16,19,69.1886964448496,0.325849981968986,78.04,4,34283.7746157361,1,0.062953935151325,7936
Highly_Fatal_And_Damaging,26.9406392694064,13,1,66.2716499544212,0.422856833754057,80.27,4,46371.5275238705,2,0.0845834601765373,9046
Significant_Damage_And_Serious_Injuries,36.8493150684931,14,11,91.2032816773017,0.271396321673278,84.48,6,25377.6648055458,2,0.00637597723293928,8876
Significant_Damage_And_Serious_Injuries,36.0730593607306,14,4,62.1695533272562,0.496423368193292,76.58,6,36736.6428204931,0,0.00926439171560809,9829
Significant_Damage_And_Serious_Injuries,39.2694063926941,13,3,69.0063810391978,0.253725928597187,81.83,3,19018.7051126649,4,0.0968805392839517,8822
Highly_Fatal_And_Damaging,36.3926940639269,11,2,79.3527803099362,0.199632888568337,76.89,4,29572.3317315177,3,0.0528505428278382,7103
Highly_Fatal_And_Damaging,36.2557077625571,11,2,70.8751139471286,0.339914172376487,81.11,5,12666.7712047322,0,0.00868877979364907,1535
Significant_Damage_And_Serious_Injuries,18.3561643835616,20,3,65.6335460346399,0.282575549945907,79.37,6,23081.8398280032,1,0.00559553599617865,2295
Significant_Damage_And_Serious_Injuries,62.3744292237443,6,1,73.0173199635369,0.279329967544176,79.19,1,16229.7283441618,2,0.569124611333397,7108
Highly_Fatal_And_Damaging,19.1324200913242,16,6,74.61257976299,0.238940497655968,79.32,1,20313.4761672518,2,0.741000085873413,11619
Significant_Damage_And_Fatalities,42.5570776255708,8,12,34.8678213309025,0.499308330328164,79.15,1,34325.6150767811,3,1.2684727108881,2012
Significant_Damage_And_Serious_Injuries,45.7534246575342,11,4,74.8860528714676,0.233531193653083,77.6,3,29664.8117944913,0,0.14794422081512,7998
Highly_Fatal_And_Damaging,58.4474885844749,4,20,76.3445761166819,0.292672917417959,78.28,4,32690.6257735184,2,0.0595803417965499,12379
Significant_Damage_And_Serious_Injuries,37.3972602739726,14,1,69.1431175934367,0.304573386224305,79.28,5,35553.1857893287,2,0.0244045214906998,7976
Significant_Damage_And_Fatalities,36.4383561643836,10,5,56.4266180492252,0.48632600072124,78.37,1,39396.116621502,1,1.43817383028133,5379
Highly_Fatal_And_Damaging,18.7671232876712,16,7,72.151321786691,0.279690587811035,84.53,3,32811.5825060404,3,0.16396237774711,11929
Significant_Damage_And_Serious_Injuries,38.7671232876712,13,0,72.4247948951687,0.386794807068157,84.51,3,38521.3038909916,2,0.192253394616584,9337
Highly_Fatal_And_Damaging,12.4657534246575,18,3,59.2525068368277,0.392204111071042,77.04,1,31491.27635949,3,1.15849931489046,5521
Significant_Damage_And_Serious_Injuries,52.9223744292237,9,0,82.0875113947128,0.271756941940137,77.8,3,37541.6763730355,4,0.187059500793385,12180
Significant_Damage_And_Serious_Injuries,38.5844748858447,13,11,63.3546034639927,0.298442841687703,79.56,6,30660.2752933007,2,0.00707802165652397,572
Highly_Fatal_And_Damaging,6.34703196347032,19,6,89.8814949863263,0.219827623512441,75.15,2,31250.1583662827,3,0.424482358116853,4897
Significant_Damage_And_Serious_Injuries,77.3059360730594,4,2,39.8814949863264,0.406628921745402,76.12,3,35044.2088374778,2,0.174775775733067,2044
Highly_Fatal_And_Damaging,21.2328767123288,15,2,62.1695533272562,0.337750450775333,80.5,1,26397.2031206751,3,0.977273485934279,9645
Significant_Damage_And_Serious_Injuries,60.1369863013699,7,20,67.4567000911577,0.409513883880274,84.03,3,11265.9177885903,3,0.0540905537896018,9671
Significant_Damage_And_Serious_Injuries,51.1872146118721,10,7,69.7812215132179,0.350372160115398,79.69,2,38384.4318243461,1,0.520190230407246,8403
Significant_Damage_And_Fatalities,40.5479452054794,9,4,54.0565177757521,0.380303642264695,77.91,3,14353.5846630685,3,0.0751392310460593,2437
Significant_Damage_And_Fatalities,54.8858447488584,15,2,74.0200546946217,0.237498016588532,80.45,6,24784.6638712105,1,0.00597945010552193,6504
Minor_Damage_And_Injuries,31.5525114155251,19,7,61.7137648131267,0.311425171294627,81.13,3,30406.0222300751,3,0.15193198627823,5364
Significant_Damage_And_Fatalities,16.1187214611872,17,0,47.9033728350046,0.493899026325279,77.04,4,36683.4599205663,1,0.067847155870399,448
Significant_Damage_And_Serious_Injuries,47.4429223744292,11,0,60.4375569735643,0.503635773530472,82.81,1,17786.0713596076,3,0.619400816440287,11545
Highly_Fatal_And_Damaging,25.7077625570776,14,0,76.0255241567913,0.386434186801298,78.23,7,33945.4313005177,1,0.00310121839325321,4044
Highly_Fatal_And_Damaging,44.0182648401826,8,1,60.665451230629,0.476228633249188,79.34,4,24865.1960841046,2,0.0454494695366295,8555
Significant_Damage_And_Serious_Injuries,41.5525114155251,13,8,62.5797629899727,0.437281644428417,80.23,4,28542.004184011,0,0.0513502290422108,756
Significant_Damage_And_Serious_Injuries,33.972602739726,15,2,68.3226982680037,0.134,82.97,3,26859.1915363265,4,0.134611369951369,3310
Minor_Damage_And_Injuries,62.0091324200913,10,1,66.4995442114859,0.40013775694194,78.49,2,42059.5289116091,0,0.572514343273642,10090
Minor_Damage_And_Injuries,44.4748858447489,15,0,86.7821330902461,0.240382978723404,83.51,5,30619.787367647,0,0.0195516826413514,11675
Minor_Damage_And_Injuries,42.283105022831,16,7,57.4749316317229,0.662308690948431,79.61,5,34887.2172055117,2,0.0237738830758447,533
Significant_Damage_And_Fatalities,50.0456621004566,17,18,74.0200546946217,0.250840966462315,81.04,6,45934.1334754439,2,0.0116993176601363,3241
Significant_Damage_And_Fatalities,40.5479452054794,9,7,54.0565177757521,0.592348359177785,77.21,4,47156.9384261401,2,0.0867404728643644,9479
Significant_Damage_And_Fatalities,82.7853881278539,7,21,58.9334548769371,0.397252794807068,83.41,3,43564.0944400642,2,0.214244804931175,11917
Highly_Fatal_And_Damaging,0.913242009132421,21,1,54.6490428441203,0.333423007573026,85.22,3,43590.4452092247,2,0.217024047581729,9794
Highly_Fatal_And_Damaging,23.6073059360731,14,7,82.0419325432999,0.355060223584565,79.52,7,37519.0138460733,1,0.00367327361028598,7995
Significant_Damage_And_Serious_Injuries,25.2511415525114,17,3,76.9371011850502,0.355060223584565,76.75,1,42453.4527180898,1,1.55565382876586,7740
Significant_Damage_And_Serious_Injuries,30.9132420091324,16,1,67.5934366453965,0.251922827262892,82.14,3,33951.338673945,3,0.167541354018373,9910
Significant_Damage_And_Fatalities,71.6438356164383,11,17,84.8678213309025,0.168980165885323,81.1,7,28435.8037087524,3,0.00282719073422966,3536
Highly_Fatal_And_Damaging,38.2648401826484,10,2,66.4539653600729,0.474064911648034,79.39,4,32677.2060754324,2,0.0595803417965499,11663
Highly_Fatal_And_Damaging,29.7716894977169,12,3,66.9097538742024,0.355420843851424,82.3,4,43852.8453519078,2,0.0802287917843594,4523
Significant_Damage_And_Fatalities,42.0547945205479,19,9,69.1886964448496,0.380303642264695,77.07,7,14342.6906548112,3,0.00103595243589963,7585
Highly_Fatal_And_Damaging,24.8858447488584,14,19,58.5232452142206,0.508323836999639,76.67,1,25614.2995298067,3,0.938862345359132,5843
Significant_Damage_And_Fatalities,74.2009132420091,10,0,61.2123974475843,0.272478182473855,80.41,7,26727.9540994319,3,0.00253424704030406,2857
Significant_Damage_And_Fatalities,63.1963470319635,13,1,72.971741112124,0.364796970789758,79.77,4,19708.0688070303,0,0.0363976969306029,1490
Minor_Damage_And_Injuries,45.3424657534247,15,5,89.5168641750228,0.17330760908763,78.5,4,30792.6950346444,4,0.0575081967404916,3050
Highly_Fatal_And_Damaging,47.6255707762557,14,1,46.0346399270738,0.404825820411107,79.33,1,42902.3849751326,3,1.56620755459219,7690
Minor_Damage_And_Injuries,46.1187214611872,15,0,59.9817684594348,0.517339343671114,76.95,1,17590.8270501035,3,0.647130362493558,6825
Significant_Damage_And_Serious_Injuries,37.9908675799087,13,0,59.2980856882407,0.492095924990984,79.23,3,24865.1960841046,2,0.123961614789916,10266
Significant_Damage_And_Fatalities,41.0045662100457,9,10,46.0802187784868,0.545828344752975,85.58,3,37882.5272097875,2,0.189029307357235,12154
Highly_Fatal_And_Damaging,36.1643835616438,11,0,79.8997265268915,0.355060223584565,76.89,4,41401.7229807727,2,0.0760172273487276,8503
Significant_Damage_And_Serious_Injuries,42.1004566210046,12,2,69.1431175934367,0.380303642264695,79.46,3,37571.9051001859,3,0.187016357171913,4319
Highly_Fatal_And_Damaging,30.7305936073059,12,1,64.0382862351869,0.514093761269383,77.6,1,37533.1751075407,0,1.38171570133232,1563
Highly_Fatal_And_Damaging,10.8675799086758,18,1,75.6608933454877,0.388237288135593,81.97,7,40231.6795447782,4,0.00362547214117164,10163
Significant_Damage_And_Serious_Injuries,36.5753424657534,14,7,61.3035551504102,0.344241615578795,79.43,6,34715.2361473509,2,0.00847670132384697,10940
Significant_Damage_And_Serious_Injuries,26.2557077625571,17,4,78.7602552415679,0.398334655607645,78.54,6,21680.6165955373,2,0.00500979728337652,5300
Significant_Damage_And_Fatalities,36.2557077625571,11,5,52.9626253418414,0.286181752614497,76.35,3,34748.4877263288,2,0.173410918167831,11364
Significant_Damage_And_Serious_Injuries,18.9497716894977,19,0,64.5396536007293,0.424299314821493,80.76,6,35557.6780853689,2,0.00891726676999634,4013
Significant_Damage_And_Serious_Injuries,39.4520547945205,13,5,75.4785779398359,0.426823656689506,79.17,6,21680.6165955373,2,0.00532697752793188,1200
Highly_Fatal_And_Damaging,53.2420091324201,13,13,56.1075660893346,0.366960692390912,83.53,1,29033.2942473191,2,1.06635953548775,9768
Significant_Damage_And_Serious_Injuries,45.1598173515982,11,4,60.1640838650866,0.633098449332852,79.64,1,41729.0407240999,0,1.54692480033966,8325
Significant_Damage_And_Serious_Injuries,49.5890410958904,10,38,69.5989061075661,0.215860800576992,80.65,4,24386.649921265,2,0.0445660106164211,8208
Minor_Damage_And_Injuries,69.7716894977169,8,2,71.0118505013674,0.233891813919942,77.82,5,45351.5663157796,3,0.0290220099112873,3471
Significant_Damage_And_Fatalities,27.8538812785388,13,3,51.2762078395624,0.422496213487198,87,2,32847.0379561099,2,0.444452039038506,11316
Significant_Damage_And_Fatalities,32.5570776255708,12,3,57.1558796718323,0.48993220338983,77.83,1,24135.4433661131,1,0.894409699247168,5675
Significant_Damage_And_Serious_Injuries,30.8219178082192,16,0,72.151321786691,0.413480706815723,84.72,6,36877.7475481149,3,0.00892252524172122,6025
Minor_Damage_And_Injuries,63.6529680365297,6,7,52.6891522333637,0.317916336098088,78.06,4,30190.7653146865,2,0.0552675261246095,11121
Significant_Damage_And_Serious_Injuries,33.7442922374429,15,6,79.8541476754786,0.31358889289578,81.08,3,30317.4037657127,1,0.15210902545666,8528
Highly_Fatal_And_Damaging,34.8401826484018,11,19,60.2552415679125,0.367321312657771,78.64,2,28904.6970099578,1,0.391182535671112,7301
Minor_Damage_And_Injuries,46.027397260274,15,9,66.8641750227894,0.272117562206996,81.82,1,32555.6438294962,2,1.18973850932643,11022
Significant_Damage_And_Fatalities,48.8584474885845,17,5,71.8778486782133,0.238940497655968,79.81,7,40703.0696321804,2,0.00355323475577511,2380
Significant_Damage_And_Serious_Injuries,32.3744292237443,15,1,76.0255241567913,0.286181752614497,78.8,3,38883.4914547263,3,0.192732679814333,5318
Significant_Damage_And_Serious_Injuries,35.7077625570776,14,2,82.3154056517776,0.221270104579877,75.68,3,16837.0598386233,1,0.0832574867262534,4979
Significant_Damage_And_Fatalities,21.8721461187215,15,0,55.1959890610757,0.240743598990263,76.49,1,47507.7168742865,2,1.74851946088815,1744
Highly_Fatal_And_Damaging,39.3607305936073,10,11,65.7247037374658,0.449903353768481,77.5,1,21489.4750236165,1,0.79055360627557,12352
Significant_Damage_And_Fatalities,38.0365296803653,10,1,54.0565177757521,0.384270465200144,78.47,4,35695.9901661657,1,0.0650374206705968,8526
Highly_Fatal_And_Damaging,29.1780821917808,13,1,64.9498632634458,0.345684096646231,77.56,1,35104.5670299863,2,1.29384557291003,11976
Significant_Damage_And_Serious_Injuries,42.8767123287671,12,14,70.1458523245214,0.326931842769563,83.01,3,30428.3031280998,3,0.150707712103425,4611
Significant_Damage_And_Serious_Injuries,37.2602739726027,14,2,58.9334548769371,0.444854670032455,78.85,7,42912.5244287391,1,0.0042971745609235,8166
Minor_Damage_And_Injuries,39.4520547945205,17,2,59.9361896080219,0.349290299314821,84.1,1,29033.2942473191,3,1.06635953548775,7045
Significant_Damage_And_Serious_Injuries,47.1232876712329,11,9,66.1349134001823,0.337750450775333,78.5,3,24548.4321880672,0,0.122797458811414,9244
Highly_Fatal_And_Damaging,31.2328767123288,12,2,74.7493163172288,0.201796610169491,76.27,1,31531.7961960508,1,1.16290206831625,2544
Minor_Damage_And_Injuries,36.0730593607306,18,2,76.6180492251596,0.346405337179949,78.83,1,17085.5195189085,2,0.664870453860243,3819
Highly_Fatal_And_Damaging,40.958904109589,9,4,76.4357338195078,0.281854309412189,84.48,4,27206.7774652661,3,0.0496227386047458,8854
Significant_Damage_And_Serious_Injuries,47.8995433789954,18,2,46.0346399270738,0.495702127659574,81.55,7,30664.9684488475,3,0.00290877946932873,8087
Significant_Damage_And_Fatalities,41.3698630136986,9,0,47.1741112123974,0.456755138838803,82.08,1,38407.9547138139,2,1.40775526841574,1489
Highly_Fatal_And_Damaging,42.3287671232877,9,8,80.6289881494986,0.33161990623873,82.8,4,33680.0996768755,1,0.0609113242530921,12014
Highly_Fatal_And_Damaging,41.1415525114155,9,5,80.9024612579763,0.291591056617381,83.38,1,27249.2882011085,3,1.00658436939197,2116
Significant_Damage_And_Serious_Injuries,27.3972602739726,17,0,76.5268915223336,0.202157230436351,78.7,4,37623.173029289,3,0.0685210393095788,7302
Minor_Damage_And_Injuries,61.2328767123288,10,15,72.7438468550593,0.427905517490083,79.23,2,45300.0270165971,3,0.610441182645266,228
Minor_Damage_And_Injuries,28.8127853881279,16,1,54.3299908842297,0.375254958528669,81.57,1,30380.8615154131,2,1.11764943565971,10411
Significant_Damage_And_Serious_Injuries,56.3013698630137,8,1,60.4375569735643,0.512651280201947,76.99,3,38732.7086974327,1,0.192532112277346,10430
Significant_Damage_And_Serious_Injuries,43.3333333333333,12,1,57.4293527803099,0.442690948431302,83.9,2,37121.9154719923,3,0.503141110685375,8007
Highly_Fatal_And_Damaging,34.7945205479452,11,0,74.2479489516864,0.198190407500902,80.49,6,37066.9622418898,1,0.0084067327022918,9737
Significant_Damage_And_Serious_Injuries,24.703196347032,18,3,62.0783956244303,0.518421204471691,83.48,6,36405.033044569,1,0.00831707573304156,9455
Highly_Fatal_And_Damaging,20.4566210045662,15,26,58.4320875113947,0.467573746844573,77.48,4,25242.7895510956,1,0.0453050042984426,11089
Significant_Damage_And_Serious_Injuries,18.3561643835616,20,9,68.5961713764813,0.308540209159754,76.74,3,21890.5709145531,3,0.106939063681618,3392
Significant_Damage_And_Fatalities,35.1141552511415,11,10,50.7292616226071,0.527076090876307,81.42,4,36601.5952977368,3,0.0678905095124799,11613
Significant_Damage_And_Fatalities,68.4931506849315,11,3,59.1157702825889,0.365878831590335,79.21,7,35154.7272649408,2,0.00321236301491286,3970
Significant_Damage_And_Serious_Injuries,41.8264840182648,12,0,62.6709206927985,0.317555715831229,82.41,3,21402.7601137385,2,0.105168517981374,4147
Significant_Damage_And_Serious_Injuries,56.7579908675799,8,10,59.024612579763,0.362633249188604,77.17,7,39867.4739975014,1,0.00365445166324481,11153
Highly_Fatal_And_Damaging,26.7123287671233,13,25,63.9015496809481,0.264183916336098,80.96,1,23362.5382988508,2,0.859867417828303,6001
Significant_Damage_And_Fatalities,78.5844748858447,8,1,93.1631722880583,0.261659574468085,78.7,7,44434.0871487718,3,0.00394519026872028,2289
Significant_Damage_And_Fatalities,21.2785388127854,15,5,45.1686417502279,0.699813198701766,79.06,1,48583.5486330922,2,1.78191383868167,7371
Significant_Damage_And_Serious_Injuries,66.5753424657534,9,2,37.2835004557886,0.59451208077894,80.2,4,24079.4243606516,1,0.0438556546147655,11166
Highly_Fatal_And_Damaging,9.08675799086758,18,4,56.608933454877,0.365878831590335,79.71,3,33783.7823562274,0,0.16875836276271,6552
Significant_Damage_And_Serious_Injuries,72.0091324200913,9,2,45.3965360072927,0.520945546339704,78.67,7,25644.4684192504,0,0.00214351929204433,9604
Minor_Damage_And_Injuries,46.8949771689498,14,6,66.0893345487694,0.309982690227191,78.3,1,24554.5855122477,2,0.887893341795068,3416
Minor_Damage_And_Injuries,47.7625570776256,14,1,71.0118505013674,0.52238802740714,79.89,2,42622.3715192289,3,0.579515445156363,7204
Minor_Damage_And_Injuries,50.2739726027397,13,11,69.644484958979,0.460361341507393,83.08,2,16200.3364300591,2,0.214957084741899,10801
Highly_Fatal_And_Damaging,18.1278538812785,16,5,57.8395624430264,0.330538045438154,78,5,31647.884323696,3,0.0217919427663462,12049
Highly_Fatal_And_Damaging,27.0776255707763,14,1,69.3710118505014,0.311425171294627,78.3,2,35553.1857893287,3,0.482865676422502,5121
Highly_Fatal_And_Damaging,46.3470319634703,8,2,72.0145852324522,0.302770284890011,79.76,2,39338.0906903955,1,0.532383164557223,3872
Significant_Damage_And_Serious_Injuries,48.310502283105,10,4,57.5205104831358,0.526354850342589,79.21,6,32656.9970926707,2,0.00784444465721868,5704
Highly_Fatal_And_Damaging,47.8995433789954,14,3,41.841385597083,0.745972592859718,81.17,3,14274.0590139556,3,0.0728513382155746,2117
Minor_Damage_And_Injuries,44.2922374429224,15,9,76.7092069279854,0.281854309412189,82.53,2,23412.7822849923,2,0.315570346061336,10891
Significant_Damage_And_Serious_Injuries,27.945205479452,17,1,57.2470373746582,0.441609087630725,76.58,7,32243.5526097867,2,0.00310121839325321,2595
Significant_Damage_And_Fatalities,79.4063926940639,8,1,74.5214220601641,0.478392354850342,82.26,1,30270.7936697433,0,1.11357000206576,3535
Significant_Damage_And_Serious_Injuries,39.4977168949772,13,0,72.1969006381039,0.416726289217454,78.3,3,29135.8671429797,4,0.145497843024578,1063
Highly_Fatal_And_Damaging,34.0182648401826,18,0,46.3536918869645,0.663029931482149,87.11,2,11344.0221880675,2,0.167498543894157,7700
Minor_Damage_And_Injuries,58.0365296803653,11,6,68.915223336372,0.254086548864046,83.45,2,36790.5008094017,3,0.499470695720181,6388
Minor_Damage_And_Injuries,50.365296803653,13,11,77.1649954421149,0.23461305445366,80.61,2,40666.4707114104,2,0.550538133768456,6659
Significant_Damage_And_Fatalities,52.1461187214612,16,0,82.9535095715588,0.271396321673278,78.11,7,37253.905366837,1,0.00364068615017295,11606
Minor_Damage_And_Injuries,43.2420091324201,12,10,52.1422060164084,0.522748647673999,79.89,1,21595.6871451792,1,0.80163630121652,7308
Significant_Damage_And_Serious_Injuries,37.5799086757991,14,9,61.8960802187785,0.275723764875586,79.05,6,33355.8640395299,1,0.00829563861629398,10098
Highly_Fatal_And_Damaging,24.6118721461187,14,2,62.0783956244303,0.452788315903353,81.09,4,24892.5561259657,1,0.0453407640350258,2111
Highly_Fatal_And_Damaging,52.2374429223744,9,14,78.0765724703738,0.179438153624233,78.56,1,9759.36233674942,3,0.416754744346556,6244
Significant_Damage_And_Serious_Injuries,42.5114155251142,12,13,79.5806745670009,0.222351965380454,79.18,6,27724.2560137305,2,0.00687215599404899,7230
Highly_Fatal_And_Damaging,22.7853881278539,15,13,73.0173199635369,0.333062387306166,88.57,2,23513.7633170546,2,0.315638700388621,6602
Significant_Damage_And_Serious_Injuries,49.4977168949772,10,5,68.7784867821331,0.27067508113956,81.1,3,38968.236520878,3,0.19399576228932,9668
Highly_Fatal_And_Damaging,20.958904109589,15,9,70.5560619872379,0.308900829426614,79.58,1,36818.9843862443,3,1.34784952706186,9927
Highly_Fatal_And_Damaging,20.1826484018265,15,3,65.8158614402917,0.193502344031734,78.99,4,27035.8387936996,2,0.049008374205047,10172
Minor_Damage_And_Injuries,42.283105022831,12,11,40.0638103919782,0.51878182473855,79.89,6,39871.1860729164,1,0.0100253470599817,1223
Significant_Damage_And_Fatalities,41.3698630136986,9,7,52.6891522333637,0.328374323837,77.3,3,27243.1511537835,2,0.135825197385825,3473
Minor_Damage_And_Injuries,30.5936073059361,16,4,53.5551504102097,0.310703930760908,76.92,6,8585.99810381528,1,0.00043630082173008,8303
Minor_Damage_And_Injuries,55.662100456621,12,2,80.8568824065634,0.219467003245582,81.04,2,47106.1353795642,1,0.637636244705519,872
Significant_Damage_And_Serious_Injuries,65.4337899543379,9,37,54.0565177757521,0.436560403894699,75.35,7,44574.0627231152,3,0.00407626271729509,8380
Highly_Fatal_And_Damaging,72.5570776255708,7,8,18.4594348222425,0.774822214208438,79.13,3,33579.7049880148,2,0.167321669948203,3822
Significant_Damage_And_Serious_Injuries,63.6986301369863,13,0,45.6244302643574,0.496783988460151,79.64,1,35305.1741362138,0,1.29734642507529,1496
Highly_Fatal_And_Damaging,38.9954337899543,10,2,62.8076572470374,0.328734944103858,80.53,4,42489.0677436993,1,0.0775283006898538,7910
Significant_Damage_And_Serious_Injuries,42.5114155251142,12,6,68.049225159526,0.311064551027768,81.06,4,26755.0079413697,2,0.049008374205047,12257
Highly_Fatal_And_Damaging,44.4292237442922,8,4,62.2607110300821,0.409513883880274,80.06,4,30372.7583025121,4,0.0557625104986608,10261
Highly_Fatal_And_Damaging,51.324200913242,13,0,54.2844120328168,0.467213126577713,75.97,3,37599.7096257826,3,0.187522601295637,5912
Significant_Damage_And_Fatalities,63.1963470319635,13,12,66.362807657247,0.572514244500541,76.71,3,28354.1216769969,1,0.142232506047654,1593
Minor_Damage_And_Injuries,29.0867579908676,16,0,42.5706472196901,0.447379011900469,83.27,4,22647.2609041561,3,0.0412718889170117,6947
Highly_Fatal_And_Damaging,15.1598173515982,17,0,78.0309936189608,0.247234763793725,79.51,4,33822.1986231116,3,0.0620699590838415,6883
Significant_Damage_And_Serious_Injuries,46.1643835616438,11,3,69.2798541476755,0.306376487558601,86.31,3,33523.7023387974,2,0.168586748894355,5774
Minor_Damage_And_Injuries,30.3196347031963,16,9,57.0191431175934,0.284739271547061,78.74,3,18917.972732299,1,0.0966196448634178,1232
Significant_Damage_And_Fatalities,28.8584474885845,13,6,51.2762078395624,0.422496213487198,87,4,29784.7464710627,1,0.0546421866657251,2811
Significant_Damage_And_Serious_Injuries,62.7853881278539,6,4,80.0820419325433,0.502914532996754,79.28,3,33346.7855725603,3,0.166023869314956,5413
Minor_Damage_And_Injuries,45.3424657534247,15,1,72.8350045578852,0.329456184637577,81.26,2,49881.2703654481,2,0.678555591591014,8256
Highly_Fatal_And_Damaging,35.9817351598173,11,7,67.5478577939836,0.344602235845654,80.96,1,35322.6759778569,3,1.30484074303551,11370
Significant_Damage_And_Serious_Injuries,38.0821917808219,13,3,65.9525979945305,0.33883231157591,75.68,3,36742.9903189402,1,0.182502202884981,7606
Significant_Damage_And_Fatalities,12.6940639269406,18,6,55.3783044667274,0.309982690227191,82.81,4,36830.544529354,3,0.0673084209630457,3054
Highly_Fatal_And_Damaging,11.5068493150685,18,1,88.2862351868733,0.179438153624233,77.63,2,30094.0892361481,2,0.408795983721773,6574
Significant_Damage_And_Serious_Injuries,77.7625570776256,8,0,51.4585232452142,0.640310854670032,79.03,7,24122.8234182072,3,0.00221747457417748,186
Significant_Damage_And_Serious_Injuries,40.365296803653,13,5,70.6927985414767,0.372369996393797,78.23,4,28800.0058613255,2,0.0527454649500691,1855
Highly_Fatal_And_Damaging,28.9041095890411,13,2,68.3682771194166,0.398695275874504,81.48,4,32874.4118594201,2,0.060013008820757,11124
Minor_Damage_And_Injuries,54.9771689497717,12,4,59.9817684594348,0.37489433826181,79.31,6,36365.817710587,2,0.00919704057079272,8598
Significant_Damage_And_Serious_Injuries,34.9315068493151,14,13,62.0783956244303,0.456033898305084,80.35,6,18816.7236153139,1,0.00428006250744553,3926
Minor_Damage_And_Injuries,44.4292237442922,12,14,51.7775752051048,0.549795167688424,80.32,7,38896.1729120633,2,0.00365445166324481,5446
Minor_Damage_And_Injuries,41.5525114155251,16,6,84.1385597082954,0.280411828344753,81.08,2,30336.1814847037,1,0.412117131132194,5755