Severity,Safety_Score,Days_Since_Inspection,Total_Safety_Complaints,Control_Metric,Turbulence_In_gforces,Cabin_Temperature,Accident_Type_Code,Max_Elevation,Violations,Adverse_Weather_Metric,Accident_ID
Significant_Damage_And_Serious_Injuries,40.7762557077626,13,2,82.1786690975388,0.176553191489361,80.53,6,14519.2418896442,3,0.00309338983224626,9074
Significant_Damage_And_Fatalities,64.6575342465753,13,19,72.6526891522334,0.388958528669311,80.35,1,21079.1691091078,2,0.773383504533066,8696
Highly_Fatal_And_Damaging,54.0639269406393,9,1,59.024612579763,0.345323476379372,79.55,3,22475.1258704004,2,0.112198793945968,11862
Significant_Damage_And_Serious_Injuries,77.7625570776256,8,1,49.2251595259799,0.541140281283808,87.34,4,37436.7322135348,4,0.0679782706767918,7912
Significant_Damage_And_Fatalities,63.1963470319635,13,16,64.4484958979034,0.339192931842769,79.89,7,27787.3464350781,3,0.00241405163548066,8597
Significant_Damage_And_Serious_Injuries,61.5525114155251,10,2,52.4156791248861,0.472261810313739,78.28,7,30305.5164786489,1,0.00288635775833638,12274
Highly_Fatal_And_Damaging,47.8082191780822,14,1,48.9061075660894,0.556286332491886,77.92,2,38375.4374821499,3,0.519355070097568,8340
Significant_Damage_And_Serious_Injuries,48.7214611872146,11,1,84.5487693710119,0.201435989902632,82.45,3,39961.8207622236,1,0.198958190239315,5036
Minor_Damage_And_Injuries,55.1141552511415,12,2,78.7602552415679,0.335586729174179,83.6,2,25265.936551665,3,0.343286521410658,2725
Highly_Fatal_And_Damaging,6.34703196347032,19,6,74.1567912488605,0.221270104579877,77.79,4,26198.2158404159,2,0.0484619583526901,11600
Significant_Damage_And_Serious_Injuries,43.013698630137,12,0,57.6116681859617,0.46865560764515,83.45,6,20265.0426177619,3,0.00503019856519494,2244
Highly_Fatal_And_Damaging,37.1232876712329,11,0,73.7010027347311,0.291591056617381,78.7,6,21036.1487262414,3,0.00569569732897192,3506
Minor_Damage_And_Injuries,61.324200913242,10,1,61.2579762989973,0.395449693472773,80.72,4,31639.1855021958,3,0.0571970099697241,3804
Highly_Fatal_And_Damaging,29.3607305936073,13,13,78.3044667274385,0.243989181391994,84.32,1,32806.2895663649,1,1.21102426293125,11527
Minor_Damage_And_Injuries,60.0913242009132,10,7,81.3582497721058,0.365157591056617,81.78,2,29150.1821953109,3,0.394504816380126,11325
Highly_Fatal_And_Damaging,27.2602739726027,13,9,86.9644484958979,0.214418319509556,80.27,2,33570.2963672233,3,0.453246293181655,10007
Highly_Fatal_And_Damaging,51.0502283105023,13,10,0,0.606412549585286,78.39,2,23758.6115451918,2,0.321668685211402,2085
Highly_Fatal_And_Damaging,19.6803652968037,15,3,54.5578851412944,0.335226108907321,74.82,2,61815.4982895265,0,0.836581796942541,7628
Significant_Damage_And_Serious_Injuries,54.5205479452055,8,5,73.2907930720146,0.244349801658853,79.31,1,24609.0335512452,3,0.887893341795068,10661
Significant_Damage_And_Serious_Injuries,64.0182648401826,13,2,53.4639927073838,0.392564731337901,77.08,7,42110.1776481671,4,0.00416866205100374,12370
Significant_Damage_And_Serious_Injuries,32.8767123287671,15,4,95.4876937101185,0.172946988820772,83.7,6,14287.4754585327,2,0.00303189200401893,7249
Highly_Fatal_And_Damaging,30.9132420091324,12,3,74.61257976299,0.201435989902632,76.42,1,30726.5644703725,3,1.13694765500617,6635
Highly_Fatal_And_Damaging,22.2831050228311,15,7,70.7839562443026,0.379582401730977,78.52,4,39792.6226383172,4,0.0732355607136367,2231
Significant_Damage_And_Serious_Injuries,34.4748858447488,14,17,75.2962625341842,0.322604399567255,82.75,6,41468.3975005761,2,0.00972433733835452,7039
Significant_Damage_And_Fatalities,32.1461187214612,12,1,48.313582497721,0.51156941940137,77.16,4,29502.7634210532,1,0.0528451340525014,11716
Highly_Fatal_And_Damaging,31.8264840182648,12,2,80.355515041021,0.229203750450775,79.83,1,31922.1003230797,2,1.17221429563847,10274
Significant_Damage_And_Fatalities,36.2557077625571,11,10,53.8742023701003,0.416365668950595,80.44,4,31239.8537935055,3,0.0580288359949266,4201
Minor_Damage_And_Injuries,69.5433789954338,8,2,70.464904284412,0.330538045438154,76.27,2,44265.5437755615,0,0.59741302238325,4051
Significant_Damage_And_Serious_Injuries,41.324200913242,13,6,62.2607110300821,0.437281644428417,77.1,6,20637.7837001384,2,0.00526925718600814,10099
Highly_Fatal_And_Damaging,55.8447488584475,5,7,67.9580674567001,0.399055896141363,80.35,1,23295.8406121284,2,0.859867417828303,2425
Highly_Fatal_And_Damaging,27.4885844748858,13,0,67.0920692798541,0.58729967544176,80.71,1,38032.8138917158,1,1.39011858032607,8662
Significant_Damage_And_Fatalities,22.3287671232877,15,4,45.1686417502279,0.478392354850342,81.45,6,12866.6100544267,1,0.0035568774101538,11802
Minor_Damage_And_Injuries,29.4977168949772,16,2,49.1340018231541,0.431151099891814,81.39,1,32337.3176953635,1,1.18973850932643,3939
Significant_Damage_And_Serious_Injuries,23.6529680365297,18,7,80.4466727438469,0.346765957446808,81.23,6,19201.5021304644,1,0.00427834417018891,2856
Highly_Fatal_And_Damaging,39.7260273972603,16,7,53.0082041932544,0.311064551027768,80.14,2,32008.2193613858,2,0.431251474752445,9438
Highly_Fatal_And_Damaging,68.9954337899543,11,1,56.608933454877,0.231728092318788,81.26,3,21723.6549068887,4,0.107908405084565,6100
Significant_Damage_And_Fatalities,44.5205479452055,8,3,52.9170464904284,0.410235124413992,77.36,2,29202.5677288209,3,0.395213777481635,8521
Highly_Fatal_And_Damaging,17.4429223744292,16,4,69.5533272561531,0.247234763793725,85.77,3,11940.7684814106,2,0.0594495856748826,7193
Highly_Fatal_And_Damaging,25.296803652968,14,3,76.8003646308113,0.229564370717634,80.64,3,33358.8046009305,1,0.166023869314956,5208
Highly_Fatal_And_Damaging,15.4794520547945,17,4,67.5022789425707,0.231367472051929,76.63,4,46674.0869460328,1,0.0845834601765373,11656
Significant_Damage_And_Serious_Injuries,31.8721461187215,15,6,63.2178669097539,0.448460872701046,76.22,6,31721.4461489696,1,0.00810038539197636,3267
Minor_Damage_And_Injuries,44.4292237442922,12,20,51.7775752051048,0.510848178867652,77.9,6,47882.5666610854,2,0.0114943524785138,7521
Highly_Fatal_And_Damaging,56.6666666666667,11,1,55.9708295350957,0.335226108907321,85.61,5,49270.6706051278,3,0.0324373855024073,11871
Minor_Damage_And_Injuries,72.9680365296803,7,0,60.8477666362808,0.46108258204111,81.26,3,33640.8300414984,2,0.167165430554854,8690
Significant_Damage_And_Fatalities,72.0091324200913,10,7,75.7976298997265,0.287263613415074,84.92,7,34239.8497938214,3,0.00321479368160568,6437
Significant_Damage_And_Serious_Injuries,47.8995433789954,11,9,79.8997265268915,0.29555787955283,80.55,3,24906.0402387375,2,0.124336649713543,3038
Minor_Damage_And_Injuries,49.5890410958904,10,8,55.2415679124886,0.264905156869816,83.6,7,37713.772281611,2,0.00357842530993307,3653
Minor_Damage_And_Injuries,52.7397260273972,13,3,48.313582497721,0.414923187883159,78.15,7,33950.8827492174,3,0.00318557811251554,11345
Significant_Damage_And_Fatalities,55.0228310502283,16,34,64.8131267092069,0.551598269022719,78.85,6,10313.8777973577,3,0.00279254182406123,9942
Significant_Damage_And_Fatalities,11.8264840182648,18,9,47.7666362807658,0.510126938333934,78.9,4,28451.0147010119,2,0.0521361149070095,4297
Highly_Fatal_And_Damaging,40.6392694063927,9,13,74.2935278030994,0.33883231157591,79.37,4,37862.9199927159,0,0.0697843616372638,7001
Significant_Damage_And_Fatalities,79.4063926940639,8,0,70.0091157702826,0.481637937252074,78.91,7,22921.0773301534,1,0.00223621061938481,5138
Minor_Damage_And_Injuries,45.9817351598173,15,3,63.3546034639927,0.59415146051208,83.32,7,25648.6676085747,2,0.00232829982073789,8267
Significant_Damage_And_Serious_Injuries,51.1872146118721,10,0,62.2607110300821,0.525272989542012,83.76,3,24973.6836872682,3,0.124629210450165,5407
Minor_Damage_And_Injuries,46.4383561643836,11,13,38.7876025524157,0.635622791200865,78.9,3,22727.3215190547,2,0.113705263493203,2500
Highly_Fatal_And_Damaging,40.8219178082192,9,2,68.7329079307201,0.250840966462315,81.53,1,38968.236520878,2,1.44569257769582,11430
Significant_Damage_And_Fatalities,25.5707762557078,14,2,51.0483135824977,0.628410385863685,78.99,4,24188.3948414421,1,0.0444837660915728,12283
Significant_Damage_And_Fatalities,80.958904109589,8,12,87.2379216043756,0.264544536602957,76.87,7,19262.1840059827,3,0.00165483628932035,5844
Minor_Damage_And_Injuries,59.041095890411,11,2,69.3710118505014,0.294476018752254,80.44,2,48088.2017203851,0,0.650803040016768,7938
Highly_Fatal_And_Damaging,28.2191780821918,13,0,64.9954421148587,0.422856833754057,79.51,7,46371.5275238705,2,0.00383708389771657,5060
Highly_Fatal_And_Damaging,22.9680365296804,15,0,66.5451230628988,0.306737107825459,78.36,4,30605.4321457317,2,0.0560106003796652,10475
Significant_Damage_And_Serious_Injuries,72.4657534246575,9,2,48.9061075660894,0.662308690948431,82.86,5,25644.4684192504,2,0.0173519118509636,8151
Highly_Fatal_And_Damaging,55.662100456621,12,21,55.5150410209663,0.568186801298233,83.71,2,20204.6489775497,0,0.273440189207303,10459
Minor_Damage_And_Injuries,65.4337899543379,12,12,77.7575205104832,0.308179588892896,76.56,2,32690.6257735184,1,0.442575446115247,6880
Minor_Damage_And_Injuries,33.7442922374429,18,10,62.2607110300821,0.375254958528669,84.29,1,43422.9523245703,1,1.60598230838271,1829
Significant_Damage_And_Serious_Injuries,33.6986301369863,15,7,66.0437556973564,0.354699603317706,78.75,3,40491.8862409923,1,0.202363110539689,2573
Minor_Damage_And_Injuries,28.675799086758,16,11,52.461257976299,0.323686260367832,81.39,1,30063.4050731068,2,1.10726459904649,6585
Minor_Damage_And_Injuries,30.7305936073059,19,2,59.3892433910666,0.427184276956365,79.66,1,32337.3176953635,1,1.18962343627537,12056
Significant_Damage_And_Serious_Injuries,52.3744292237443,9,19,82.0875113947128,0.462885683375405,78.52,3,32746.1554861564,1,0.163526332695922,6903
Significant_Damage_And_Serious_Injuries,51.2785388127854,10,9,71.1941659070192,0.424299314821493,77.7,3,37477.5074617678,2,0.185836721640805,8930
Minor_Damage_And_Injuries,52.9223744292237,9,5,54.7402005469462,0.500390191128741,78.34,6,39274.1367282181,2,0.00967149012379955,10708
Minor_Damage_And_Injuries,60.0913242009132,10,5,66.5451230628988,0.41095636494771,77.02,4,31387.7303250155,2,0.0575081967404916,1643
Highly_Fatal_And_Damaging,20.2739726027397,15,5,60.7110300820419,0.360830147854309,88.04,4,31864.7898725408,2,0.0592112001916615,7502
Significant_Damage_And_Serious_Injuries,47.9908675799087,11,0,73.0173199635369,0.223433826181031,83.34,3,35121.5544506946,3,0.174153414362184,11510
Minor_Damage_And_Injuries,27.1232876712329,17,3,56.9279854147676,0.356142084385142,84.82,6,24122.306625314,1,0.00623447084626441,7088
Significant_Damage_And_Serious_Injuries,91.2328767123288,6,3,55.0592525068368,0.508684457266498,78.25,7,31318.3160971791,1,0.00266818024046381,9754
Significant_Damage_And_Serious_Injuries,45.4337899543379,11,3,59.4804010938925,0.514093761269383,78.37,2,28436.741416448,0,0.384621350729976,5695
Highly_Fatal_And_Damaging,40.6849315068493,16,9,55.6061987237922,0.433314821492968,79.6,7,29538.27364245,2,0.00277595369618666,1487
Highly_Fatal_And_Damaging,12.9680365296804,17,6,59.2980856882407,0.338111071042192,83.9,3,24897.4411607909,0,0.124435001468023,2884
Significant_Damage_And_Serious_Injuries,27.8538812785388,17,6,76.5724703737466,0.233531193653083,83.94,7,32213.6960035099,3,0.00311549295347341,2350
Minor_Damage_And_Injuries,47.8995433789954,14,29,70.8295350957156,0.339914172376487,75.99,2,30684.6725583661,2,0.41527188517092,9009
Minor_Damage_And_Injuries,63.6529680365297,10,1,63.5824977210575,0.482359177785791,78.31,2,38165.4207238734,1,0.516512802350989,2898
Highly_Fatal_And_Damaging,35.4337899543379,11,6,63.3546034639927,0.32116191849982,75.95,4,35490.4760411693,2,0.0652770328532724,6295
Minor_Damage_And_Injuries,45.2054794520548,15,3,72.2424794895169,0.268150739271547,78.31,2,30465.0899917416,1,0.413267080126156,278
Significant_Damage_And_Serious_Injuries,24.9315068493151,18,6,65.0410209662717,0.439084745762712,79.09,6,27487.6888024332,3,0.00691660370224402,1996
Significant_Damage_And_Serious_Injuries,20.958904109589,19,20,73.9744758432088,0.334865488640461,78.12,3,33896.0232636711,3,0.167893190363399,6112
Significant_Damage_And_Fatalities,49.4520547945205,17,5,70.0091157702826,0.341717273710782,83.08,5,11025.734744313,3,0.00375549732045075,12122
Minor_Damage_And_Injuries,73.3333333333333,7,6,80.4010938924339,0.243628561125135,75.76,2,48352.0147996316,4,0.653014214204056,7202
Significant_Damage_And_Serious_Injuries,29.4063926940639,16,19,84.8678213309025,0.421053732419762,76.18,6,29311.5725785883,3,0.00705230146184997,4165
Significant_Damage_And_Serious_Injuries,63.6986301369863,6,4,75.38742023701,0.238940497655968,86.32,3,36736.2901448529,3,0.183405433181803,4681
Significant_Damage_And_Serious_Injuries,31.5981735159817,15,8,72.7438468550593,0.186650558961413,76.9,3,40239.8802618811,3,0.202521398591503,12385
Significant_Damage_And_Serious_Injuries,34.4292237442922,15,1,68.3226982680037,0.258774612333213,76.93,3,29763.1841640457,2,0.147969484951643,3279
Significant_Damage_And_Serious_Injuries,48.310502283105,10,5,57.4749316317229,0.39292535160476,79.56,1,37933.3990008527,0,1.39914903206619,7604
Minor_Damage_And_Injuries,52.8767123287671,13,1,67.7757520510483,0.251922827262892,82.59,7,37772.6897005185,1,0.00353978635402655,2345
Highly_Fatal_And_Damaging,29.1780821917808,13,4,79.535095715588,0.294836639019113,77.26,1,36048.4823583013,2,1.32525896658218,11170
Minor_Damage_And_Injuries,48.4018264840183,11,2,48.2680036463081,0.42898737829066,86.36,3,42615.8389199835,4,0.211728167404242,3785
Highly_Fatal_And_Damaging,36.6666666666667,10,11,83.4092980856883,0.289427335016228,78.2,4,35048.0265895625,2,0.0637233304662383,8582
Significant_Damage_And_Fatalities,48.7214611872146,17,3,66.1804922515953,0.376336819329246,79.81,7,20106.7303917632,3,0.00189626987285492,7134
Highly_Fatal_And_Damaging,19.041095890411,16,4,73.2452142206017,0.238940497655968,78.7,1,27823.4561463994,1,1.01607221631166,2839
Highly_Fatal_And_Damaging,32.7397260273973,19,7,51.0938924339107,0.63021348719798,81.66,5,48338.7786128591,2,0.0330801193794526,3234
Minor_Damage_And_Injuries,47.4885844748858,11,13,43.5278030993619,0.485604760187523,79.89,6,40442.7281475776,3,0.010108419161522,2903
Minor_Damage_And_Injuries,45.296803652968,15,1,72.8350045578852,0.27428128380815,78.8,6,23536.9009038836,2,0.00607740767699834,1391
Minor_Damage_And_Injuries,56.027397260274,12,2,88.6052871467639,0.289066714749369,76.18,5,24842.6498966652,2,0.0164689122872173,12489
Highly_Fatal_And_Damaging,16.3470319634703,16,0,72.2424794895169,0.398695275874504,76.85,1,34544.1444583375,2,1.27665927889249,53
Significant_Damage_And_Serious_Injuries,42.8767123287671,12,14,58.5232452142206,0.416005048683736,82.13,6,26640.1090793987,2,0.00645951923367222,8357
Minor_Damage_And_Injuries,39.3607305936073,17,0,76.5724703737466,0.335226108907321,78.83,2,22106.5964598616,2,0.30011361651155,12393
Significant_Damage_And_Fatalities,41.3698630136986,9,20,39.8814949863264,0.735153984853949,79.88,4,22065.8831667243,3,0.0408770658166928,12123
Significant_Damage_And_Serious_Injuries,28.4931506849315,16,9,79.2160437556974,0.268511359538406,79.3,6,30586.407239901,3,0.00716115285602777,3594
Highly_Fatal_And_Damaging,22.2831050228311,15,12,59.7082953509572,0.556646952758745,79.06,1,35966.2470220649,2,1.34219324869291,7671
Significant_Damage_And_Fatalities,28.9041095890411,13,3,41.2488605287147,0.757151821132347,78.51,3,51535.3662523604,1,0.252486007013691,9575
Highly_Fatal_And_Damaging,23.1506849315068,14,9,74.9772105742936,0.326571222502704,81.48,1,13658.8165000358,2,0.518572471316774,7694
Minor_Damage_And_Injuries,55.0228310502283,12,1,73.4275296262534,0.356142084385142,78.02,5,40674.112655783,1,0.0273168021552321,10977
Highly_Fatal_And_Damaging,41.6438356164383,9,1,58.5232452142206,0.333423007573026,81.97,7,39848.6893071312,2,0.00338056527837996,9541
Significant_Damage_And_Serious_Injuries,37.3059360730594,14,7,66.6362807657247,0.372730616660656,80.26,3,31993.458888341,2,0.159286052499828,376
Minor_Damage_And_Injuries,52.7397260273972,13,2,68.1403828623519,0.261659574468085,82.43,5,38087.8441285087,2,0.026380928931565,5301
Highly_Fatal_And_Damaging,21.1872146118721,15,2,59.8906107566089,0.424299314821493,82.45,1,33771.0947870574,1,1.24631439155671,7528
Significant_Damage_And_Serious_Injuries,45.0684931506849,11,6,75.8432087511395,0.376697439596105,78.09,3,21154.8577344722,3,0.106394034490747,4318
Significant_Damage_And_Serious_Injuries,41.0045662100457,13,21,69.4165907019143,0.322604399567255,77.11,3,32990.9149372376,2,0.163199733689906,1700
Highly_Fatal_And_Damaging,12.9680365296804,17,0,53.7374658158614,0.273199423007573,80.74,3,26026.0289669448,1,0.128896401917114,9652
Minor_Damage_And_Injuries,65.4337899543379,12,7,85.278030993619,0.325489361702128,79.63,5,18965.2829541948,2,0.0130313613858333,3757
Highly_Fatal_And_Damaging,68.4018264840182,8,3,56.1987237921604,0.546910205553552,79.21,2,35004.0541195592,1,0.473371436510231,724
Highly_Fatal_And_Damaging,13.37899543379,17,14,71.3764813126709,0.419611251352326,79.63,4,15175.1319946798,2,0.0263158471738954,463
Minor_Damage_And_Injuries,65.9817351598173,9,15,65.2233363719235,0.254807789397764,77.64,2,26020.7634174777,1,0.352349972573073,6087
Minor_Damage_And_Injuries,37.3972602739726,14,9,56.9279854147676,0.467213126577713,82.3,6,29640.2094341724,1,0.00736692430030834,5770
Significant_Damage_And_Serious_Injuries,42.1004566210046,12,2,69.1431175934367,0.380303642264695,81.23,3,35291.7978906572,1,0.175624748220402,11135
Significant_Damage_And_Serious_Injuries,45.0684931506849,11,6,73.3819507748405,0.238579877389109,81.1,3,36882.331913339,2,0.183405433181803,4833
Minor_Damage_And_Injuries,31.1872146118721,15,7,54.6946216955333,0.371648755860079,77.99,3,36305.7929992729,1,0.181817781956416,4510
Significant_Damage_And_Fatalities,20.0913242009132,15,10,49.0884229717411,0.590545257843491,82.2,4,34985.7217148431,2,0.0639321880002275,7973
Minor_Damage_And_Injuries,30.8675799086758,19,6,47.0373746581586,0.675291020555355,80.65,2,26816.7519798023,2,0.358535500334644,1856
Significant_Damage_And_Serious_Injuries,51.689497716895,9,4,71.3764813126709,0.322604399567255,80.03,6,52189.5365431102,3,0.0127939398824036,6790
Highly_Fatal_And_Damaging,13.7899543378995,17,3,65.1777575205105,0.457115759105661,79.71,4,28036.2750948294,0,0.0515663632026278,86
Highly_Fatal_And_Damaging,49.1780821917808,7,0,79.8997265268915,0.134,78.64,4,22331.8751251695,1,0.0408770658166928,10742
Highly_Fatal_And_Damaging,21.2328767123288,15,4,69.0519598906108,0.325849981968986,79.48,4,50517.1199137983,3,0.0949573213366051,283
Significant_Damage_And_Fatalities,100,4,0,63.9015496809481,0.24543166245943,80.44,7,36722.3335730371,4,0.00316851867819873,3261
Minor_Damage_And_Injuries,61.4155251141552,10,1,82.9079307201459,0.256610890732059,80.55,3,45302.3037066897,1,0.225236460695198,7674
Significant_Damage_And_Serious_Injuries,30.7762557077626,16,3,70.464904284412,0.341356653443924,82.73,6,24242.431985579,2,0.00631949156737795,7547
Significant_Damage_And_Serious_Injuries,34.7945205479452,14,0,72.5615314494075,0.312146411828345,78.03,3,28770.8750092367,1,0.143241752108814,7017
Significant_Damage_And_Serious_Injuries,18.7214611872146,19,3,59.1157702825889,0.471179949513162,78.25,4,44292.0072613337,3,0.0824157481424522,7657
Significant_Damage_And_Serious_Injuries,16.986301369863,20,15,65.9981768459435,0.380303642264695,76.79,1,42504.4422413966,3,1.57560922196678,6384
Minor_Damage_And_Injuries,44.9315068493151,15,0,80.8568824065634,0.358305805986296,80.14,4,38973.1647547029,2,0.0715707647756609,8373
Highly_Fatal_And_Damaging,30.5022831050228,12,0,68.6417502278943,0.413480706815723,81.07,4,40657.7633959541,2,0.0736509209184376,9738
Highly_Fatal_And_Damaging,23.4246575342466,14,0,80.0820419325433,0.2201882437793,75.68,2,32539.8451019905,1,0.440110495001411,2637
Minor_Damage_And_Injuries,64.5662100456621,9,2,70.0091157702826,0.381746123332131,75.58,2,28473.7861502813,2,0.384849445392131,6498
Significant_Damage_And_Serious_Injuries,50.0456621004566,10,2,68.5050136736554,0.416005048683736,83.81,5,37002.5192831597,4,0.0251101485805745,4268
Highly_Fatal_And_Damaging,21.6438356164384,15,13,81.2670920692799,0.201075369635773,79.66,4,28994.8333817836,2,0.0531635622842917,3283
Minor_Damage_And_Injuries,40.0913242009132,16,4,59.8906107566089,0.381746123332131,83.22,2,49106.3559589155,3,0.653900333012144,33
Significant_Damage_And_Serious_Injuries,43.8356164383562,12,2,64.8131267092069,0.389679769203029,87.34,6,36468.4292231444,3,0.00892827044876468,2788
Significant_Damage_And_Fatalities,30.1826484018265,12,0,51.1850501367366,0.640671474936891,83.58,4,33673.5787819803,1,0.061124830982299,4080
Significant_Damage_And_Serious_Injuries,30.7762557077626,16,18,67.228805834093,0.409513883880274,83.64,3,27506.1966528776,2,0.136897973743858,4387
Minor_Damage_And_Injuries,40.365296803653,13,9,54.9680948040109,0.303491525423729,77.92,3,36219.5213082148,2,0.179167188626676,9440
Significant_Damage_And_Serious_Injuries,52.9223744292237,9,5,69.1431175934367,0.396892174540209,79.45,3,32266.1362314826,2,0.159982938476517,6305
Highly_Fatal_And_Damaging,50.7762557077626,13,8,45.897903372835,0.657981247746123,83.44,4,35387.6700736684,3,0.0648147786182977,12230
Minor_Damage_And_Injuries,54.0182648401826,12,8,61.9416590701914,0.391482870537324,79.17,2,26040.2990908391,2,0.351388022143726,1317
Significant_Damage_And_Serious_Injuries,40.7305936073059,13,6,79.0337283500456,0.232088712585647,78.68,7,43717.2844019346,1,0.00401610269010273,5881
Highly_Fatal_And_Damaging,44.4748858447489,8,14,71.1941659070192,0.346765957446808,79.62,1,21782.8175480912,3,0.79055360627557,12213
Highly_Fatal_And_Damaging,44.8401826484018,8,2,88.2406563354604,0.174750090155067,81.82,1,26663.9608352054,3,0.987286044625869,1171
Highly_Fatal_And_Damaging,32.1917808219178,12,0,85.5970829535096,0.263823296069239,79.31,2,42885.3906813459,0,0.576831072177098,2563
Highly_Fatal_And_Damaging,16.1643835616438,17,12,84.2752962625342,0.218745762711864,79.88,2,41380.2006558883,2,0.559006907847623,8466
Highly_Fatal_And_Damaging,35.0228310502283,11,1,59.1613491340018,0.390761630003606,84.72,4,31228.5093177424,2,0.0577524992640029,2058
Highly_Fatal_And_Damaging,49.6803652968036,7,1,78.9425706472197,0.207205914172377,78.86,4,41910.8098811917,3,0.0758160751129294,10443
Significant_Damage_And_Serious_Injuries,54.2922374429224,16,24,56.9735642661805,0.438002884962135,81.43,3,39759.020002548,2,0.196540557788374,4244
Highly_Fatal_And_Damaging,44.337899543379,8,19,57.8395624430264,0.30313090515687,80.63,7,44502.4966181395,2,0.00387806385854065,11208
Highly_Fatal_And_Damaging,31.2328767123288,12,13,66.4995442114859,0.405547060944825,81.2,1,35522.8141162109,2,1.31166391799607,3513
Highly_Fatal_And_Damaging,39.8173515981735,9,2,65.3600729261623,0.272478182473855,78.97,4,20390.8024862066,3,0.037029030621957,5306
Significant_Damage_And_Serious_Injuries,39.1324200913242,13,0,53.9197812215132,0.61939487919221,79.76,3,42065.3824301481,3,0.20989097427362,6013
Significant_Damage_And_Fatalities,70.6392694063927,11,0,86.8277119416591,0.188453660295708,79.71,2,46540.2467885055,3,0.637457086688145,1145
Significant_Damage_And_Serious_Injuries,40.8675799086758,13,1,64.3573381950775,0.301327803822575,77.36,6,40487.0460768338,4,0.00990625580190773,755
Significant_Damage_And_Fatalities,75.2054794520548,9,1,73.4731084776664,0.368763793725207,76.69,7,28815.0595298404,2,0.00291125090811163,12181
Significant_Damage_And_Fatalities,53.1963470319635,16,0,82.9535095715588,0.179438153624233,81.83,7,22861.383659559,2,0.0020642750489768,6999
Significant_Damage_And_Fatalities,37.5342465753425,11,3,49.4530537830446,0.515536242336819,80.07,4,29518.6129237704,2,0.0525367024728564,8837
Highly_Fatal_And_Damaging,19.5890410958904,15,3,67.0464904284412,0.416365668950595,79.58,4,26744.8667985702,1,0.0487621006652892,12440
Minor_Damage_And_Injuries,28.6301369863014,16,11,51.1850501367366,0.375615578795528,79.65,4,18842.7886746802,0,0.0350890825621048,10562
Significant_Damage_And_Fatalities,72.0091324200913,10,3,75.7976298997265,0.342077893977641,80.43,5,12666.7712047322,3,0.00375549732045075,3995
Significant_Damage_And_Serious_Injuries,50.5022831050228,10,0,80.6745670009116,0.240022358456545,78.84,3,36748.2703672973,4,0.182599552806783,10363
Significant_Damage_And_Serious_Injuries,44.7488584474886,12,1,73.2907930720146,0.257692751532636,79.03,6,37541.6763730355,0,0.0101249384175377,12109
Minor_Damage_And_Injuries,36.3470319634703,14,5,35.9161349134002,0.455673278038226,84.87,3,25032.8277022329,3,0.124631110425203,10108
Minor_Damage_And_Injuries,56.9406392694064,11,5,64.4484958979034,0.45387017670393,82.73,2,31122.6458475577,2,0.422529599914483,858
Highly_Fatal_And_Damaging,42.648401826484,9,0,74.7948951686418,0.338471691309052,84.62,1,33963.8106036965,3,1.24933997725514,947
Highly_Fatal_And_Damaging,24.7945205479452,14,16,62.0328167730173,0.357945185719437,77.03,1,26397.2031206751,1,0.977273485934279,11314
Minor_Damage_And_Injuries,39.4520547945205,17,2,69.2342752962625,0.343880995311936,80.2,2,18466.4302483408,4,0.238677717027038,10205
Highly_Fatal_And_Damaging,47.8082191780822,7,6,67.6390154968095,0.269232600072124,77.33,4,20822.3094350999,3,0.0388307713777085,4608
Highly_Fatal_And_Damaging,29.7260273972603,12,0,68.6417502278943,0.412038225748287,81.48,2,27975.799439279,1,0.37781960523515,9559
Highly_Fatal_And_Damaging,13.6529680365297,17,12,63.3090246125798,0.306737107825459,79.67,1,44290.070229661,2,1.61643465200067,6275
Highly_Fatal_And_Damaging,6.34703196347032,19,5,75.7976298997265,0.394367832672196,79.69,7,23042.462103486,2,0.00222971733346745,8700
Significant_Damage_And_Serious_Injuries,32.0091324200913,15,7,64.3573381950775,0.4145625676163,80.59,2,39482.9418262533,2,0.532383164557223,8484
Highly_Fatal_And_Damaging,63.6529680365297,10,11,54.0565177757521,0.528518571943743,78.86,2,42365.0610556393,0,0.576201428940559,1291
Significant_Damage_And_Fatalities,65.4337899543379,4,2,50.6381039197812,0.479474215650919,78.18,3,28135.9173146792,4,0.141031133810539,3736
Significant_Damage_And_Serious_Injuries,36.8949771689498,14,0,70.8751139471286,0.205402812838081,83.03,1,47358.6935139444,2,1.73952817986032,6038
Significant_Damage_And_Fatalities,76.3926940639269,9,9,66.9553327256153,0.463246303642264,77.4,7,39189.4780352356,2,0.00348072307499041,3322
Significant_Damage_And_Serious_Injuries,43.6529680365297,12,8,52.1877848678213,0.568186801298233,79.58,2,22671.8172128642,1,0.302231914191802,581
Highly_Fatal_And_Damaging,21.2785388127854,15,17,74.7493163172288,0.412759466282005,81.15,2,33730.6363753111,1,0.453693975116104,10558
Significant_Damage_And_Fatalities,69.9543378995434,11,3,66.1349134001823,0.296279120086549,78.63,6,37123.4671202188,2,0.00899424219999056,5443
Minor_Damage_And_Injuries,35.3881278538813,18,4,80.4010938924339,0.337029210241615,79.85,2,39903.4967278214,1,0.542971582342991,1627