Severity,Safety_Score,Days_Since_Inspection,Total_Safety_Complaints,Control_Metric,Turbulence_In_gforces,Cabin_Temperature,Accident_Type_Code,Max_Elevation,Violations,Adverse_Weather_Metric,Accident_ID
Significant_Damage_And_Serious_Injuries,45.7990867579909,11,24,72.8805834092981,0.365157591056617,82.36,3,39863.3683153599,2,0.19890841544931,10908
Significant_Damage_And_Serious_Injuries,24.3835616438356,17,4,80.4466727438469,0.30313090515687,77.98,6,45239.9524774151,3,0.0114943524785138,1742
Minor_Damage_And_Injuries,52.7397260273972,13,3,58.2953509571559,0.46829498737829,78.47,5,43786.173360848,1,0.0302458106880006,9837
Highly_Fatal_And_Damaging,18.9497716894977,16,1,89.1978122151322,0.271396321673278,82.97,4,23511.5711458984,2,0.0435688687075891,11511
Minor_Damage_And_Injuries,76.62100456621,6,0,72.4703737465816,0.387155427335016,75.94,6,33573.2699399035,3,0.00847670132384697,3903
Significant_Damage_And_Fatalities,54.1095890410959,16,20,60.7566089334549,0.419971871619185,78.5,1,22550.623318695,3,0.83130070319387,4132
Highly_Fatal_And_Damaging,41.1415525114155,9,11,62.3518687329079,0.314670753696357,80.71,7,19518.5621631503,1,0.00166625715666245,3220
Significant_Damage_And_Serious_Injuries,18.7214611872146,19,12,66.4995442114859,0.42177497295348,78.49,1,40347.886658032,1,1.50398754286448,3551
Highly_Fatal_And_Damaging,65.3424657534246,3,2,74.7948951686418,0.306015867291742,77.32,6,30445.1677064832,2,0.00716896155939985,11793
Significant_Damage_And_Fatalities,15.8904109589041,17,2,45.3965360072927,0.514093761269383,76.89,1,30233.1910796089,3,1.11360026590412,3480
Highly_Fatal_And_Damaging,39.5433789954338,10,6,59.0701914311759,0.488850342589253,83.33,7,41695.975178656,1,0.00399284362384002,9931
Highly_Fatal_And_Damaging,34.1095890410959,11,1,73.4731084776664,0.419971871619185,82.21,4,26674.9433945282,1,0.0489849322409907,1273
Minor_Damage_And_Injuries,34.6575342465753,18,5,65.8158614402917,0.282575549945907,78.64,1,25276.6017158966,3,0.928160114062658,538
Significant_Damage_And_Serious_Injuries,53.7442922374429,9,2,72.4247948951687,0.420332491886044,81.56,5,27776.6103421415,2,0.0185203892363935,2187
Significant_Damage_And_Serious_Injuries,39.4977168949772,13,1,77.848678213309,0.399416516408222,78.28,3,28154.2803480068,2,0.140988659182671,5921
Significant_Damage_And_Serious_Injuries,36.3013698630137,14,3,62.6253418413856,0.325128741435269,81.78,3,45341.2787914712,2,0.22568423147531,7074
Minor_Damage_And_Injuries,53.7899543378995,9,0,52.1877848678213,0.491735304724126,83.39,6,21779.8358358126,2,0.00575729159765092,9501
Significant_Damage_And_Fatalities,54.2922374429224,16,0,70.6016408386509,0.291230436350523,82.5,7,42628.510405682,1,0.00375006683446869,2747
Highly_Fatal_And_Damaging,33.1963470319635,12,5,58.7967183226983,0.364436350522899,79.71,1,38518.0479996643,3,1.40775526841574,3750
Minor_Damage_And_Injuries,40.9132420091324,16,23,67.3655423883318,0.352175261449693,80.7,7,47430.2732035325,3,0.00460286344892508,9766
Highly_Fatal_And_Damaging,36.62100456621,11,7,58.7967183226983,0.412038225748287,84.48,4,43887.3019722406,0,0.0800334853925099,6353
Highly_Fatal_And_Damaging,36.62100456621,11,11,65.4056517775752,0.272478182473855,81.28,2,51160.0188437154,3,0.690352132882796,3951
Significant_Damage_And_Serious_Injuries,59.4520547945205,14,0,54.8313582497721,0.457476379372521,78.92,7,17216.4218876264,1,0.00179714325210385,12258
Significant_Damage_And_Serious_Injuries,39.2694063926941,13,1,64.1750227894257,0.330898665705012,78.71,2,32739.2459757613,2,0.444452039038506,10314
Minor_Damage_And_Injuries,41.2785388127854,13,10,50.8659981768459,0.538976559682654,77.55,4,47882.5666610854,2,0.0888961552082543,3277
Minor_Damage_And_Injuries,50.0913242009132,10,3,39.8814949863264,0.585857194374324,84.96,3,33576.0742769008,1,0.167683342524907,10825
Significant_Damage_And_Serious_Injuries,37.6712328767123,14,5,57.6116681859617,0.312507032095204,82.3,1,32734.0661637251,0,1.21296402356341,5530
Significant_Damage_And_Fatalities,22.7853881278539,15,4,44.7584320875114,0.45387017670393,77.91,2,19136.0861004631,2,0.254442294313853,10344
Significant_Damage_And_Fatalities,39.4063926940639,10,8,49.4530537830446,0.531042913811756,80.45,1,25958.1374625071,4,0.956826200797043,11857
Highly_Fatal_And_Damaging,19.1780821917808,16,10,59.0701914311759,0.514093761269383,84.03,4,32035.2462117953,2,0.0593966255335747,5096
Minor_Damage_And_Injuries,49.3607305936073,14,2,59.1157702825889,0.375254958528669,79.32,2,28208.2593702175,2,0.379276810633701,11885
Highly_Fatal_And_Damaging,20.1826484018265,15,0,74.0656335460346,0.424299314821493,79.58,7,31164.4523117872,2,0.00258556122063918,11658
Significant_Damage_And_Serious_Injuries,60.5479452054795,14,2,45.5332725615314,0.359387666786873,78.94,7,28287.9926044483,2,0.00266007015636225,4466
Minor_Damage_And_Injuries,48.9041095890411,14,23,66.7730173199635,0.344602235845654,81.56,2,29368.1675507863,0,0.397454927362596,5518
Significant_Damage_And_Serious_Injuries,57.0776255707762,8,9,80.4922515952598,0.502914532996754,77.55,3,31035.6551968925,1,0.154517428712914,9041
Highly_Fatal_And_Damaging,17.3972602739726,16,15,68.6417502278943,0.267429498737829,81.87,4,16238.5861110973,2,0.0304735173357446,10413
Significant_Damage_And_Serious_Injuries,37.6712328767123,14,5,71.9234275296263,0.27788748647674,76.39,3,30830.3940187457,2,0.154648326213696,11169
Significant_Damage_And_Serious_Injuries,23.6529680365297,18,0,59.2069279854148,0.518421204471691,80.19,3,30056.8989424303,2,0.148832135405465,9653
Significant_Damage_And_Serious_Injuries,28.9041095890411,16,3,64.6763901549681,0.341717273710782,81.85,3,34255.7043624546,3,0.17089911377233,9851
Minor_Damage_And_Injuries,68.1278538812785,5,7,56.3810391978122,0.276805625676163,88.71,4,40646.9528251508,1,0.0744832392429479,3509
Significant_Damage_And_Serious_Injuries,17.351598173516,20,7,67.0920692798541,0.469737468445727,82.91,2,31302.3851194615,1,0.423471023989516,8872
Highly_Fatal_And_Damaging,14.2009132420091,17,1,57.8851412944394,0.285821132347638,76.61,4,47507.7168742865,3,0.0865139983925863,10482
Significant_Damage_And_Serious_Injuries,53.8356164383562,12,1,54.4667274384686,0.604970068517851,78.67,3,39083.4123264333,2,0.194627896518072,8732
Significant_Damage_And_Serious_Injuries,27.3059360730594,17,2,74.7948951686418,0.451345834835918,80.76,3,40230.3528397513,3,0.202628386150138,7796
Minor_Damage_And_Injuries,69.634703196347,8,0,82.9079307201459,0.269953840605842,78.78,5,25298.9797853968,2,0.0169084447733504,4582
Significant_Damage_And_Fatalities,48.8584474885845,17,5,75.38742023701,0.388597908402452,83.08,7,12800.2929710725,2,0.00129857213614497,11841
Minor_Damage_And_Injuries,38.8584474885845,17,4,78.9425706472197,0.278608727010458,75.88,1,32625.7179340323,4,1.20865168020795,4116
Highly_Fatal_And_Damaging,37.5799086757991,10,6,69.1431175934367,0.289427335016228,84.51,4,33523.7023387974,2,0.0612243728033003,3042
Highly_Fatal_And_Damaging,30.7305936073059,19,0,48.0401093892434,0.510848178867652,77.4,4,34735.4582523127,2,0.0639610596417436,2528
Significant_Damage_And_Fatalities,48.8584474885845,17,5,66.1804922515953,0.376336819329246,83.82,7,12239.7172862064,3,0.00141753325541133,5571
Significant_Damage_And_Fatalities,40.1826484018265,10,13,55.2415679124886,0.430790479624955,76.07,4,50314.7204576381,3,0.0958258956683562,1575
Highly_Fatal_And_Damaging,71.9178082191781,7,17,18.4594348222425,0.771576631806707,79.88,3,46291.3905755955,2,0.232376595778976,9357
Significant_Damage_And_Fatalities,22.648401826484,15,6,37.739288969918,0.571432383699964,86.59,3,22327.5246569269,3,0.111428701057596,3712
Significant_Damage_And_Serious_Injuries,61.1872146118721,7,10,61.2579762989973,0.418529390551749,80.03,3,28156.6962344969,2,0.140626767258425,3031
Significant_Damage_And_Fatalities,63.1963470319635,13,8,73.0628988149499,0.352175261449693,77.09,7,27612.5083782762,2,0.00238118653379434,2968
Highly_Fatal_And_Damaging,14.8858447488584,17,24,78.0309936189608,0.352535881716553,77.51,4,40752.5345280167,3,0.0740408070505912,4946
Minor_Damage_And_Injuries,54.8858447488584,12,1,68.869644484959,0.28149368914533,82.14,5,36790.5008094017,2,0.0245406632757047,9261
Significant_Damage_And_Fatalities,39.6803652968037,9,4,55.2415679124886,0.253004688063469,79.67,1,32919.0524774902,2,1.19895525832586,7603
Significant_Damage_And_Serious_Injuries,45.9817351598173,11,2,77.9854147675479,0.421053732419762,87.51,6,28520.1977697407,0,0.00705230146184997,9506
Highly_Fatal_And_Damaging,29.7716894977169,12,2,68.6417502278943,0.255889650198341,76.13,6,33414.3928579992,1,0.00860815483067114,1549
Minor_Damage_And_Injuries,45.0684931506849,11,2,56.4721969006381,0.319719437432383,76.85,4,37177.3789253251,1,0.0685852010451031,2297
Significant_Damage_And_Fatalities,39.4063926940639,10,1,53.9197812215132,0.510848178867652,79.53,1,22938.1779252997,1,0.845845626344203,11218
Highly_Fatal_And_Damaging,47.4885844748858,14,6,50.3190519598906,0.485965380454381,77.89,5,8981.31545951776,2,0.00259797974810656,2497
Minor_Damage_And_Injuries,33.013698630137,18,7,56.9279854147676,0.231728092318788,80.54,1,26930.3762347395,1,0.993891141184969,5545
Highly_Fatal_And_Damaging,30.5936073059361,12,0,79.535095715588,0.228121889650198,83.01,3,37066.9622418898,3,0.185100239617324,5161
Minor_Damage_And_Injuries,42.283105022831,16,7,77.4384685505925,0.237858636855391,76.9,2,40987.1911745433,3,0.556483733711453,5455
Highly_Fatal_And_Damaging,41.1872146118721,9,11,62.3518687329079,0.247234763793725,82.8,4,22999.9480219285,0,0.0427864059446497,9457
Highly_Fatal_And_Damaging,36.0730593607306,11,1,76.4813126709207,0.283296790479625,77.94,1,22834.1486913392,4,0.83130070319387,4155
Significant_Damage_And_Fatalities,95.2511415525114,4,11,78.0765724703738,0.276084385142445,80.45,6,45294.8304706165,1,0.0119468965853497,7891
Significant_Damage_And_Fatalities,72.8767123287671,10,7,63.9015496809481,0.448100252434187,80.23,7,42297.736277418,1,0.00401669100153598,9917
Significant_Damage_And_Serious_Injuries,37.7625570776256,14,4,66.5907019143118,0.460000721240533,78.97,4,42708.8544741583,3,0.0785727187769532,10208
Significant_Damage_And_Serious_Injuries,41.5525114155251,13,4,66.4539653600729,0.366239451857194,81.27,1,26622.2917360185,3,0.977273485934279,11161
Significant_Damage_And_Serious_Injuries,76.1187214611872,9,1,51.0027347310848,0.500390191128741,78.25,7,33076.7705547097,2,0.00304457767393473,8651
Highly_Fatal_And_Damaging,37.2146118721461,11,0,68.6417502278943,0.146261089073206,76.63,4,30918.2798878022,0,0.0576727377660007,6664
Minor_Damage_And_Injuries,38.4931506849315,17,2,63.7192342752963,0.335947349441038,84.1,7,41724.5687249952,1,0.00387886876565629,9499
Highly_Fatal_And_Damaging,34.6575342465753,11,5,74.8860528714676,0.31358889289578,81.27,4,29518.3315276388,2,0.0527156406454591,6709
Highly_Fatal_And_Damaging,52.7397260273972,6,0,59.024612579763,0.422496213487198,82.8,3,22475.1258704004,3,0.112198793945968,11641
Significant_Damage_And_Serious_Injuries,45.4794520547945,11,1,62.7164995442115,0.293394157951677,82.41,6,18411.0289640045,3,0.00427834417018891,9042
Significant_Damage_And_Serious_Injuries,57.351598173516,8,11,66.3172288058341,0.46108258204111,77.4,5,44143.7353048618,3,0.0299674821819734,113
Highly_Fatal_And_Damaging,39.1780821917808,10,8,82.2242479489517,0.434036062026686,87.27,4,24295.5955977486,4,0.0444837660915728,2627
Highly_Fatal_And_Damaging,38.2648401826484,10,1,73.5186873290793,0.30313090515687,78.74,4,23690.6304006591,1,0.0435364457252003,4782
Highly_Fatal_And_Damaging,46.027397260274,8,8,66.2260711030082,0.306376487558601,77.22,1,16029.0812385471,2,0.589488708275267,9626
Minor_Damage_And_Injuries,72.5570776255708,7,11,70.510483135825,0.395449693472773,82.17,5,27749.2508884797,3,0.01851592253734,1434
Highly_Fatal_And_Damaging,68.4018264840182,8,2,54.2844120328168,0.511930039668229,80.62,2,40177.3017762019,1,0.539780083967179,482
Significant_Damage_And_Serious_Injuries,50.2739726027397,10,0,78.714676390155,0.399416516408222,88.67,6,831.69555342133,5,0.00292043448980012,6782
Minor_Damage_And_Injuries,52.5114155251141,9,5,53.9653600729262,0.312867652362062,82.08,6,22381.0528939519,3,0.00561003413808215,2726
Significant_Damage_And_Serious_Injuries,31.1415525114155,16,7,65.1321786690975,0.457115759105661,84.4,7,21270.9086507751,2,0.00198107194251065,4699
Highly_Fatal_And_Damaging,18.310502283105,16,8,59.6171376481313,0.392204111071042,76.95,1,33393.5930883868,1,1.2282281733603,1895
Minor_Damage_And_Injuries,30.8219178082192,16,6,57.1558796718323,0.343159754778218,77,4,27007.9663942613,4,0.0495178660399433,1656
Highly_Fatal_And_Damaging,46.6666666666667,14,3,48.9061075660894,0.541140281283808,83.12,2,27716.3461658188,1,0.376057124267334,2566
Significant_Damage_And_Fatalities,60.4109589041096,14,0,76.2989972652689,0.266347637937252,83.15,7,34239.8497938214,2,0.00294921862398122,3106
Minor_Damage_And_Injuries,46.8949771689498,11,1,52.6891522333637,0.426823656689506,80.55,2,40360.6120851516,3,0.546221486814704,263
Highly_Fatal_And_Damaging,18.9497716894977,16,12,64.4484958979034,0.330898665705012,78.55,4,22736.3823339225,4,0.0424140711996413,3298
Highly_Fatal_And_Damaging,30.5022831050228,12,1,89.1066545123063,0.256971510998918,80.39,4,22068.2222270981,3,0.040335527894257,7250
Highly_Fatal_And_Damaging,32.8767123287671,11,9,62.6709206927985,0.443772809231878,85.4,3,46847.45838576,0,0.231087541271551,7969
Minor_Damage_And_Injuries,44.337899543379,15,10,76.7092069279854,0.215500180310133,83.32,2,15282.2248119916,2,0.17603090511794,1615
Significant_Damage_And_Serious_Injuries,27.3972602739726,17,0,67.4111212397448,0.414923187883159,83.58,3,41920.2471614135,2,0.208475823050671,7389
Highly_Fatal_And_Damaging,34.4292237442922,11,5,67.18322698268,0.330538045438154,75.71,4,27511.8404672498,2,0.0498088897494593,4163
Significant_Damage_And_Fatalities,40.7305936073059,9,7,53.7830446672744,0.488129102055535,78.22,1,39565.8344826951,1,1.46134822160589,2939
Significant_Damage_And_Fatalities,51.9178082191781,16,3,64.0382862351869,0.322243779300397,83.07,7,38615.1265617957,2,0.0035783671851997,11533
Significant_Damage_And_Serious_Injuries,32.4657534246575,15,2,79.0793072014585,0.268511359538406,78.42,6,34929.7404234047,3,0.00840433624604243,9649
Significant_Damage_And_Serious_Injuries,45.0684931506849,11,14,72.8805834092981,0.335947349441038,80.52,3,32164.2230668647,3,0.159696995800694,9306
Significant_Damage_And_Fatalities,78.2191780821918,8,0,70.8295350957156,0.243989181391994,77.09,7,42627.7631749649,2,0.00380218078016251,1477
Significant_Damage_And_Fatalities,93.4703196347032,4,2,60.665451230629,0.250119725928597,80.44,2,53831.7385266991,4,0.729576237972483,4606
Significant_Damage_And_Serious_Injuries,45.296803652968,18,21,49.6353691886965,0.696567616300036,79.37,7,42628.3886404936,3,0.00430015617015619,6604
Significant_Damage_And_Serious_Injuries,42.8767123287671,12,10,68.9608021877849,0.413120086548864,77.82,3,13364.5100535046,2,0.0653943422597568,1842
Significant_Damage_And_Fatalities,34.5662100456621,11,25,52.5524156791249,0.359387666786873,81.44,1,17712.9698025224,0,0.655500113007298,5442
Significant_Damage_And_Fatalities,48.6301369863014,17,3,68.003646308113,0.452067075369635,76.89,7,13790.8744728662,4,0.000763558904105058,2422
Significant_Damage_And_Serious_Injuries,39.4520547945205,13,3,78.1677301731996,0.312146411828345,76.77,6,21554.55213466,2,0.00575729159765092,11677
Minor_Damage_And_Injuries,45.0684931506849,15,1,60.6198723792161,0.510848178867652,77.78,5,24084.887315452,1,0.014990810229226,3944
Highly_Fatal_And_Damaging,34.4748858447488,11,5,50.0911577028259,0.754627479264334,78.58,3,14353.5846630685,2,0.0728513382155746,643
Significant_Damage_And_Serious_Injuries,51.0502283105023,10,16,55.6973564266181,0.502914532996754,83.71,3,38011.0212226692,2,0.18927904197012,3947
Minor_Damage_And_Injuries,49.4520547945205,14,5,69.690063810392,0.416005048683736,77.89,3,47101.4857514357,0,0.236948192249694,807
Highly_Fatal_And_Damaging,39.8173515981735,10,1,57.5205104831358,0.277526866209881,86.98,4,38817.0897087123,3,0.0708873270749383,6817
Significant_Damage_And_Fatalities,75.4337899543379,9,7,77.5296262534184,0.314670753696357,84.92,2,35956.3758124246,3,0.485968993616324,9309
Significant_Damage_And_Serious_Injuries,34.703196347032,14,4,78.8058340929809,0.363354489722322,81.63,1,32854.5589924577,1,1.21102426293125,8529
Minor_Damage_And_Injuries,38.4474885844749,17,18,73.1084776663628,0.290148575549946,80.06,4,43767.580522752,2,0.0798112391732618,5065
Minor_Damage_And_Injuries,70,8,7,80.4010938924339,0.293394157951677,81.78,2,43912.8212802953,2,0.592637233865426,2
Minor_Damage_And_Injuries,45.4794520547945,11,1,57.1558796718323,0.300606563288856,76.85,6,37375.2237227186,2,0.00866866493725363,11719
Minor_Damage_And_Injuries,64.9315068493151,9,0,78.0765724703738,0.207205914172377,82.69,5,30882.7263765865,2,0.0199959371191929,7957
Significant_Damage_And_Serious_Injuries,32.0091324200913,15,3,62.0783956244303,0.368763793725207,80.61,6,36364.5237921726,3,0.00833734110846063,6808
Significant_Damage_And_Fatalities,56.0730593607306,15,16,70.3281677301732,0.439805986296429,79.17,7,45795.5029606522,4,0.00391332884816276,2648
Significant_Damage_And_Serious_Injuries,55.0228310502283,9,10,66.3172288058341,0.287263613415074,78.11,7,34641.5118628154,2,0.00328719609481451,2804
Minor_Damage_And_Injuries,46.6666666666667,11,1,57.1558796718323,0.399055896141363,78.47,1,35207.2285556311,2,1.28587911562902,4314
Highly_Fatal_And_Damaging,28.7214611872146,13,12,69.4165907019143,0.439445366029571,79.05,2,15883.2995802048,1,0.209602822932632,4997
Significant_Damage_And_Serious_Injuries,60.2283105022831,7,11,67.0464904284412,0.293394157951677,82.27,7,39269.0539266116,2,0.00362547214117164,9979
Significant_Damage_And_Serious_Injuries,28.9041095890411,16,5,52.7803099361896,0.280411828344753,82.11,7,33403.2551232866,2,0.00307248713334016,8637
Significant_Damage_And_Fatalities,53.2876712328767,16,4,58.5232452142206,0.287263613415074,84.76,5,28509.7596822488,1,0.0193428547975353,10609
Significant_Damage_And_Fatalities,29.7716894977169,12,2,44.7584320875114,0.687191489361702,79.92,1,36463.5453790652,2,1.32566078193503,9846
Minor_Damage_And_Injuries,42.9680365296804,15,8,73.4731084776664,0.338471691309052,82.49,2,37236.7491118675,1,0.504117435127591,10457
Highly_Fatal_And_Damaging,12.4657534246575,18,9,41.6134913400182,0.473704291381176,80.34,3,27487.6888024332,2,0.136592250612013,26
Minor_Damage_And_Injuries,35.3881278538813,18,0,76.4357338195078,0.278608727010458,75.88,4,31531.7961960508,3,0.0576230616227392,9796
Significant_Damage_And_Serious_Injuries,78.4474885844749,9,1,51.3673655423883,0.523830508474576,87.34,7,38170.7498413797,2,0.00346277084197133,9576
Significant_Damage_And_Fatalities,59.8173515981735,14,0,73.0173199635369,0.290148575549946,76.33,7,33425.2255805168,3,0.00316851867819873,3858
Minor_Damage_And_Injuries,42.0547945205479,16,0,57.5205104831358,0.356502704652002,83.22,2,28957.808823458,2,0.392319835029806,7145
Minor_Damage_And_Injuries,57.4885844748858,11,9,65.2233363719235,0.330898665705012,78.48,2,12376.5613732312,1,0.170460593515575,7721
Highly_Fatal_And_Damaging,40.7762557077626,9,1,72.105742935278,0.42177497295348,78.56,1,48659.2600483197,2,1.79007413943917,2418
Highly_Fatal_And_Damaging,41.1415525114155,9,5,74.7493163172288,0.241104219257122,79.87,4,34007.0176462605,3,0.062507842180649,6262
Significant_Damage_And_Fatalities,19.5433789954338,16,9,53.327256153145,0.462164442841687,77.67,7,38050.7869555455,2,0.00365795623306935,9235
Highly_Fatal_And_Damaging,13.7899543378995,17,12,63.3090246125798,0.356142084385142,79.67,2,32729.7199588753,2,0.444452039038506,3161
Highly_Fatal_And_Damaging,40.0913242009132,9,14,68.049225159526,0.158882798413271,78.4,1,29763.1841640457,1,1.0963361566327,6597
Significant_Damage_And_Serious_Injuries,6.02739726027397,22,2,77.073837739289,0.32116191849982,82.08,3,21852.7135965614,1,0.107090687819435,10370
Minor_Damage_And_Injuries,46.4840182648402,11,6,39.8814949863264,0.725417237648755,77.95,2,24285.8919300678,1,0.328620657287925,10589
Significant_Damage_And_Serious_Injuries,37.5342465753425,14,9,62.9443938012762,0.312507032095204,80.9,4,25989.3630647294,2,0.0481186113732843,5028
Minor_Damage_And_Injuries,55.7077625570776,12,11,64.1294439380128,0.406268301478543,78.47,5,35167.1709289219,1,0.0230233855883476,119
Highly_Fatal_And_Damaging,31.0958904109589,12,7,86.052871467639,0.291951676884241,80.24,3,21790.7339062999,3,0.106939063681618,6424
Significant_Damage_And_Serious_Injuries,30.365296803653,16,12,66.4995442114859,0.256610890732059,81.88,6,40101.9196560567,3,0.0101249384175377,12203
Highly_Fatal_And_Damaging,28.7214611872146,13,12,67.3655423883318,0.298803461954562,78.46,4,32555.6438294962,1,0.0599548194439076,8109
Minor_Damage_And_Injuries,45.4794520547945,11,6,20.9662716499544,0.882647673999279,87.11,6,15656.6371844094,4,0.00341451541179736,7043
Highly_Fatal_And_Damaging,33.7899543378995,11,0,70.1458523245214,0.291230436350523,79.14,4,27619.7064200209,1,0.0506515878177534,8481
Significant_Damage_And_Serious_Injuries,50.7762557077626,10,18,51.0483135824977,0.575759826902272,80.89,6,28245.641261576,1,0.00644871247685485,3055
Significant_Damage_And_Serious_Injuries,53.4703196347032,9,4,84.5487693710119,0.275002524341868,80.16,3,18059.2372512249,4,0.0917011581917121,8701
Highly_Fatal_And_Damaging,42.7853881278539,9,10,57.6116681859617,0.605691309051569,80.99,4,32578.5943530981,2,0.0603659819363915,11519
Significant_Damage_And_Serious_Injuries,50.5022831050228,10,0,71.0118505013674,0.326931842769563,80.43,6,21674.7237723003,4,0.00565273348216524,7951
Highly_Fatal_And_Damaging,28.675799086758,13,1,62.5341841385597,0.335226108907321,77.82,4,31003.9110435795,2,0.0572107838399182,5133
Minor_Damage_And_Injuries,58.4931506849315,7,3,34.9134001823154,0.668078615218175,79.25,3,25644.4684192504,0,0.128439069282741,8000
Significant_Damage_And_Fatalities,25.296803652968,14,8,40.2917046490429,0.429708618824378,78.69,4,35186.8752843927,2,0.0645364140643536,11046
Significant_Damage_And_Fatalities,59.8173515981735,14,5,60.9845031905196,0.370927515326361,74.82,4,52783.6699929497,1,0.0941830531015625,3172
Highly_Fatal_And_Damaging,34.7945205479452,11,10,57.4293527803099,0.440887847097007,82.03,3,23999.4411044211,2,0.120797848119952,9385
Highly_Fatal_And_Damaging,44.4292237442922,15,2,49.4530537830446,0.526354850342589,77.92,2,41045.6940016465,3,0.553650909787565,6237
Minor_Damage_And_Injuries,58.8584474885845,7,5,38.1494986326345,0.710992426974395,76.19,6,26885.1576261271,0,0.00686081877193683,4336
Significant_Damage_And_Fatalities,55.7534246575342,15,5,70.3281677301732,0.26346267580238,78.96,7,18298.7567204596,4,0.00175499774738141,11237
Minor_Damage_And_Injuries,48.7671232876712,14,35,66.7730173199635,0.417808150018031,81.84,2,27758.7655828431,1,0.376057124267334,11924
Highly_Fatal_And_Damaging,43.2876712328767,8,3,68.3682771194166,0.255168409664623,83.58,4,37772.6897005185,4,0.0697843616372638,4610
Minor_Damage_And_Injuries,55.5251141552511,12,1,64.9954421148587,0.386434186801298,76.95,5,33435.8541733318,3,0.0215739524915231,6497
Minor_Damage_And_Injuries,42.1004566210046,16,5,60.665451230629,0.33883231157591,77.16,2,32682.9018146972,2,0.442314977408644,10386
Minor_Damage_And_Injuries,52.5114155251141,13,2,60.4831358249772,0.526354850342589,86.51,5,32908.2936804925,0,0.0215533582053583,8523
Highly_Fatal_And_Damaging,39.1324200913242,10,1,62.1239744758432,0.444494049765597,79.33,4,8706.41207763477,3,0.0188905261278938,10851
Highly_Fatal_And_Damaging,38.1278538812785,10,1,66.4539653600729,0.460721961774252,77.87,1,33745.4930288049,1,1.23976926623189,828
Minor_Damage_And_Injuries,66.5753424657534,9,9,59.0701914311759,0.634180310133429,80.41,2,48457.3765488096,2,0.651813596276774,8035
Highly_Fatal_And_Damaging,21.2785388127854,15,5,62.7164995442115,0.380303642264695,84.12,7,20862.6343445671,2,0.00198107194251065,8670
Significant_Damage_And_Serious_Injuries,29.3607305936073,16,10,82.0875113947128,0.262020194734944,83.32,6,40413.0386474199,3,0.00961789780026553,477
Minor_Damage_And_Injuries,24.7945205479452,18,10,55.2871467639016,0.219467003245582,80.64,3,30364.8698905437,1,0.150293721810262,4935
Significant_Damage_And_Serious_Injuries,43.1506849315068,12,13,57.8851412944394,0.426823656689506,77.25,6,30147.9054384671,2,0.00743860219406398,485
Significant_Damage_And_Fatalities,25.8904109589041,14,1,49.2707383773929,0.413480706815723,81.14,4,36789.6854758482,3,0.067196147915411,8207
Significant_Damage_And_Serious_Injuries,41.1415525114155,12,0,51.8231540565178,0.522748647673999,76.99,4,35012.5425984798,1,0.0643079310837254,9356
Significant_Damage_And_Serious_Injuries,56.7579908675799,8,4,100,0.212254597908403,77.53,6,28890.1525672434,3,0.00716115285602777,4141
Highly_Fatal_And_Damaging,25.9817351598173,14,1,73.9288969917958,0.373451857194374,78.23,7,47673.7542926758,2,0.00436632490027057,5286
Minor_Damage_And_Injuries,52.5114155251141,13,0,71.5587967183227,0.273199423007573,80.34,5,40360.2154058748,3,0.0275610999374942,8470
Minor_Damage_And_Injuries,50.5022831050228,10,10,52.0510483135825,0.447739632167328,76.07,3,9560.90943938469,1,0.0124778111374111,10900
Highly_Fatal_And_Damaging,31.6438356164384,12,2,80.355515041021,0.229203750450775,83.94,4,25119.2421101637,2,0.0460458912336435,44
Significant_Damage_And_Fatalities,44.4748858447489,8,3,52.8258887876026,0.22379444644789,78.06,1,14840.4652848946,2,0.51302895528027,10158
Significant_Damage_And_Serious_Injuries,82.2831050228311,7,0,66.1349134001823,0.335586729174179,77.18,6,34982.9927274348,1,0.00923431990173697,5516
Significant_Damage_And_Fatalities,44.5205479452055,8,3,49.5442114858706,0.456755138838803,82.08,4,20108.8925524883,4,0.0370683583090205,5402
Highly_Fatal_And_Damaging,0.913242009132421,21,14,62.0328167730173,0.401219617742517,84.92,2,39366.3183285366,0,0.533890828441657,9656
Significant_Damage_And_Serious_Injuries,48.1735159817352,11,3,76.8915223336372,0.381746123332131,77.81,2,28671.2954228205,2,0.389545009608015,6483
Highly_Fatal_And_Damaging,43.972602739726,8,1,60.665451230629,0.476228633249188,81.78,4,39462.1095783026,2,0.0723885206448047,5785
Significant_Damage_And_Fatalities,36.8036529680365,10,5,56.1075660893346,0.439445366029571,76.48,2,31318.3861110589,3,0.423441678295481,9486
Significant_Damage_And_Serious_Injuries,26.5753424657534,17,9,79.2160437556974,0.217663901911287,77.26,3,37623.173029289,3,0.187059500793385,11631
Minor_Damage_And_Injuries,45.9817351598173,15,2,73.3363719234275,0.458197619906239,80.42,2,59108.8771655082,3,0.836581796942541,3081
Significant_Damage_And_Serious_Injuries,24.6575342465753,18,16,41.0665451230629,0.473704291381176,78.57,7,45599.3677907389,2,0.00397778701683289,418
Significant_Damage_And_Serious_Injuries,52.9223744292237,9,0,79.8997265268915,0.234252434186801,77.08,2,38210.2878344268,1,0.514732243183487,2580