Severity,Safety_Score,Days_Since_Inspection,Total_Safety_Complaints,Control_Metric,Turbulence_In_gforces,Cabin_Temperature,Accident_Type_Code,Max_Elevation,Violations,Adverse_Weather_Metric,Accident_ID
Minor_Damage_And_Injuries,68.7671232876712,8,21,68.9608021877849,0.192059862964299,82.64,3,30479.9802452678,4,0.150707712103425,12041
Minor_Damage_And_Injuries,76.6666666666667,6,29,64.8131267092069,0.399055896141363,76.1,3,26733.763247326,2,0.133339847407303,9800
Significant_Damage_And_Fatalities,64.8858447488584,12,1,70.6472196900638,0.358666426253155,76.85,2,30684.6725583661,3,0.416258197098539,5512
Significant_Damage_And_Serious_Injuries,45.7990867579909,11,2,78.3956244302644,0.331980526505589,75.41,3,40645.7172863603,2,0.200329336130819,6314
Significant_Damage_And_Fatalities,76.1643835616438,9,5,66.362807657247,0.298803461954562,88.57,4,20721.9313806503,1,0.0377994193715539,3630
Highly_Fatal_And_Damaging,30.1826484018265,12,1,78.1221513217867,0.390401009736747,80.98,4,36315.7270103316,2,0.0665145741903083,7485
Highly_Fatal_And_Damaging,29.4977168949772,13,10,70.9206927985415,0.351454020915975,81.37,2,37236.7491118675,1,0.503651281263565,3105
Highly_Fatal_And_Damaging,20.2739726027397,15,2,65.9981768459435,0.553401370357014,79.71,4,49288.6355066503,2,0.0915074626693022,8223
Minor_Damage_And_Injuries,43.8812785388128,15,0,91.1121239744758,0.282936170212766,78.73,2,25487.6050171112,2,0.344926674199494,1963
Significant_Damage_And_Serious_Injuries,42.4200913242009,12,3,67.7301731996354,0.338111071042192,81.37,3,39176.7609148741,2,0.194834612062384,1260
Significant_Damage_And_Serious_Injuries,42.4200913242009,12,9,88.0127620783956,0.222351965380454,77.93,2,35183.5773073215,3,0.478306032390798,5934
Minor_Damage_And_Injuries,69.7260273972603,7,3,75.38742023701,0.354699603317706,79.65,2,32584.0146079089,1,0.441589522673159,9722
Significant_Damage_And_Fatalities,50.2283105022831,17,6,74.4302643573382,0.247595384060584,79.31,7,26764.9951679242,2,0.0021741484203101,12403
Highly_Fatal_And_Damaging,14.5205479452055,17,1,80.7657247037375,0.269953840605842,81.33,4,48711.9822381572,3,0.0895323319881988,7334
Significant_Damage_And_Serious_Injuries,47.8995433789954,11,0,74.8860528714676,0.325489361702128,82.19,5,37628.4658293457,0,0.024495461619962,1004
Minor_Damage_And_Injuries,23.8812785388128,18,1,37.8304466727438,0.542582762351244,88.01,6,28645.185920645,2,0.00722474159604237,2998
Minor_Damage_And_Injuries,67.2146118721461,12,3,79.0337283500456,0.390761630003606,87.51,2,51368.7499996858,4,0.695172258679209,1117
Highly_Fatal_And_Damaging,45.0228310502283,8,6,88.2406563354604,0.212254597908403,77.6,2,30587.5693844636,1,0.414941704093137,9938
Highly_Fatal_And_Damaging,29.7716894977169,12,0,56.8824065633546,0.378139920663541,79.4,4,35888.9398852774,2,0.0665314538675571,2168
Highly_Fatal_And_Damaging,28.4018264840183,13,29,58.4776663628077,0.434396682293545,87,1,39741.3462846585,3,1.46134822160589,6297
Minor_Damage_And_Injuries,77.3059360730594,2,19,65.3144940747493,0.557368193292463,77.77,5,23099.2468389868,2,0.0156792923406637,10334
Significant_Damage_And_Serious_Injuries,39.4977168949772,13,6,76.4357338195078,0.421053732419762,75.81,6,49341.2232208618,3,0.0129833111717393,3498
Highly_Fatal_And_Damaging,37.3972602739726,10,0,75.38742023701,0.325849981968986,78.65,4,34758.9344410775,1,0.0640529720617364,9462
Highly_Fatal_And_Damaging,0.913242009132421,21,14,66.9097538742024,0.398334655607645,83.01,6,25720.9164075718,2,0.00597247383359291,10913
Significant_Damage_And_Fatalities,20.5479452054795,15,2,45.8067456700091,0.409874504147133,81.91,4,20862.6343445671,2,0.0388307713777085,820
Highly_Fatal_And_Damaging,13.7899543378995,17,5,70.7383773928897,0.267429498737829,76.61,4,27398.9877717438,1,0.0497643329463912,4910
Significant_Damage_And_Fatalities,62.3287671232877,13,0,70.6472196900638,0.462525063108547,76.93,4,32364.3522171259,2,0.0588715558622953,3655
Significant_Damage_And_Fatalities,56.7123287671233,15,2,74.0200546946217,0.185208077893978,79.7,7,24205.2243326284,2,0.00232829982073789,9153
Minor_Damage_And_Injuries,20.4109589041096,19,14,29.4439380127621,0.774822214208438,80.78,5,39488.3014653357,2,0.0267894186959753,1983
Minor_Damage_And_Injuries,45.4337899543379,15,31,79.0337283500456,0.40374395961053,78.47,2,19380.3444367151,2,0.256113629626921,9048
Significant_Damage_And_Fatalities,24.7488584474886,14,1,55.7885141294439,0.311425171294627,81.32,2,41817.9806038586,2,0.567201132594691,11905
Minor_Damage_And_Injuries,42.0547945205479,16,6,69.644484958979,0.372730616660656,76.96,2,20815.9142089448,2,0.280042859677686,2457
Significant_Damage_And_Serious_Injuries,40.7762557077626,13,17,76.0255241567913,0.434036062026686,77.11,3,37862.9199927159,1,0.188871235049903,3475
Highly_Fatal_And_Damaging,4.29223744292237,21,2,70.1914311759344,0.23100685178507,80.41,6,38605.8448723499,4,0.00985570910807226,5022
Significant_Damage_And_Serious_Injuries,53.7442922374429,9,17,61.485870556062,0.387876667868734,82.66,1,32176.8739290162,1,1.18433439338999,2409
Highly_Fatal_And_Damaging,21.5981735159817,15,12,67.5022789425707,0.272838802740714,77.74,4,38472.6989638762,2,0.0705271027139023,1161
Highly_Fatal_And_Damaging,42.9680365296804,9,4,82.3609845031905,0.44341218896502,80.15,4,12666.7712047322,2,0.0232000007272091,3607
Highly_Fatal_And_Damaging,26.7123287671233,13,2,70.1914311759344,0.358305805986296,81.37,3,37438.206200471,2,0.186511988073222,1537
Significant_Damage_And_Serious_Injuries,63.4246575342466,6,0,76.5724703737466,0.243989181391994,80.54,3,33701.3739418717,2,0.167321669948203,429
Highly_Fatal_And_Damaging,33.7442922374429,18,5,55.0136736554239,0.547270825820411,77.93,1,25739.3846771422,2,0.945916971637711,10524
Significant_Damage_And_Fatalities,83.6529680365297,7,1,68.7329079307201,0.254086548864046,77.18,7,23245.3423411864,1,0.00223908837002849,12314
Significant_Damage_And_Fatalities,24.1552511415525,14,3,53.327256153145,0.395449693472773,75.2,4,24892.5561259657,1,0.045618295027618,54
Highly_Fatal_And_Damaging,39.8173515981735,10,4,66.5907019143118,0.460721961774252,88.71,4,39242.3743782701,4,0.0717190222705393,9832
Highly_Fatal_And_Damaging,22.7397260273973,15,18,70.7839562443026,0.207205914172377,81.27,7,20358.3291608289,4,0.00170172802667714,3321
Minor_Damage_And_Injuries,70.0456621004566,11,1,65.2689152233364,0.339553552109629,81.73,2,37749.2312463216,2,0.511651064252089,3575
Significant_Damage_And_Serious_Injuries,54.5205479452055,8,0,73.2907930720146,0.27788748647674,81.61,6,34032.0959991224,0,0.00861070374879613,4177
Significant_Damage_And_Serious_Injuries,43.8356164383562,12,3,64.2661804922516,0.243628561125135,78.31,4,29944.115484551,2,0.0547403831070529,3472
Highly_Fatal_And_Damaging,48.6301369863014,7,1,76.7547857793984,0.335226108907321,78.46,4,50950.7851616493,2,0.0926302253351654,4144
Minor_Damage_And_Injuries,33.1050228310502,15,15,57.1558796718323,0.509045077533357,80.19,2,36490.5371102771,1,0.488682348438616,4395
Significant_Damage_And_Serious_Injuries,51.0502283105023,10,16,70.1914311759344,0.395449693472773,76.98,4,36742.4965923887,2,0.0679180602164867,9698
Significant_Damage_And_Fatalities,19.4063926940639,16,16,44.7128532360985,0.634180310133429,85.1,4,28384.5263097579,2,0.0514662385219508,9702
Minor_Damage_And_Injuries,30.7762557077626,16,3,54.6490428441203,0.372009376126938,80.09,1,30380.8615154131,3,1.11357000206576,4202
Minor_Damage_And_Injuries,37.0776255707762,14,5,55.0592525068368,0.444854670032455,83.07,3,29541.1841118771,3,0.146736433115703,3447
Significant_Damage_And_Fatalities,66.8036529680365,12,3,74.7948951686418,0.28509989181392,82.53,5,34239.8497938214,3,0.0237990658424012,1390
Minor_Damage_And_Injuries,36.9406392694064,14,9,56.9279854147676,0.485965380454381,79.61,2,35540.8690617328,2,0.481652773305888,7428
Highly_Fatal_And_Damaging,39.2694063926941,10,8,72.0145852324522,0.282214929679048,79.17,6,23733.486318278,0,0.00608880394708359,3683
Highly_Fatal_And_Damaging,27.1232876712329,14,0,65.587967183227,0.425741795888929,81.86,4,30752.093089438,1,0.058088147653132,11653
Highly_Fatal_And_Damaging,1.41552511415525,22,4,60.9845031905196,0.345323476379372,79.88,4,39366.3183285366,2,0.0714234557381285,11811
Highly_Fatal_And_Damaging,38.8584474885845,10,1,57.9307201458523,0.430069239091237,79.56,5,33373.0269272214,1,0.0215975928521873,12219
Significant_Damage_And_Serious_Injuries,58.1278538812785,8,1,75.38742023701,0.245792282726289,81.04,3,26266.3679590952,3,0.131340504997494,2803
Significant_Damage_And_Fatalities,65.4337899543379,4,17,50.6381039197812,0.438002884962135,82.27,7,48388.150295776,2,0.00507361124995632,2951
Minor_Damage_And_Injuries,46.4840182648402,15,9,84.2752962625342,0.255529029931482,78.56,2,25487.6050171112,3,0.346527327910913,7809
Minor_Damage_And_Injuries,34.8401826484018,15,0,32.7256153144941,0.640310854670032,78.55,3,33315.568355075,3,0.166305014653227,3048
Highly_Fatal_And_Damaging,39.7260273972603,16,11,53.0082041932544,0.334865488640461,80.95,2,37999.3671044333,2,0.514732243183487,11336
Highly_Fatal_And_Damaging,21.4611872146119,15,9,59.845031905196,0.392204111071042,78.16,4,51330.7281929059,1,0.0941830531015625,10663
Significant_Damage_And_Serious_Injuries,45.5251141552511,11,3,62.7164995442115,0.23461305445366,80.96,1,32094.8041801564,0,1.18439580185084,12169
Significant_Damage_And_Serious_Injuries,42.283105022831,12,18,60.7566089334549,0.366960692390912,79.22,2,30232.1460175973,3,0.412117131132194,3949
Highly_Fatal_And_Damaging,44.4292237442922,8,2,62.5797629899727,0.423578074287775,79.42,4,37353.2152049364,2,0.068210006095578,7032
Highly_Fatal_And_Damaging,51.7351598173516,13,15,55.2871467639016,0.378139920663541,82.45,6,33095.9115787169,3,0.00778024048637489,3659
Minor_Damage_And_Injuries,54.7945205479452,12,2,50.9571558796719,0.62660728452939,77.93,2,32349.2953783122,3,0.439042374653745,10925
Significant_Damage_And_Fatalities,70.6392694063927,11,14,55.0592525068368,0.439805986296429,87.23,7,36489.111114402,4,0.00307677052811736,4514
Highly_Fatal_And_Damaging,43.0593607305936,9,22,80.0820419325433,0.394728452939055,76.33,6,34687.307415452,1,0.00863399457726239,10548
Highly_Fatal_And_Damaging,54.703196347032,5,3,80.6745670009116,0.375976199062387,79.63,5,26659.2351683511,3,0.01851592253734,7398
Significant_Damage_And_Serious_Injuries,30.7762557077626,16,16,66.4995442114859,0.417808150018031,86.13,5,40169.155474508,2,0.0268038442368048,1467
Significant_Damage_And_Serious_Injuries,31.2785388127854,15,2,71.8778486782133,0.438002884962135,82.08,3,29267.1648734599,2,0.145942988462053,6463
Significant_Damage_And_Serious_Injuries,19.3607305936073,19,0,64.3573381950775,0.272838802740714,81.56,3,30477.3190817566,1,0.152337945102486,4077
Significant_Damage_And_Fatalities,62.5114155251141,13,0,89.334548769371,0.217663901911287,79.94,7,32397.8028563726,2,0.0031312676073089,4138
Minor_Damage_And_Injuries,36.62100456621,14,2,49.6809480401094,0.357223945185719,79.23,3,29290.6148321627,3,0.145497843024578,6357
Significant_Damage_And_Serious_Injuries,87.4885844748858,6,21,52.461257976299,0.475868012982329,78.33,7,37447.461911083,1,0.00346583847527643,59
Highly_Fatal_And_Damaging,18.310502283105,16,3,60.5742935278031,0.395089073205914,83.52,1,33105.8525511885,2,1.22554324235319,8263
Highly_Fatal_And_Damaging,22.1917808219178,15,1,90.2917046490429,0.286902993148215,77.3,4,41770.8047803057,0,0.0763693670508144,8794
Minor_Damage_And_Injuries,19.5433789954338,19,5,53.5095715587967,0.717844212044716,82.2,2,25824.9539278389,2,0.349246882159703,6570
Highly_Fatal_And_Damaging,28.675799086758,20,1,44.3938012762078,0.339192931842769,83.72,3,33551.9758348096,1,0.167165430554854,10630
Significant_Damage_And_Serious_Injuries,32.1004566210046,15,4,64.3573381950775,0.330538045438154,90.87,6,46572.4825389388,1,0.0116764435606435,8197
Significant_Damage_And_Fatalities,34.7488584474886,11,8,50.1823154056518,0.448460872701046,78.23,7,45004.0013982202,2,0.00425968616006219,4723
Significant_Damage_And_Serious_Injuries,22.3744292237443,18,0,58.3865086599818,0.345684096646231,84.82,6,38457.3958857102,2,0.00950376333512928,9789
Highly_Fatal_And_Damaging,48.2648401826484,7,18,71.9690063810392,0.3785005409304,77.42,1,20400.0810537287,3,0.741000085873413,980
Significant_Damage_And_Serious_Injuries,38.7671232876712,13,6,69.0519598906108,0.428266137756942,76.39,3,24295.5955977486,0,0.120541261122413,7383
Significant_Damage_And_Fatalities,25.5707762557078,14,2,49.179580674567,0.582250991705733,78.46,4,24188.3948414421,2,0.0442690631810244,459
Highly_Fatal_And_Damaging,29.4063926940639,13,0,63.6736554238833,0.43259358095925,79.16,6,8706.41207763477,4,0.00292043448980012,5694
Minor_Damage_And_Injuries,47.8995433789954,14,19,74.9772105742936,0.388237288135593,77.07,2,20374.9875573108,2,0.275778719141191,1475
Highly_Fatal_And_Damaging,47.8995433789954,7,11,78.9881494986326,0.179438153624233,78.61,3,22331.8751251695,2,0.111897062828597,3731
Significant_Damage_And_Fatalities,39.4977168949772,10,8,49.4530537830446,0.478392354850342,82.13,4,44552.8688266593,2,0.082036560492673,7429
Minor_Damage_And_Injuries,48.8584474885845,14,1,68.4138559708295,0.241104219257122,80.65,1,30098.5723888406,1,1.10726459904649,6278
Significant_Damage_And_Fatalities,34.5662100456621,11,6,45.8067456700091,0.388597908402452,77.99,4,19093.0822520948,1,0.0344048446195062,4961
Highly_Fatal_And_Damaging,19.2237442922374,16,3,73.2452142206017,0.268150739271547,77.29,1,30938.8209970298,1,1.1424194449444,1622
Significant_Damage_And_Fatalities,63.9269406392694,13,4,75.8432087511395,0.28149368914533,78.67,7,13696.9970624703,2,0.00147995965828901,11846
Highly_Fatal_And_Damaging,12.4657534246575,18,3,74.61257976299,0.316113234763794,76,4,30384.1142456733,4,0.0560106003796652,6413
Highly_Fatal_And_Damaging,48.8127853881278,7,1,76.7547857793984,0.305294626758024,80.5,4,20432.2797281007,3,0.0379859608192468,11740
Significant_Damage_And_Serious_Injuries,7.94520547945206,23,2,70.5560619872379,0.189535521096285,75.25,4,47141.2263132954,1,0.08632702221355,12254
Highly_Fatal_And_Damaging,21.2328767123288,15,3,67.6845943482224,0.505078254597908,80.85,2,49516.4424657654,3,0.678555591591014,10823
Significant_Damage_And_Serious_Injuries,38.0365296803653,13,1,62.8988149498633,0.381385503065272,77.1,7,28967.6353257614,1,0.00270472976860055,5477
Highly_Fatal_And_Damaging,43.6529680365297,8,5,67.7757520510483,0.262741435268662,77.28,1,34302.7258502924,3,1.2684727108881,11922
Highly_Fatal_And_Damaging,29.2237442922374,13,1,82.2242479489517,0.287624233681933,86.57,4,41770.8047803057,2,0.0757777229810722,4629
Highly_Fatal_And_Damaging,64.8401826484018,9,9,49.2707383773929,0.687191489361702,80.45,2,40580.5502390022,1,0.551381417627301,8173
Minor_Damage_And_Injuries,42.8310502283105,12,10,55.0592525068368,0.410595744680851,86.13,2,44377.5915457626,1,0.598166042993753,1219
Minor_Damage_And_Injuries,33.1050228310502,18,12,59.8906107566089,0.465770645510278,79.4,2,29818.3011307671,2,0.403086320643623,905
Highly_Fatal_And_Damaging,20.958904109589,15,1,86.6453965360073,0.248316624594302,77.52,1,35147.7853670774,4,1.29384557291003,8677
Minor_Damage_And_Injuries,48.8584474885845,14,23,71.5587967183227,0.331980526505589,78.04,5,34687.307415452,3,0.0227514745473042,3940
Significant_Damage_And_Serious_Injuries,63.4246575342466,6,4,73.1540565177758,0.290148575549946,82.36,6,31484.4366438126,2,0.00806007658873008,48
Significant_Damage_And_Serious_Injuries,54.4748858447489,9,23,71.5587967183227,0.17330760908763,82.64,3,35684.8827698476,3,0.177623324826473,8333
Minor_Damage_And_Injuries,24.8858447488584,17,0,42.616226071103,0.663751172015867,80.9,5,36061.4324647463,2,0.0239597925051858,9763
Minor_Damage_And_Injuries,51.5525114155251,13,11,77.5296262534184,0.298082221420844,77.22,5,37388.6897063868,2,0.0245030952312339,9878
Highly_Fatal_And_Damaging,25.6164383561644,14,8,63.9927073837739,0.201435989902632,80.22,2,23362.5382988508,4,0.317264638371491,1498
Highly_Fatal_And_Damaging,40.7762557077626,16,6,56.517775752051,0.404104579877389,81.89,2,44363.1891191291,0,0.600390476471675,6843
Highly_Fatal_And_Damaging,19.1324200913242,16,6,74.61257976299,0.222351965380454,79.32,4,20146.9172518634,2,0.0378292648966444,11819
Significant_Damage_And_Serious_Injuries,98.4018264840183,6,0,41.5679124886053,0.634901550667147,80.12,3,47433.0162389743,2,0.23646452524774,10162
Minor_Damage_And_Injuries,59.041095890411,7,5,39.7447584320875,0.417808150018031,74.74,6,38880.4007290491,1,0.00977993678789187,4586
Significant_Damage_And_Fatalities,58.9041095890411,14,8,81.2670920692799,0.289427335016228,82.49,7,31529.7623234607,1,0.00288440827898333,3411
Significant_Damage_And_Fatalities,36.7579908675799,10,4,56.1531449407475,0.453509556437072,76.48,4,37570.1218919881,3,0.0686361610266386,2975
Significant_Damage_And_Fatalities,76.8493150684932,9,0,73.7010027347311,0.201435989902632,79.85,7,22336.4072040184,2,0.00207246346185851,2468
Minor_Damage_And_Injuries,46.4840182648402,11,0,45.7611668185962,0.37489433826181,76.53,3,40296.8160759999,2,0.199990448988869,11911
Significant_Damage_And_Serious_Injuries,57.1232876712329,8,19,73.1540565177758,0.290148575549946,88.4,6,43611.8162404295,3,0.0110880611110665,1209
Minor_Damage_And_Injuries,62.0091324200913,10,0,61.2123974475843,0.46108258204111,76.67,2,35679.2157133397,3,0.482942371692265,4380
Minor_Damage_And_Injuries,52.3744292237443,9,1,55.1959890610757,0.454591417237649,79.62,3,25562.6034711693,1,0.128303571276887,1777
Highly_Fatal_And_Damaging,17.0776255707763,16,15,75.6608933454877,0.394367832672196,76.44,1,33393.5930883868,1,1.23244148024859,685
Significant_Damage_And_Fatalities,37.4885844748858,10,1,56.8824065633546,0.52960043274432,83.42,4,23157.2982287448,2,0.041745066790575,10492
Highly_Fatal_And_Damaging,33.8812785388128,11,3,69.5533272561531,0.368042553191489,76.86,4,20937.1705110465,0,0.0384089818644619,9976
Significant_Damage_And_Serious_Injuries,22.9680365296804,18,3,80.4466727438469,0.31358889289578,85.04,3,33656.0464667578,2,0.16875836276271,9881
Significant_Damage_And_Fatalities,22.1917808219178,15,1,55.9708295350957,0.552680129823296,76.43,4,20993.9622286411,1,0.0384517831023515,6249
Highly_Fatal_And_Damaging,30.5936073059361,12,5,68.4138559708295,0.377058059862964,78.78,5,38735.7513409735,4,0.026380928931565,5176
Significant_Damage_And_Fatalities,31.4155251141552,12,2,56.2898814949863,0.276805625676163,78.37,4,45399.1945658495,2,0.0839917945185517,7013
Minor_Damage_And_Injuries,72.9680365296803,7,1,70.0546946216956,0.439805986296429,78.46,2,19380.3444367151,3,0.254442294313853,2929
Significant_Damage_And_Fatalities,68.2648401826484,12,35,72.6526891522334,0.296639740353408,80.58,7,40780.2734645167,1,0.00367281521253783,11482
Minor_Damage_And_Injuries,58.0821917808219,11,9,78.0765724703738,0.343880995311936,81.81,2,35354.6491535324,3,0.478306032390798,12103
Highly_Fatal_And_Damaging,22.9223744292237,14,2,60.4831358249772,0.366239451857194,83.19,1,16391.201556306,1,0.563737503783226,3441
Minor_Damage_And_Injuries,69.4520547945205,8,0,68.003646308113,0.369845654525784,78.13,1,41060.4258734818,0,1.50734589361924,8249
Highly_Fatal_And_Damaging,17.0776255707763,16,6,69.1886964448496,0.455673278038226,77.48,4,26748.2070214776,1,0.0490314461556636,2338
Minor_Damage_And_Injuries,42.283105022831,12,8,56.9279854147676,0.47190119004688,84.27,7,18272.7284846477,2,0.00198107194251065,8634
Minor_Damage_And_Injuries,45.7534246575342,15,0,72.926162260711,0.386073566534439,78.91,6,24530.3568280106,1,0.00638052631766798,4237
Significant_Damage_And_Fatalities,79.4063926940639,8,13,58.4776663628077,0.543664623151821,88.39,4,35254.4934875509,3,0.0638479625702225,5295
Significant_Damage_And_Serious_Injuries,57.3972602739726,8,2,89.2433910665451,0.294476018752254,82.19,3,48141.3485544039,1,0.236847335689612,9568
Significant_Damage_And_Serious_Injuries,55.1598173515982,9,18,82.0875113947128,0.228482509917057,77.95,3,32880.837576059,2,0.163199733689906,1513
Significant_Damage_And_Serious_Injuries,42.4200913242009,12,4,74.5214220601641,0.40013775694194,78.09,2,20683.2245157714,1,0.279249740703571,5130
Minor_Damage_And_Injuries,36.4383561643836,17,1,60.1640838650866,0.302409664623152,79.3,2,38976.3406797894,0,0.527487410542601,383
Significant_Damage_And_Fatalities,36.8036529680365,11,5,49.4530537830446,0.526354850342589,81.15,4,38055.6903779597,2,0.0692368044281072,5331
Highly_Fatal_And_Damaging,30.7762557077626,12,0,73.3363719234275,0.43259358095925,82.21,1,29989.0265842119,2,1.10131814762192,10762
Minor_Damage_And_Injuries,32.4657534246575,15,7,47.9033728350046,0.429708618824378,81.18,3,25131.3222040264,1,0.12514403561123,1087
Significant_Damage_And_Fatalities,40.6392694063927,9,1,49.8632634457612,0.361551388388027,76.3,4,37915.6428001746,1,0.0697843616372638,840
Highly_Fatal_And_Damaging,29.4977168949772,13,13,75.4785779398359,0.271035701406419,86.47,5,29518.3315276388,2,0.0207209616607708,7945
Highly_Fatal_And_Damaging,27.3059360730594,13,9,79.2160437556974,0.283657410746484,76.89,4,31758.9281763219,3,0.0566664273024785,531
Significant_Damage_And_Serious_Injuries,41.0045662100457,13,21,68.1403828623519,0.21297583844212,80.61,3,32374.9519273225,4,0.160237023074609,473
Highly_Fatal_And_Damaging,40.365296803653,9,1,75.38742023701,0.293394157951677,79.98,5,28024.9763079592,3,0.0183562908562267,5426
Significant_Damage_And_Serious_Injuries,29.634703196347,16,12,59.024612579763,0.219106382978723,76.49,3,45972.1359787677,2,0.227829389177973,3952
Significant_Damage_And_Serious_Injuries,39.4520547945205,13,3,59.2980856882407,0.316834475297511,79.24,7,26226.1962177896,2,0.00234058699343394,195
Significant_Damage_And_Serious_Injuries,24.9315068493151,17,4,72.0145852324522,0.312146411828345,80.46,6,29519.010231283,2,0.00716040585705998,8443
Minor_Damage_And_Injuries,40.8219178082192,13,2,56.1531449407475,0.345323476379372,76.95,4,39740.0201192797,0,0.0723253469968561,8926
Significant_Damage_And_Fatalities,50.0456621004566,16,7,59.7994530537831,0.465770645510278,78.5,7,21725.9744764813,0,0.00165483628932035,6746
Minor_Damage_And_Injuries,58.1278538812785,11,5,76.8915223336372,0.491014064190407,78.91,2,40494.3158720077,4,0.548030970801103,10773
Significant_Damage_And_Fatalities,66.2100456621004,12,0,78.6235186873291,0.326210602235846,79.94,7,22248.3350362665,4,0.00197907711742809,7626
Minor_Damage_And_Injuries,32.648401826484,15,4,53.3728350045579,0.234252434186801,85.24,4,24506.9697360812,2,0.0449289157473636,8174
Minor_Damage_And_Injuries,60.5479452054795,10,19,66.0893345487694,0.530321673278038,78.52,5,33228.4621335803,2,0.0216865530062197,9730
Significant_Damage_And_Serious_Injuries,48.9041095890411,18,22,50.1823154056518,0.505799495131626,79.37,7,47232.0210882522,0,0.00383213965217503,1295
Highly_Fatal_And_Damaging,61.4155251141552,10,2,54.922515952598,0.496423368193292,75.9,2,35000.8621054718,4,0.473371436510231,10717
Significant_Damage_And_Serious_Injuries,39.7260273972603,13,2,60.665451230629,0.526354850342589,77,2,28456.00736787,2,0.384350598455968,9151
Significant_Damage_And_Serious_Injuries,34.4748858447488,14,0,58.4776663628077,0.404465200144248,78.03,3,43915.3628054386,3,0.221481272569922,2854
Significant_Damage_And_Fatalities,70.5022831050228,11,5,62.7620783956244,0.315391994230076,83.45,7,43296.0711451878,4,0.00419055705033447,8686
Significant_Damage_And_Fatalities,53.7442922374429,16,20,72.8350045578852,0.391122250270465,78.27,7,29289.6517614832,2,0.00276350539336952,10167
Significant_Damage_And_Serious_Injuries,32.8767123287671,15,7,62.6709206927985,0.307818968626037,78.09,3,26989.6146435872,1,0.134484836771453,153
Highly_Fatal_And_Damaging,46.8949771689498,14,21,49.8176845943483,0.347487197980527,79.28,3,24563.9883018573,2,0.122219447167117,7300
Highly_Fatal_And_Damaging,17.4429223744292,16,2,76.7547857793984,0.284378651280202,83.74,1,35006.6478704957,1,1.28587911562902,10067
Significant_Damage_And_Serious_Injuries,30.3196347031963,16,5,70.464904284412,0.382467363865849,76.48,3,34255.7043624546,2,0.17069849613111,1204
Highly_Fatal_And_Damaging,24.3835616438356,14,6,59.6171376481313,0.267429498737829,76.93,4,28921.6176492797,2,0.05298780403596,2159
Highly_Fatal_And_Damaging,17.9908675799087,16,14,83.5460346399271,0.230646231518211,79.94,2,30415.652244998,2,0.411158531593447,1383
Highly_Fatal_And_Damaging,4.65753424657534,20,8,58.7511394712853,0.360108907320591,78.73,4,38630.4756847112,2,0.070322073016045,4881
Significant_Damage_And_Serious_Injuries,61.1872146118721,7,10,66.4539653600729,0.41095636494771,80.03,6,28426.2598561677,3,0.00726561243306898,2167
Highly_Fatal_And_Damaging,29.7260273972603,12,17,75.7520510483136,0.381746123332131,76.75,1,55683.7444753324,0,2.05771410396436,1601
Significant_Damage_And_Fatalities,53.7442922374429,16,13,60.7566089334549,0.385352326000721,76.1,3,38011.0212226692,2,0.189062380253031,4382
Highly_Fatal_And_Damaging,33.7442922374429,11,2,61.7593436645397,0.367321312657771,82.23,3,34132.2412197546,2,0.171426427391359,2665
Minor_Damage_And_Injuries,63.6529680365297,10,1,71.1030082041933,0.375254958528669,79.93,2,29887.8059671659,2,0.404577060303128,9108
Highly_Fatal_And_Damaging,32.8767123287671,12,9,65.1321786690975,0.439084745762712,82.02,4,45769.7818318359,0,0.0830454489098009,1264
Highly_Fatal_And_Damaging,15.7077625570776,17,3,73.2907930720146,0.315391994230076,80.8,4,13953.6566024815,3,0.0255489502130423,6875
Minor_Damage_And_Injuries,61.2785388127854,10,3,60.4831358249772,0.505799495131626,79.6,5,36323.6029675182,1,0.025353860841503,6969
Significant_Damage_And_Fatalities,50.2283105022831,16,9,70.0091157702826,0.573596105301118,78.58,7,26697.1750912641,2,0.00226741238790717,1795
Significant_Damage_And_Fatalities,43.2420091324201,19,19,58.6599817684595,0.784558961413632,77.78,7,47156.9384261401,4,0.00391760256780998,8359
Significant_Damage_And_Serious_Injuries,34.7488584474886,15,3,83.2725615314494,0.346405337179949,79.78,3,31091.6766527067,0,0.1545353277621,1986
Highly_Fatal_And_Damaging,30.7762557077626,19,2,56.8368277119417,0.378139920663541,84.8,4,31812.0039865495,1,0.0585884246430177,10835
Significant_Damage_And_Serious_Injuries,45.2511415525114,18,4,49.6809480401094,0.499308330328164,81.8,7,30664.9684488475,2,0.00268595996374477,3390
Minor_Damage_And_Injuries,48.9954337899543,14,3,68.1403828623519,0.21297583844212,80.06,2,25093.1260664619,2,0.339470394778478,11258
Highly_Fatal_And_Damaging,46.8036529680365,14,4,55.9708295350957,0.286902993148215,83.28,4,39521.7363015936,3,0.0728604655906755,7627
Significant_Damage_And_Serious_Injuries,70.5479452054795,4,14,87.8304466727439,0.18088063469167,75.96,7,43717.2844019346,3,0.00396141086736455,6931
Minor_Damage_And_Injuries,30.7762557077626,19,3,57.2470373746582,0.426102416155788,82.38,3,38671.1085004594,2,0.192477284009883,6666
Highly_Fatal_And_Damaging,13.37899543379,18,17,68.003646308113,0.254447169130905,78.99,2,42760.6401322885,2,0.576823927713424,9021