Severity,Safety_Score,Days_Since_Inspection,Total_Safety_Complaints,Control_Metric,Turbulence_In_gforces,Cabin_Temperature,Accident_Type_Code,Max_Elevation,Violations,Adverse_Weather_Metric,Accident_ID
Highly_Fatal_And_Damaging,46.0730593607306,8,0,58.7967183226983,0.417086909484313,78.09,3,39848.6893071312,2,0.199589398231174,1027
Highly_Fatal_And_Damaging,35.9817351598173,11,7,74.2935278030994,0.263823296069239,84.4,5,22918.5602543458,1,0.014990810229226,8168
Significant_Damage_And_Serious_Injuries,23.6529680365297,18,7,76.6180492251596,0.270314460872701,77.96,3,30176.470252091,1,0.151672484406703,7486
Significant_Damage_And_Fatalities,68.0365296803653,12,1,72.971741112124,0.492817165524703,76.99,7,15180.0317902949,2,0.00148033397409175,73
Highly_Fatal_And_Damaging,41.1415525114155,9,11,32.4977210574293,0.729744680851064,78.9,2,23758.6115451918,2,0.321668685211402,12304
Significant_Damage_And_Serious_Injuries,29.1324200913242,16,2,82.2242479489517,0.176553191489361,79.52,6,24686.4675183425,2,0.00600909810519402,1665
Highly_Fatal_And_Damaging,47.9908675799087,7,6,82.9535095715588,0.484522899386945,78.47,1,21595.6871451792,3,0.788798022717649,7062
Highly_Fatal_And_Damaging,28.8584474885845,13,0,61.8505013673656,0.307097728092319,77.53,5,17011.9552427058,5,0.00985436488531033,2813
Significant_Damage_And_Fatalities,58.9954337899543,14,4,67.4567000911577,0.245071042192571,82.09,4,25419.8015193351,2,0.0471095016808403,6896
Significant_Damage_And_Fatalities,40.4109589041096,20,2,58.20419325433,0.4145625676163,79.01,7,31812.0039865495,3,0.00278932339913356,11167
Significant_Damage_And_Serious_Injuries,57.4885844748858,8,11,66.3172288058341,0.46108258204111,77.82,3,33284.9308408919,2,0.164634007734505,1083
Significant_Damage_And_Fatalities,32.4200913242009,12,8,53.281677301732,0.245792282726289,87.97,4,26355.2604438277,3,0.0484508667497566,6145
Minor_Damage_And_Injuries,46.027397260274,15,0,62.0783956244303,0.346405337179949,76.68,2,32682.9018146972,0,0.443808474464164,5649
Highly_Fatal_And_Damaging,26.2100456621005,14,2,63.1722880583409,0.482359177785791,82.17,1,28921.5486997521,4,1.06635953548775,8697
Significant_Damage_And_Serious_Injuries,38.0365296803653,13,0,71.285323609845,0.246874143526866,84.51,3,39835.7183100935,0,0.198468024369016,9995
Significant_Damage_And_Serious_Injuries,59.634703196347,14,8,54.6490428441203,0.458558240173098,76.52,7,31280.7641019388,2,0.00256162599965324,799
Significant_Damage_And_Serious_Injuries,33.7442922374429,15,6,67.2743846855059,0.416365668950595,81.1,3,23078.0997172158,0,0.114217417558227,10793
Highly_Fatal_And_Damaging,49.4520547945205,7,8,76.9371011850502,0.381746123332131,83.19,4,29261.0724381254,3,0.0532825062350489,4733
Minor_Damage_And_Injuries,32.8767123287671,19,9,60.0273473108478,0.308540209159754,80.25,2,36657.8455729123,2,0.490533993778691,5707
Significant_Damage_And_Fatalities,68.0365296803653,12,2,62.3518687329079,0.38210674359899,86.36,7,19398.1511532957,1,0.00203640341836576,935
Significant_Damage_And_Serious_Injuries,48.1735159817352,11,0,72.4247948951687,0.416726289217454,75.4,2,46273.2400084029,2,0.627545993999708,8550
Significant_Damage_And_Serious_Injuries,47.7168949771689,10,4,85.8705560619873,0.25985647313379,82.66,3,45176.8326191203,3,0.223008337378143,763
Highly_Fatal_And_Damaging,32.8767123287671,12,1,69.0975387420237,0.428626758023801,77.2,4,49951.1427599292,3,0.0905402526442483,8137
Minor_Damage_And_Injuries,50.365296803653,10,10,44.8951686417502,0.705583122971511,80.25,7,34034.0610333629,2,0.00329233679584091,6649
Highly_Fatal_And_Damaging,20.958904109589,15,0,86.6453965360073,0.228482509917057,81.73,4,53915.3329941275,0,0.100579962364862,11645
Highly_Fatal_And_Damaging,47.9908675799087,7,18,65.2233363719235,0.366239451857194,81.31,5,36056.3247444592,2,0.0244090469441248,12381
Significant_Damage_And_Serious_Injuries,39.3607305936073,13,5,76.4357338195078,0.304573386224305,79.53,5,29216.4159909021,3,0.020054275742136,9097
Significant_Damage_And_Serious_Injuries,47.9908675799087,17,19,55.6517775752051,0.568186801298233,76.04,3,23099.2468389868,4,0.1151390279243,11738
Significant_Damage_And_Fatalities,35.0228310502283,11,5,43.0720145852325,0.558089433826181,80.82,1,19507.2239268193,2,0.721848475861016,222
Significant_Damage_And_Fatalities,56.0730593607306,15,16,73.2907930720146,0.352175261449693,75.29,7,45795.5029606522,0,0.0042971745609235,6944
Significant_Damage_And_Serious_Injuries,60.5479452054795,10,2,50.5469462169553,0.329095564370718,78.4,7,39029.8335148224,4,0.00373408886789247,1066
Highly_Fatal_And_Damaging,23.1050228310502,14,15,73.4275296262534,0.311064551027768,81.53,4,32729.3914910183,2,0.0600821670394064,3227
Minor_Damage_And_Injuries,41.9178082191781,16,22,76.253418413856,0.380664262531554,86.43,5,34687.307415452,1,0.0227523182589593,9404
Minor_Damage_And_Injuries,59.7716894977169,7,19,49.9544211485871,0.354338983050847,76.3,2,15521.1855005986,2,0.210809444881712,9077
Highly_Fatal_And_Damaging,31.9178082191781,19,0,50.9571558796719,0.527076090876307,77.4,6,22131.7362773227,2,0.00539594244887619,4417
Minor_Damage_And_Injuries,57.7168949771689,11,1,64.1294439380128,0.414923187883159,77.18,2,26040.2990908391,1,0.352422365698257,5894
Minor_Damage_And_Injuries,33.5616438356164,15,10,51.640838650866,0.393646592138478,81.89,3,30205.1411058189,2,0.152337945102486,11455
Significant_Damage_And_Serious_Injuries,44.1552511415525,12,14,57.2014585232452,0.366960692390912,84.14,3,36949.1736877732,1,0.185100239617324,9946
Highly_Fatal_And_Damaging,21.2785388127854,15,7,65.587967183227,0.362272628921745,78.52,2,30826.090107085,3,0.417827928336965,2583
Minor_Damage_And_Injuries,19.5433789954338,21,1,56.9735642661805,0.313228272628922,85.04,4,38703.1691908605,0,0.0707412082678978,4021
Highly_Fatal_And_Damaging,30.6392694063927,20,2,56.2898814949863,0.47911359538406,80.13,3,24371.5142179798,1,0.121332213492387,5213
Minor_Damage_And_Injuries,42.1004566210046,16,15,72.2424794895169,0.27788748647674,76.75,5,31335.4768243775,2,0.0195516826413514,2407
Minor_Damage_And_Injuries,69.7260273972603,8,2,66.0893345487694,0.346405337179949,76.35,1,41060.4258734818,2,1.50734589361924,11790
Significant_Damage_And_Serious_Injuries,35.7077625570776,14,8,80.4466727438469,0.30313090515687,81.48,3,31398.4115377294,2,0.157967679969144,1304
Highly_Fatal_And_Damaging,45.0228310502283,8,0,65.2689152233364,0.250119725928597,79.56,4,37065.4837499923,3,0.0670328004795129,5491
Minor_Damage_And_Injuries,46.1187214611872,15,3,72.3336371923428,0.240743598990263,80.33,2,24487.7919532445,3,0.323437570988376,2972
Significant_Damage_And_Serious_Injuries,50.0456621004566,10,7,67.6845943482224,0.314310133429499,75.27,3,35598.8461311814,2,0.176883368384811,11165
Minor_Damage_And_Injuries,61.6438356164383,10,0,87.693710118505,0.217663901911287,79.94,2,26920.0371752431,1,0.366224285097702,9951
Minor_Damage_And_Injuries,27.3972602739726,20,1,73.6554238833182,0.394728452939055,79.74,7,24905.0619902748,1,0.00229414110951528,333
Highly_Fatal_And_Damaging,42.648401826484,9,22,32.4977210574293,0.777707176343311,86.52,2,30393.2366090176,2,0.407910453312984,10124
Highly_Fatal_And_Damaging,20.5479452054795,15,2,86.6453965360073,0.319358817165525,78.03,6,25111.1749048795,3,0.00611916350952947,1799
Significant_Damage_And_Fatalities,70.6849315068493,11,0,80.9024612579763,0.234252434186801,80.66,7,45302.3037066897,4,0.00383586636122059,10470
Highly_Fatal_And_Damaging,72.9680365296803,7,5,47.4020054694622,0.487768481788677,79.26,2,45903.4682004767,1,0.627545993999708,3320
Highly_Fatal_And_Damaging,23.1506849315068,14,9,74.7493163172288,0.302770284890011,77.53,4,43023.0169934209,4,0.0792995204396203,8330
Minor_Damage_And_Injuries,35.5251141552511,18,8,67.6845943482224,0.255529029931482,78.18,1,28202.759653544,2,1.04371906696974,10437
Significant_Damage_And_Serious_Injuries,45.0684931506849,11,20,66.9097538742024,0.298803461954562,88.71,7,32301.4341762744,1,0.0033047001729781,693
Minor_Damage_And_Injuries,72.9680365296803,6,2,68.2771194165907,0.324046880634692,78.03,2,20751.8870444696,1,0.279249740703571,7746
Highly_Fatal_And_Damaging,19.1780821917808,21,2,57.0191431175934,0.378139920663541,83.72,1,37496.2410972152,2,1.38064271264044,9830
Minor_Damage_And_Injuries,49.9086757990868,10,4,45.8067456700091,0.408071402812838,81.93,4,10864.3781533671,1,0.00727331278339437,4458
Significant_Damage_And_Serious_Injuries,44.703196347032,12,3,73.9288969917958,0.381746123332131,81.02,3,27584.056491732,3,0.137435801532218,12251
Highly_Fatal_And_Damaging,32.5570776255708,12,0,68.9608021877849,0.151670393076091,86.96,4,28510.1224862741,1,0.0517797336074063,8506
Significant_Damage_And_Fatalities,34.6575342465753,11,8,54.3755697356427,0.204681572304363,87.97,4,29638.2639734828,1,0.055051130714473,1003
Highly_Fatal_And_Damaging,7.85388127853881,19,12,66.9553327256153,0.469737468445727,82.66,6,39901.6054859658,2,0.00989361030881823,1253
Significant_Damage_And_Fatalities,61.8721461187214,13,11,67.8669097538742,0.452067075369635,77.4,2,38666.0454138036,2,0.52274965233139,8639
Highly_Fatal_And_Damaging,23.9269406392694,14,0,69.644484958979,0.337029210241615,86.96,1,18897.2774645504,4,0.691594571833008,348
Highly_Fatal_And_Damaging,9.68036529680365,18,2,71.4220601640839,0.290148575549946,79.07,3,21536.2194666649,0,0.107983120434988,6340
Significant_Damage_And_Serious_Injuries,32.8310502283105,15,1,86.2351868732908,0.280051208077894,78.42,4,38631.0171950936,3,0.0703800483391097,6135
Minor_Damage_And_Injuries,44.3835616438356,15,5,67.6845943482224,0.338111071042192,79.72,2,40332.3363229316,1,0.545307675232046,12071
Significant_Damage_And_Fatalities,32.6940639269406,12,0,49.5442114858706,0.526354850342589,77.35,4,35012.5425984798,2,0.0645381425247153,8029
Minor_Damage_And_Injuries,32.8310502283105,15,0,47.9033728350046,0.658702488279841,78.37,4,38800.9673142313,2,0.0709905354811421,10704
Minor_Damage_And_Injuries,28.8127853881279,16,1,47.9945305378305,0.407710782545979,83.22,3,36789.6854758482,1,0.182930118985126,7273
Minor_Damage_And_Injuries,64.337899543379,9,0,65.4968094804011,0.35686332491886,77.53,2,32592.490029437,3,0.440110495001411,3831
Significant_Damage_And_Serious_Injuries,40.8219178082192,13,0,58.5232452142206,0.391122250270465,81.43,5,48525.1107104034,1,0.0331635429635031,9225
Highly_Fatal_And_Damaging,19.1780821917808,16,15,76.5268915223336,0.238940497655968,78.73,4,25245.6347673321,1,0.0455923069020736,9031
Minor_Damage_And_Injuries,58.675799086758,11,22,74.4758432087512,0.364436350522899,82.36,2,30068.5787324876,2,0.405852963176552,9547
Minor_Damage_And_Injuries,48.9954337899543,14,4,71.0118505013674,0.52238802740714,83.24,6,25740.8803418544,2,0.00609428775687228,12422
Significant_Damage_And_Serious_Injuries,33.9269406392694,15,2,61.2123974475843,0.344962856112513,82.45,3,26459.3327304016,0,0.131453133849679,4103
Significant_Damage_And_Fatalities,37.0776255707762,11,4,48.2224247948952,0.680339704291381,81.81,1,41729.0407240999,3,1.54692480033966,3647
Highly_Fatal_And_Damaging,36.7579908675799,17,11,56.7000911577028,0.293033537684818,76.63,2,35012.6011594488,2,0.4741097524186,7832
Significant_Damage_And_Serious_Injuries,15.2054794520548,20,31,76.7547857793984,0.327653083303281,76.35,3,19201.5021304644,3,0.0945616410103572,3661
Minor_Damage_And_Injuries,60.5479452054795,10,10,73.4731084776664,0.334144248106743,79.71,2,37297.0932027602,1,0.504117435127591,4473
Highly_Fatal_And_Damaging,43.4703196347032,15,4,52.3245214220602,0.311064551027768,76.86,1,37249.520086068,0,1.37530557650739,11971
Significant_Damage_And_Fatalities,66.2557077625571,12,15,74.0656335460346,0.232449332852506,79.64,7,24205.2243326284,1,0.00230284346998378,4354
Highly_Fatal_And_Damaging,15.8904109589041,17,12,80.2187784867822,0.323686260367832,83.54,4,34977.6810000549,2,0.0637233304662383,8248
Highly_Fatal_And_Damaging,33.7442922374429,11,7,64.4484958979034,0.290148575549946,81.27,4,39913.6727017382,0,0.0722540767650013,1148
Significant_Damage_And_Serious_Injuries,37.7625570776256,13,7,77.073837739289,0.242186080057699,77.34,4,37964.2880886999,3,0.0692368044281072,4851
Highly_Fatal_And_Damaging,35.7077625570776,17,0,48.4958979033728,0.692240173097728,83.57,5,27012.0015458188,0,0.0184283725792126,5968
Highly_Fatal_And_Damaging,32.1004566210046,12,8,73.5186873290793,0.388958528669311,80.07,6,35460.2652816768,0,0.0090676683776277,277
Significant_Damage_And_Serious_Injuries,20.8675799086758,19,1,71.1941659070192,0.438724125495853,80.76,3,29061.3146985624,2,0.144784763505103,8583
Highly_Fatal_And_Damaging,28.4018264840183,13,0,99.9544211485871,0.370927515326361,79.85,3,27433.2558692257,3,0.135825197385825,2976
Significant_Damage_And_Fatalities,12.6940639269406,18,12,38.1494986326345,0.612543094121889,77.28,4,31006.5572504406,3,0.05721778810187,7974
Minor_Damage_And_Injuries,57.4429223744292,11,7,81.4038286235187,0.234252434186801,83.94,1,42820.7213445713,2,1.56591013730234,10756
Significant_Damage_And_Serious_Injuries,20.4109589041096,19,4,71.1941659070192,0.438002884962135,82.38,3,36967.4489018541,1,0.184654979230829,12296
Significant_Damage_And_Fatalities,51.5525114155251,16,0,72.2880583409298,0.337750450775333,85.08,7,20217.165694795,1,0.00195273846369112,9186
Highly_Fatal_And_Damaging,30.7762557077626,20,2,53.2360984503191,0.273199423007573,85.9,4,35893.8768089408,1,0.0660248869185695,5611
Significant_Damage_And_Serious_Injuries,65.296803652968,3,8,88.0583409298086,0.297000360620267,76.11,3,16149.3177035064,0,0.0772169276038119,1870
Significant_Damage_And_Fatalities,43.2420091324201,9,0,47.1741112123974,0.633098449332852,79.78,3,34143.6751620819,2,0.170265585090925,7434
Highly_Fatal_And_Damaging,29.5433789954338,13,3,74.7948951686418,0.265626397403534,77.09,6,43023.0169934209,3,0.0109841088913092,4220
Significant_Damage_And_Serious_Injuries,63.6986301369863,13,10,51.1850501367366,0.54041904075009,81.85,5,39871.1860729164,3,0.026380928931565,1758
Significant_Damage_And_Serious_Injuries,52.9223744292237,9,3,72.6071103008204,0.2061240533718,78.03,3,45351.5663157796,3,0.224922205425169,7610
Minor_Damage_And_Injuries,43.1963470319635,15,8,75.38742023701,0.336307969707898,82.53,1,28433.3299479963,0,1.03274750346758,6995
Minor_Damage_And_Injuries,28.6301369863014,20,1,70.7383773928897,0.446657771366751,77.95,3,27496.6930634184,2,0.136592250612013,2579
Minor_Damage_And_Injuries,59.041095890411,7,0,54.4667274384686,0.454591417237649,83.57,5,41870.0262217125,3,0.0282456403562167,12006
Significant_Damage_And_Fatalities,12.6940639269406,17,3,48.7693710118505,0.641753335737468,83.81,3,36350.8751542663,2,0.18156561790013,10308
Highly_Fatal_And_Damaging,36.2557077625571,11,1,57.4293527803099,0.466491886043996,79.79,4,29061.3146985624,3,0.0531772420885427,12465
Highly_Fatal_And_Damaging,29.3607305936073,13,14,74.0656335460346,0.232809953119365,84.3,1,25758.1197982121,2,0.937147430771286,11509
Significant_Damage_And_Fatalities,38.9041095890411,10,12,54.3299908842297,0.466852506310854,75.78,4,26972.5039664084,3,0.0491943253022702,9393
Minor_Damage_And_Injuries,55.9817351598173,12,1,88.6052871467639,0.275002524341868,78.46,3,27353.2011034988,4,0.136461853886764,10757
Significant_Damage_And_Fatalities,64.2009132420091,13,9,68.7329079307201,0.335586729174179,79.69,6,15509.4345048147,2,0.00348349072368721,12050
Significant_Damage_And_Serious_Injuries,60.8219178082192,7,10,72.4247948951687,0.442330328164443,86.09,3,30360.2984407479,2,0.15210902545666,4960
Significant_Damage_And_Serious_Injuries,62.3744292237443,6,0,56.0619872379216,0.456394518571944,82.38,2,38406.931881458,2,0.519355070097568,6090
Minor_Damage_And_Injuries,54.7945205479452,12,2,78.7602552415679,0.390761630003606,88.67,5,27237.9063139555,2,0.0179458235336835,537
Significant_Damage_And_Serious_Injuries,61.2328767123288,7,1,58.97903372835,0.340274792643346,79.55,3,12320.2835343692,2,0.0578625828464421,9284
Significant_Damage_And_Serious_Injuries,31.8721461187215,15,7,69.1431175934367,0.336307969707898,76.48,4,27780.2101903398,1,0.0505054542970095,8982
Minor_Damage_And_Injuries,37.8538812785388,17,16,78.4867821330902,0.329816804904435,79.62,4,32560.2901155059,1,0.0604039658593619,5667
Significant_Damage_And_Fatalities,72.3287671232876,10,3,67.4567000911577,0.377779300396682,79.45,7,35320.9454536098,2,0.00327020645071185,5947
Minor_Damage_And_Injuries,29.2237442922374,16,0,41.6590701914312,0.432232960692391,80.16,3,45075.2781182304,3,0.224922205425169,1354
Minor_Damage_And_Injuries,42.0091324200913,16,1,69.4165907019143,0.19133862243058,79.94,4,49422.6277653414,4,0.0902752849258249,6725
Significant_Damage_And_Fatalities,62.5114155251141,13,3,58.7511394712853,0.482359177785791,77.25,7,32677.2060754324,2,0.0029602454265384,2491
Minor_Damage_And_Injuries,39.4520547945205,13,0,54.7402005469462,0.456033898305084,84.87,6,3855.7438170101,2,0.00265777562407155,9190
Significant_Damage_And_Fatalities,32.4200913242009,12,2,55.3783044667274,0.321883159033537,88.47,4,30162.7965041591,2,0.0558847376979447,2276
Highly_Fatal_And_Damaging,28.675799086758,20,0,53.2360984503191,0.542582762351244,79.64,4,25762.3181919827,0,0.0468091662274168,6720
Highly_Fatal_And_Damaging,33.9269406392694,11,2,73.6098450319052,0.388958528669311,81.27,4,21061.7524346312,2,0.0384517831023515,2879
Highly_Fatal_And_Damaging,43.4246575342466,9,7,73.6098450319052,0.412398846015146,79.42,1,22474.7659595853,3,0.826800434167121,7040
Minor_Damage_And_Injuries,39.8173515981735,17,0,58.7055606198724,0.42898737829066,80.24,4,43915.3628054386,2,0.0801631199888322,11659
Significant_Damage_And_Serious_Injuries,58.4474885844749,7,5,88.4685505925251,0.253725928597187,78.47,6,24609.0335512452,2,0.00608157992115948,771
Minor_Damage_And_Injuries,27.2602739726027,20,3,71.1030082041933,0.480556076451497,78.25,4,39215.0592883377,4,0.0714058753183895,5248
Significant_Damage_And_Fatalities,35.1141552511415,11,10,52.3245214220602,0.416365668950595,80.92,4,28930.3607468219,2,0.0528517114582186,11799
Minor_Damage_And_Injuries,48.3561643835616,10,3,39.7447584320875,0.585857194374324,82.85,4,23588.1187979774,2,0.0431418920641042,4337
Minor_Damage_And_Injuries,59.4063926940639,11,9,81.3582497721058,0.365157591056617,81.35,2,29887.8059671659,3,0.405852963176552,10178
Highly_Fatal_And_Damaging,34.3835616438356,18,11,53.6463081130356,0.334865488640461,79.39,3,41232.8372944868,2,0.205384016763677,7805
Significant_Damage_And_Serious_Injuries,37.5342465753425,14,3,62.6253418413856,0.325128741435269,76.4,6,26890.6802773688,2,0.0067058787859423,10590
Significant_Damage_And_Fatalities,12.6940639269406,18,6,51.1850501367366,0.63021348719798,83.9,4,30068.6765992829,2,0.055051130714473,10497
Significant_Damage_And_Fatalities,78.675799086758,8,1,74.7948951686418,0.274641904075009,82.26,1,34239.8497938214,2,1.2581610297204,738
Highly_Fatal_And_Damaging,31.1872146118721,12,5,62.1695533272562,0.493899026325279,79.3,1,16023.9644378645,3,0.588928819781827,1547
Highly_Fatal_And_Damaging,42.9680365296804,9,12,62.8532360984503,0.295197259285972,88.39,1,27823.0505835169,1,1.01607221631166,8401
Highly_Fatal_And_Damaging,16.0730593607306,17,5,80.2187784867822,0.304573386224305,80.47,1,47235.0426420563,2,1.73952817986032,8299
Significant_Damage_And_Serious_Injuries,29.4063926940639,16,20,82.3609845031905,0.462885683375405,82.13,3,25949.100339733,2,0.128573249180056,2219
Minor_Damage_And_Injuries,46.6666666666667,14,2,62.0783956244303,0.375976199062387,80.98,2,25365.6336471011,2,0.341937267945787,1034
Significant_Damage_And_Serious_Injuries,31.9178082191781,15,6,59.8906107566089,0.361190768121168,79.45,4,33553.4782836866,1,0.0616426529691811,8022
Minor_Damage_And_Injuries,71.689497716895,4,0,55.6061987237922,0.348929679047962,77.54,3,24792.9284845235,2,0.121917537215421,8987
Highly_Fatal_And_Damaging,35.2054794520548,11,1,83.6827711941659,0.181962495492247,81.82,4,38002.0354296264,0,0.0696918142662149,2224
Significant_Damage_And_Serious_Injuries,36.027397260274,14,3,62.1695533272562,0.232088712585647,83.85,7,23770.0939561432,1,0.00230492772552304,7399
Minor_Damage_And_Injuries,42.8767123287671,15,9,57.4749316317229,0.309622069960331,80.14,6,22841.7634088089,1,0.00522411044585368,10916
Highly_Fatal_And_Damaging,25.9817351598173,14,7,59.6171376481313,0.390761630003606,78.97,3,32002.9157562489,1,0.159286052499828,6066
Significant_Damage_And_Serious_Injuries,31.689497716895,15,0,65.8614402917047,0.438724125495853,77.44,3,27496.6930634184,1,0.135850462114308,6427
Highly_Fatal_And_Damaging,20.2283105022831,15,2,71.7866909753874,0.388958528669311,80.85,1,33737.3071201569,2,1.24112616899926,6887
Minor_Damage_And_Injuries,48.9954337899543,14,1,71.0118505013674,0.386073566534439,78.42,2,23026.6296640072,1,0.3100966719209,1681
Minor_Damage_And_Injuries,69.634703196347,8,2,74.6581586144029,0.338471691309052,78.24,5,49986.899410661,2,0.036830045683054,5188
Significant_Damage_And_Serious_Injuries,62.3744292237443,13,0,45.6244302643574,0.52238802740714,76.59,7,46418.3805063549,4,0.0040045627353063,7130
Significant_Damage_And_Serious_Injuries,45.2054794520548,11,29,72.8805834092981,0.336668589974756,79.25,3,3470.00217523393,3,0.0430780415831567,1585
Significant_Damage_And_Serious_Injuries,45.0228310502283,12,3,49.6809480401094,0.367321312657771,76.53,5,23159.6988748288,3,0.0152037981933412,3350
Significant_Damage_And_Serious_Injuries,52.1461187214612,6,9,64.1750227894257,0.345323476379372,80.03,6,33892.7702492079,3,0.00869999330387092,8368
Significant_Damage_And_Serious_Injuries,20.1369863013699,19,17,69.4165907019143,0.375976199062387,81.3,1,30966.1598251022,1,1.14962907963072,3051
Significant_Damage_And_Serious_Injuries,46.3470319634703,11,1,54.7857793983592,0.467213126577713,76.96,3,34830.5139974385,1,0.172818256004364,5674
Significant_Damage_And_Serious_Injuries,41.5981735159817,13,8,71.9690063810392,0.326931842769563,76.71,5,42771.4992003673,0,0.0283280931345818,12496
Minor_Damage_And_Injuries,52.4657534246575,9,6,53.9653600729262,0.312867652362062,79.76,7,31170.9864874617,2,0.00279373923729723,1993
Minor_Damage_And_Injuries,50.4109589041096,13,54,72.8350045578852,0.319719437432383,80.84,2,44036.8146613431,3,0.592421266424541,551
Significant_Damage_And_Fatalities,28.4018264840183,13,12,46.718322698268,0.560253155427335,76.62,2,27933.3453552046,2,0.37567404024528,10333
Significant_Damage_And_Serious_Injuries,37.351598173516,14,7,71.0574293527803,0.372369996393797,76.11,3,34921.555305988,1,0.174775775733067,6322
Highly_Fatal_And_Damaging,40.7762557077626,16,7,56.517775752051,0.315031373963217,80.25,2,27850.9170757979,1,0.378036720539273,12445
Highly_Fatal_And_Damaging,18.5388127853881,16,7,71.8778486782133,0.253725928597187,79.94,1,31944.0012668172,3,1.16677479820232,11528
Highly_Fatal_And_Damaging,12.1004566210046,18,4,74.1567912488605,0.285821132347638,77.79,2,30017.3106085214,1,0.404577060303128,11201
Highly_Fatal_And_Damaging,18.1735159817352,16,1,76.5268915223336,0.335947349441038,78.37,7,32967.0320466574,2,0.0033047001729781,12449
Significant_Damage_And_Serious_Injuries,33.3333333333333,15,2,59.024612579763,0.278608727010458,79.21,3,18958.9284350624,4,0.0941747741034185,1956
Minor_Damage_And_Injuries,52.5114155251141,9,0,52.8714676390155,0.22379444644789,79.64,4,28377.2499381451,2,0.0515852646711956,5259
Significant_Damage_And_Fatalities,63.1963470319635,13,19,71.8322698268004,0.388958528669311,76.33,7,24423.5752794527,1,0.00229566364108262,149
Highly_Fatal_And_Damaging,34.337899543379,11,9,64.2661804922516,0.290148575549946,79.72,1,43459.9317547451,0,1.62375240575535,10503
Highly_Fatal_And_Damaging,16.4840182648402,16,5,66.5451230628988,0.473704291381176,78.4,4,35728.3005695812,2,0.0654085850714836,810
Minor_Damage_And_Injuries,55.4337899543379,8,4,45.3965360072927,0.63742589253516,77.74,6,38888.7530091818,2,0.010247915761715,1196
Highly_Fatal_And_Damaging,55.2511415525114,12,2,45.5332725615314,0.496783988460151,83.21,4,17343.6622157536,1,0.0320805077660302,3019
Significant_Damage_And_Serious_Injuries,33.9269406392694,15,0,66.40838650866,0.502193292463036,79.92,2,27448.2763828229,4,0.372844371101317,4277
Highly_Fatal_And_Damaging,36.62100456621,10,10,61.4402917046491,0.474064911648034,76.79,4,34120.059024156,3,0.0620699590838415,2260
Minor_Damage_And_Injuries,32.648401826484,15,1,35.6882406563355,0.705583122971511,79.66,6,26706.8543840839,2,0.00678801516185438,1901
Significant_Damage_And_Fatalities,62.5114155251141,13,29,71.3764813126709,0.17330760908763,79.38,7,35684.8827698476,2,0.00316791802409073,1719
Highly_Fatal_And_Damaging,54.7945205479452,6,9,76.5724703737466,0.374533717994951,79.65,4,18887.3161579666,1,0.0342021971190433,5988
Minor_Damage_And_Injuries,53.5616438356164,12,5,70.1002734731085,0.421414352686621,76.58,2,14865.9056452982,2,0.2007875632122,2711
Significant_Damage_And_Serious_Injuries,32.9223744292237,15,2,69.5077484047402,0.230646231518211,79.09,3,47572.0590615232,2,0.239876570361101,8176
Minor_Damage_And_Injuries,30.5936073059361,19,9,71.2397447584321,0.328734944103858,80.7,3,33896.0232636711,2,0.167487830522777,7979
Significant_Damage_And_Serious_Injuries,36.5753424657534,14,3,75.7520510483136,0.333062387306166,81.26,1,27752.8670889775,3,1.01036207837383,7638
Significant_Damage_And_Serious_Injuries,54.2922374429224,9,23,65.0865998176846,0.293394157951677,87.05,6,31541.6998361538,2,0.0082036562864502,6582
Highly_Fatal_And_Damaging,36.3926940639269,11,2,70.0091157702826,0.368042553191489,76.12,2,38183.1809071596,2,0.515851431914473,7113
Significant_Damage_And_Fatalities,58.7214611872146,14,9,79.9908842297174,0.34965091958168,76.46,2,37853.2560286298,2,0.513030099886614,2539
Significant_Damage_And_Fatalities,22.1004566210046,15,7,48.5870556061987,0.850913090515687,85.1,4,28126.4685617393,3,0.0515805396340857,2713
Significant_Damage_And_Fatalities,64.0182648401826,13,0,60.5287146763902,0.220548864046159,81.37,7,36324.4375831292,3,0.00314344715318344,3511
Highly_Fatal_And_Damaging,18.310502283105,16,1,76.5268915223336,0.238940497655968,79.15,4,31988.0198052666,3,0.0589535428536337,11005
Significant_Damage_And_Serious_Injuries,36.1643835616438,14,1,79.2160437556974,0.268511359538406,87.62,3,33656.0464667578,2,0.168586748894355,7519
Significant_Damage_And_Fatalities,28.5388127853881,13,6,51.2762078395624,0.236055535521096,79.77,1,29133.3615239579,1,1.09257988690076,10521
Significant_Damage_And_Fatalities,48.5388127853881,17,1,65.0865998176846,0.403022719076812,76.3,7,47964.9433890402,2,0.00469611599491054,8162
Minor_Damage_And_Injuries,31.1872146118721,15,0,57.1558796718323,0.282214929679048,81.68,4,18917.972732299,2,0.0338942196143558,5949
Significant_Damage_And_Serious_Injuries,38.0821917808219,13,3,59.2980856882407,0.318637576631806,78.68,3,28183.3231299795,1,0.141000605097377,2376
Significant_Damage_And_Fatalities,66.4840182648402,12,4,71.1941659070192,0.297721601153985,84.49,7,33311.1730562469,2,0.00309622031037902,7943