Severity,Safety_Score,Days_Since_Inspection,Total_Safety_Complaints,Control_Metric,Turbulence_In_gforces,Cabin_Temperature,Accident_Type_Code,Max_Elevation,Violations,Adverse_Weather_Metric,Accident_ID
Minor_Damage_And_Injuries,46.4383561643836,11,0,52.6891522333637,0.410235124413992,76.96,4,41643.7682906453,0,0.0760172273487276,4907
Significant_Damage_And_Fatalities,48.6301369863014,17,1,74.8860528714676,0.325489361702128,77.41,2,31396.9500820815,4,0.426352881331156,5990
Highly_Fatal_And_Damaging,16.7123287671233,16,9,68.869644484959,0.267429498737829,81.87,4,22992.4679577301,3,0.0421404182107254,8453
Significant_Damage_And_Serious_Injuries,46.8949771689498,11,0,73.1996353691887,0.221991345113595,81.82,6,47358.6935139444,1,0.0112415293720467,4446
Highly_Fatal_And_Damaging,41.1415525114155,9,2,76.4357338195078,0.281854309412189,79.77,5,20490.6517189881,3,0.0136731176298007,9580
Minor_Damage_And_Injuries,52.7397260273972,13,5,68.915223336372,0.28149368914533,81.06,5,28510.1224862741,2,0.0183988257543123,8106
Significant_Damage_And_Serious_Injuries,71.7808219178082,10,2,37.2835004557886,0.577923548503426,82.96,5,38888.7530091818,1,0.0266561233781544,11139
Highly_Fatal_And_Damaging,32.5570776255708,12,0,48.9061075660894,0.556286332491886,77.86,6,25352.4546389027,2,0.00592959349399768,8480
Minor_Damage_And_Injuries,30.8675799086758,16,5,54.5578851412944,0.410235124413992,85.97,2,32417.9301673667,3,0.437800105252872,6612
Significant_Damage_And_Serious_Injuries,47.8995433789954,11,1,84.2297174111213,0.245792282726289,79.88,3,21156.477787046,2,0.105168517981374,9619
Minor_Damage_And_Injuries,52.4657534246575,9,0,55.6973564266181,0.500390191128741,76.32,6,23381.5905153679,1,0.005557064300179,2981
Significant_Damage_And_Serious_Injuries,43.013698630137,12,3,82.3154056517776,0.18809304002885,79.76,3,29033.7904189909,3,0.145942988462053,827
Highly_Fatal_And_Damaging,43.7899543378995,8,6,85.7793983591614,0.199632888568337,80.76,5,41205.6890305526,2,0.0279580962570193,2478
Significant_Damage_And_Serious_Injuries,38.5844748858447,13,4,78.1677301731996,0.205402812838081,81.21,6,15127.5353999436,4,0.0038381878862144,12201
Highly_Fatal_And_Damaging,34.4748858447488,11,0,70.1458523245214,0.337029210241615,79.21,4,25934.1184942047,3,0.0475281667429399,4803
Minor_Damage_And_Injuries,74.1095890410959,5,4,49.4530537830446,0.397252794807068,87.08,7,13504.5464512098,1,0.00152275774844147,9716
Highly_Fatal_And_Damaging,25.7077625570776,14,5,62.1695533272562,0.288345474215651,81.88,5,21541.920815782,2,0.0140645549945742,2961
Highly_Fatal_And_Damaging,16.3470319634703,16,2,90.975387420237,0.297000360620267,79.43,7,34971.8903682901,2,0.00298808030856803,6029
Highly_Fatal_And_Damaging,24.3835616438356,14,11,68.4138559708295,0.640671474936891,75.35,1,45416.5825159865,1,1.66957305446872,7629
Minor_Damage_And_Injuries,43.3333333333333,15,15,63.7648131267092,0.421053732419762,76.82,2,23197.3294465658,2,0.309756512735612,8464
Minor_Damage_And_Injuries,37.3972602739726,14,2,55.2415679124886,0.578644789037144,76.79,2,28456.00736787,3,0.383873272536627,2753
Minor_Damage_And_Injuries,54.4748858447489,9,4,53.6463081130356,0.250119725928597,80.33,5,44671.269021864,2,0.0294822052768993,10592
Significant_Damage_And_Fatalities,58.9954337899543,14,5,64.4029170464904,0.40374395961053,78.85,7,35634.8941329161,1,0.00307677052811736,4222
Minor_Damage_And_Injuries,48.8584474885845,14,1,69.9179580674567,0.317195095564371,76.87,2,39202.4925208187,2,0.52920717852564,10254
Minor_Damage_And_Injuries,59.4063926940639,11,32,76.9371011850502,0.381746123332131,80.83,2,32584.0146079089,2,0.440815074578912,7251
Highly_Fatal_And_Damaging,18.310502283105,16,8,70.4193254329991,0.296639740353408,78.04,4,38935.4545879021,2,0.0717190222705393,264
Minor_Damage_And_Injuries,23.6073059360731,18,0,56.1531449407475,0.34604471691309,79.57,3,37088.9440339128,3,0.183959103652925,7550
Highly_Fatal_And_Damaging,7.03196347031963,19,6,68.4594348222425,0.411316985214569,82.48,4,25781.1457765779,3,0.0473518699492426,1910
Highly_Fatal_And_Damaging,22.9680365296804,15,1,66.0437556973564,0.346405337179949,79.31,4,22310.9800560857,2,0.0409263541820256,8072
Highly_Fatal_And_Damaging,28.2191780821918,13,6,64.4029170464904,0.32116191849982,78.59,4,27108.1286016377,3,0.0499833389656219,5749
Minor_Damage_And_Injuries,45.296803652968,15,8,71.5587967183227,0.319358817165525,76.86,7,64297.6512179186,3,0.00440429373420935,7024
Significant_Damage_And_Fatalities,64.0182648401826,13,5,75.8432087511395,0.28149368914533,78.35,7,26291.7035321627,2,0.00250016144798474,5734
Highly_Fatal_And_Damaging,70.1369863013699,4,2,62.8076572470374,0.286181752614497,80.79,4,30706.3547663233,0,0.0561870785595682,3860
Minor_Damage_And_Injuries,36.027397260274,14,2,29.4439380127621,0.774822214208438,79.66,6,28014.7185262694,4,0.00684331444711715,6890
Minor_Damage_And_Injuries,49.7260273972603,10,4,56.1075660893346,0.537534078615218,81.09,4,27569.7208350064,3,0.0509205605879085,4065
Minor_Damage_And_Injuries,56.62100456621,11,20,63.947128532361,0.448100252434187,78.12,4,39759.020002548,1,0.0728604655906755,12240
Significant_Damage_And_Serious_Injuries,49.8173515981735,10,11,60.7110300820419,0.335947349441038,76.82,6,24548.4321880672,2,0.00605108745987546,4276
Significant_Damage_And_Serious_Injuries,42.3287671232877,12,1,59.845031905196,0.430429859358096,81.44,6,23952.5525780103,2,0.00623447084626441,3876
Significant_Damage_And_Serious_Injuries,29.9543378995434,16,5,61.6681859617138,0.484883519653804,78.23,4,42708.8544741583,3,0.0791980619761317,6329
Highly_Fatal_And_Damaging,19.1780821917808,16,4,73.2452142206017,0.238940497655968,79.16,4,25252.7452231213,1,0.0451516518630109,2420
Highly_Fatal_And_Damaging,28.0365296803653,13,6,61.3947128532361,0.423217454020916,77,1,33393.5930883868,1,1.22817096868824,7199
Significant_Damage_And_Fatalities,36.7579908675799,10,2,53.2360984503191,0.621197980526505,79.53,7,27654.8299109068,0,0.00243360517719337,3010
Highly_Fatal_And_Damaging,27.8995433789954,13,1,72.0145852324522,0.462525063108547,78.31,7,30792.2617001504,1,0.00280722767312088,8688
Minor_Damage_And_Injuries,60.5479452054795,11,0,62.6253418413856,0.402662098809953,79.29,2,39632.6391817048,1,0.537374915697402,2324
Significant_Damage_And_Serious_Injuries,33.6529680365297,15,21,64.2661804922516,0.445215290299315,75.55,6,32624.8226188518,3,0.00765408891041451,11646
Significant_Damage_And_Fatalities,25.5707762557078,14,2,56.1531449407475,0.516978723404255,76.72,4,3971.09422585752,2,0.0167141370542601,1746
Significant_Damage_And_Serious_Injuries,49.0867579908676,10,1,68.9608021877849,0.413120086548864,77.3,6,28154.2803480068,4,0.0067058787859423,6837
Significant_Damage_And_Serious_Injuries,36.3013698630137,14,1,78.8058340929809,0.376336819329246,80.64,3,41727.7322607161,2,0.208475823050671,9849
Significant_Damage_And_Fatalities,49.1780821917808,17,5,75.38742023701,0.382827984132708,79.01,6,34582.7331627845,1,0.0083982544312787,5183
Significant_Damage_And_Serious_Injuries,62.3744292237443,7,0,66.1349134001823,0.266347637937252,78.12,3,53751.5578173994,1,0.27447787565096,8025
Highly_Fatal_And_Damaging,34.2465753424658,11,1,73.1996353691887,0.316113234763794,81.73,1,42535.4615406625,2,1.56365104590688,10950
Significant_Damage_And_Serious_Injuries,32.9223744292237,15,12,65.587967183227,0.282575549945907,78.3,6,37917.1797061165,1,0.00968780933756952,2969
Significant_Damage_And_Fatalities,21.8721461187215,15,19,45.5332725615314,0.401219617742517,76.48,4,29722.8399085569,1,0.055051130714473,291
Significant_Damage_And_Serious_Injuries,57.1689497716895,8,2,67.7301731996354,0.340274792643346,76.35,6,32554.6018713331,1,0.00802494825593194,10978
Significant_Damage_And_Serious_Injuries,55.0228310502283,9,8,64.1750227894257,0.462885683375405,80.71,7,40277.3094684945,3,0.00365445166324481,9121
Significant_Damage_And_Serious_Injuries,26.3470319634703,17,7,79.3983591613491,0.315752614496934,78.01,6,45239.9524774151,0,0.0115453696276444,6667
Highly_Fatal_And_Damaging,44.337899543379,15,7,56.7456700091158,0.517339343671114,82.71,4,32035.2462117953,3,0.0583819270530569,7425
Significant_Damage_And_Fatalities,68.4474885844749,12,2,59.5259799453054,0.469376848178867,83.23,4,49860.8188729973,2,0.0902752849258249,2756
Highly_Fatal_And_Damaging,14.9771689497717,17,10,57.2470373746582,0.317555715831229,78.84,3,28986.6574792039,3,0.14597123365178,352
Significant_Damage_And_Fatalities,24.7945205479452,14,12,47.538742023701,0.511930039668229,77.16,4,10313.8777973577,3,0.00727331278339437,9091
Minor_Damage_And_Injuries,68.2191780821918,8,8,68.2771194165907,0.357223945185719,77.91,4,49898.0501197341,1,0.0897757319620174,6076
Minor_Damage_And_Injuries,27.1232876712329,17,8,56.9279854147676,0.356142084385142,78.73,2,49516.4424657654,1,0.680017846372208,8486
Significant_Damage_And_Serious_Injuries,62.5114155251141,6,5,63.126709206928,0.48993220338983,79.81,4,36294.3896081754,2,0.0659924427036663,5459
Significant_Damage_And_Serious_Injuries,31.5981735159817,15,4,57.5205104831358,0.311425171294627,76.17,6,35198.4462620259,2,0.00840433624604243,11088
Highly_Fatal_And_Damaging,22.6027397260274,15,3,76.7092069279854,0.494980887125856,82.06,6,12866.6100544267,2,0.00351369966576401,7421
Significant_Damage_And_Serious_Injuries,42.4200913242009,12,17,88.0127620783956,0.271396321673278,79.63,6,26029.1632624791,2,0.00660342283671887,4078
Highly_Fatal_And_Damaging,23.1506849315068,14,5,63.9015496809481,0.368403173458348,76.22,4,26548.8926588994,2,0.0484619583526901,669
Significant_Damage_And_Fatalities,78.5844748858447,9,12,58.4776663628077,0.34965091958168,82.98,4,15186.5079522167,2,0.0261055313866679,11689
Minor_Damage_And_Injuries,59.7716894977169,10,13,97.9945305378305,0.217663901911287,78.37,2,44244.903458707,4,0.599746500186085,8324
Significant_Damage_And_Fatalities,31.3698630136986,12,9,51.2762078395624,0.422856833754057,77.96,2,17182.4727749403,1,0.234381066415303,4691
Minor_Damage_And_Injuries,45.4794520547945,11,2,56.8824065633546,0.331980526505589,80.02,6,33961.7400444918,4,0.00840433624604243,10037
Significant_Damage_And_Fatalities,12.4200913242009,18,21,44.7128532360985,0.580447890371439,82.15,1,33878.337631156,0,1.24112616899926,1582
Significant_Damage_And_Serious_Injuries,58.675799086758,8,37,65.4512306289882,0.323325640100974,77.99,7,17341.3048298456,2,0.00205980454053262,3438
Minor_Damage_And_Injuries,48.7671232876712,14,17,65.4968094804011,0.46108258204111,78.85,2,32441.0873612425,2,0.438933417929691,9066
Minor_Damage_And_Injuries,42.6940639269406,16,22,57.4749316317229,0.477671114316625,81.89,6,32937.2182500384,2,0.00812064429298881,7853
Minor_Damage_And_Injuries,75.9817351598173,6,29,65.9070191431176,0.399055896141363,75.41,7,13241.1540510458,0,0.00145523988109246,4837
Minor_Damage_And_Injuries,62.1461187214612,6,20,45.4876937101185,0.48632600072124,76.01,3,26733.763247326,2,0.13411018996452,4073
Minor_Damage_And_Injuries,59.041095890411,11,1,71.285323609845,0.319358817165525,76.93,2,36434.9776381681,3,0.488446051686494,7605
Minor_Damage_And_Injuries,60.1369863013699,10,3,72.7438468550593,0.18052001442481,80.03,5,31149.0488689414,3,0.0204566081770176,7005
Significant_Damage_And_Fatalities,43.5616438356164,19,4,80.4010938924339,0.337029210241615,82,7,20106.7303917632,4,0.00204650560727265,10270
Significant_Damage_And_Fatalities,48.8584474885845,17,2,66.5451230628988,0.383188604399567,77.04,7,11025.734744313,2,0.00145979657343352,4323
Significant_Damage_And_Fatalities,53.7442922374429,16,4,64.0382862351869,0.445936530833032,83.26,7,11025.734744313,3,0.00124424510969441,9569
Highly_Fatal_And_Damaging,27.4429223744292,13,6,81.3582497721058,0.237137396321673,76.94,2,23197.1080931768,2,0.315041983474647,11734
Minor_Damage_And_Injuries,43.7899543378995,15,6,76.7092069279854,0.215500180310133,79.3,2,31078.8333618556,1,0.420569864297446,5929
Significant_Damage_And_Serious_Injuries,35.7990867579909,14,3,61.3947128532361,0.341717273710782,79.29,2,29818.3011307671,3,0.401586606844553,9432
Highly_Fatal_And_Damaging,26.1643835616438,14,6,73.3819507748405,0.368403173458348,81.15,3,42460.9864659944,3,0.211728167404242,5261
Significant_Damage_And_Fatalities,31.0958904109589,12,3,56.4721969006381,0.466491886043996,84.42,1,33105.8525511885,1,1.22297120835898,7263
Significant_Damage_And_Serious_Injuries,54.2465753424657,5,5,55.6517775752051,0.634180310133429,81.09,3,32656.9970926707,3,0.16258386348284,7886
Significant_Damage_And_Serious_Injuries,55.1598173515982,9,10,66.2716499544212,0.346405337179949,79.17,7,40277.3094684945,1,0.00349145051029636,8904
Minor_Damage_And_Injuries,42.5114155251142,16,2,59.9817684594348,0.318276956364948,81.2,2,31716.2273185735,1,0.42863320847532,2719
Highly_Fatal_And_Damaging,18.1278538812785,16,7,62.0783956244303,0.466131265777136,77.48,7,26748.2070214776,2,0.00231036898663625,1483
Highly_Fatal_And_Damaging,44.703196347032,8,10,62.1695533272562,0.345323476379372,78.47,1,51183.8825645968,1,1.88294981148486,8120
Significant_Damage_And_Fatalities,50.2739726027397,17,6,80.4922515952598,0.240382978723404,79.31,7,32867.8635713521,2,0.00298099920855631,10186
Minor_Damage_And_Injuries,46.6666666666667,14,4,78.4412032816773,0.308179588892896,80.33,2,35815.5275372957,2,0.485770798439809,105
Highly_Fatal_And_Damaging,44.337899543379,15,2,55.6061987237922,0.309982690227191,81.71,2,32919.0524774902,2,0.444553307539715,788
Minor_Damage_And_Injuries,46.5753424657534,11,1,52.5979945305378,0.396892174540209,80.38,2,15496.0861565499,4,0.22104033381928,10664
Highly_Fatal_And_Damaging,51.0502283105023,13,4,54.922515952598,0.462525063108547,78.49,2,37853.1677471245,0,0.512298964759858,942
Highly_Fatal_And_Damaging,24.7945205479452,14,8,80.6289881494986,0.431151099891814,86.43,4,33722.2487419582,3,0.0620699590838415,6003
Highly_Fatal_And_Damaging,4.93150684931507,20,6,75.7976298997265,0.309622069960331,77.56,2,21259.7296655558,1,0.286821821953301,7054
Significant_Damage_And_Fatalities,22.1917808219178,15,9,55.6973564266181,0.42177497295348,76.26,2,40716.7142099663,0,0.55117256042946,3527
Minor_Damage_And_Injuries,56.2557077625571,12,13,62.8532360984503,0.312507032095204,79.3,5,41329.4435546774,3,0.0276128944227577,8547
Highly_Fatal_And_Damaging,77.6712328767123,4,1,55.1504102096627,0.508684457266498,79.26,2,26033.5453776392,0,0.351388022143726,3208
Highly_Fatal_And_Damaging,28.9041095890411,13,1,66.1349134001823,0.438363505228994,80.62,1,29021.2749490607,2,1.06635953548775,8280
Minor_Damage_And_Injuries,48.1735159817352,14,1,67.4111212397448,0.491735304724126,83.24,2,16099.4774068421,2,0.219247711929046,12003
Minor_Damage_And_Injuries,68.2648401826484,8,3,79.0337283500456,0.329456184637577,78.24,4,34292.3523245949,3,0.0627929235604574,3595
Minor_Damage_And_Injuries,34.7488584474886,18,0,74.7493163172288,0.368763793725207,79.61,2,33730.6363753111,3,0.454764397208273,916
Highly_Fatal_And_Damaging,50.7305936073059,7,6,65.6335460346399,0.358305805986296,81.14,4,50574.3894045332,3,0.0966690299438388,11526
Significant_Damage_And_Serious_Injuries,39.4520547945205,13,5,66.4995442114859,0.416726289217454,81.4,3,31193.4661135602,2,0.156343719423514,3601
Significant_Damage_And_Serious_Injuries,59.8173515981735,14,0,56.1531449407475,0.320440677966102,79.22,7,37177.3789253251,4,0.00373408886789247,6846
Minor_Damage_And_Injuries,44.8858447488584,15,2,57.7028258887876,0.618673638658492,82.2,4,38660.0959485539,3,0.0701068078993242,5236
Significant_Damage_And_Fatalities,35.0684931506849,11,6,54.876937101185,0.450263974035341,78.23,4,43204.1689916855,3,0.0792458322820857,9627
Significant_Damage_And_Fatalities,44.4748858447489,8,0,53.9197812215132,0.432232960692391,77.48,4,35578.1607300997,3,0.0653570076442063,1972
Minor_Damage_And_Injuries,41.324200913242,16,8,62.9443938012762,0.321522538766679,77.44,2,22318.1217237451,1,0.305041894227416,1812
Minor_Damage_And_Injuries,47.7625570776256,14,1,71.0118505013674,0.427184276956365,77.69,6,40674.112655783,3,0.0101310412085936,10125
Minor_Damage_And_Injuries,76.62100456621,6,21,64.8131267092069,0.399055896141363,77.45,5,35167.7193661579,1,0.0228367689591343,5805
Highly_Fatal_And_Damaging,54.4292237442922,9,23,63.9015496809481,0.448100252434187,79.65,4,20375.8154327724,2,0.0379859608192468,10584
Highly_Fatal_And_Damaging,24.2922374429224,14,12,57.5205104831358,0.388597908402452,85.17,4,23487.7294956704,3,0.0437840696939847,5705
Minor_Damage_And_Injuries,50.2283105022831,13,6,67.18322698268,0.299885322755139,81.46,2,11938.9093113064,1,0.170460593515575,6129
Significant_Damage_And_Fatalities,23.4703196347032,14,8,45.5332725615314,0.491014064190407,76.87,1,38783.3566123134,2,1.42675995572906,4477
Highly_Fatal_And_Damaging,12.9680365296804,18,2,52.6891522333637,0.22379444644789,76.28,2,42018.9291056924,2,0.572514343273642,12361
Highly_Fatal_And_Damaging,19.9086757990868,16,8,76.9371011850502,0.381746123332131,89.19,3,47592.316643138,2,0.234985280834006,8762
Minor_Damage_And_Injuries,52.9223744292237,9,22,50.9115770282589,0.500390191128741,82.38,4,23634.9170656621,3,0.0437525280036623,8468
Significant_Damage_And_Serious_Injuries,78.2191780821918,9,0,55.9252506836828,0.335226108907321,83.08,7,31809.6815618842,4,0.00260608261095233,10440
Significant_Damage_And_Fatalities,40.5479452054794,20,8,40.975387420237,0.578284168770285,78.76,1,42902.3849751326,3,1.55691330768186,2069
Minor_Damage_And_Injuries,38.3561643835616,13,1,54.3299908842297,0.375254958528669,79.51,6,32058.503196196,1,0.00773695886745635,5385
Significant_Damage_And_Serious_Injuries,45.5707762557078,18,13,50.0911577028259,0.75246375766318,79.37,7,42628.3886404936,3,0.00412999471383646,8818
Minor_Damage_And_Injuries,68.6301369863014,8,2,70.464904284412,0.322965019834114,75.58,2,46240.755011011,2,0.623420577171322,7060
Highly_Fatal_And_Damaging,37.5799086757991,10,8,70.1914311759344,0.225597547782185,80.52,1,11940.7684814106,3,0.3894869352415,4295
Significant_Damage_And_Serious_Injuries,55.2511415525114,8,3,80.0820419325433,0.502914532996754,77.16,3,33346.7855725603,0,0.166419156005053,466
Significant_Damage_And_Fatalities,20.5479452054795,15,1,54.922515952598,0.357584565452579,76.3,5,48332.484809852,3,0.0331848565099239,4241
Highly_Fatal_And_Damaging,30.9132420091324,12,3,64.2661804922516,0.419611251352326,81.98,1,24605.471319083,2,0.887893341795068,1846
Significant_Damage_And_Fatalities,55.4337899543379,15,3,59.9817684594348,0.484522899386945,79.09,7,19488.0055234635,3,0.00172068366497551,6607
Minor_Damage_And_Injuries,42.5570776255708,16,2,52.2789425706472,0.254447169130905,79.47,2,21369.8130817081,1,0.285906649419005,6356
Minor_Damage_And_Injuries,48.4931506849315,14,4,67.9124886052872,0.352535881716553,81.82,2,16099.4774068421,2,0.219247711929046,458
Significant_Damage_And_Fatalities,38.7671232876712,10,4,51.8231540565178,0.523830508474576,77.93,1,20181.4921511155,2,0.741000085873413,1553
Highly_Fatal_And_Damaging,46.3470319634703,8,12,57.5205104831358,0.478392354850342,80.91,1,32176.8739290162,2,1.18372103996504,1889
Minor_Damage_And_Injuries,45.0684931506849,15,1,72.2424794895169,0.248677244861161,78.8,2,41247.2138694394,2,0.559006907847623,6578
Highly_Fatal_And_Damaging,37.3059360730594,10,0,73.7010027347311,0.357945185719437,76.85,1,8335.48049352774,2,0.359229270794809,1327
Minor_Damage_And_Injuries,68.3561643835616,8,4,69.4621695533273,0.429347998557519,82.07,2,20514.7937829077,1,0.273757873803231,6106
Minor_Damage_And_Injuries,47.9908675799087,14,3,97.9945305378305,0.303491525423729,82.28,1,32529.7644043405,1,1.18372103996504,1243
Minor_Damage_And_Injuries,35.1141552511415,15,4,38.9699179580674,0.629852866931121,83.76,2,44821.4006674425,1,0.603019887158319,7248
Significant_Damage_And_Serious_Injuries,42.1004566210046,12,0,70.1914311759344,0.408071402812838,77.91,3,32158.99176163,3,0.160120932295153,7586
Significant_Damage_And_Fatalities,58.7214611872146,14,6,73.4275296262534,0.201435989902632,79.64,4,33256.4668152374,4,0.0608856857112103,8363
Highly_Fatal_And_Damaging,43.6986301369863,8,4,68.3682771194166,0.377058059862964,77.89,1,28433.3299479963,2,1.05028681182213,7559
Significant_Damage_And_Serious_Injuries,42.4200913242009,19,0,42.7985414767548,0.400858997475658,80.24,6,48492.967855099,4,0.0117759856610587,2233
Significant_Damage_And_Fatalities,40.7762557077626,9,12,51.9143117593437,0.500750811395601,80.91,1,48659.2600483197,1,1.79913125355139,7870
Significant_Damage_And_Serious_Injuries,34.4748858447488,15,5,72.5159525979946,0.413480706815723,76.79,6,21257.7006915419,1,0.00532697752793188,8493
Minor_Damage_And_Injuries,54.1095890410959,12,6,49.3163172288059,0.444133429498738,87.23,5,20186.4970862225,1,0.0125144123549024,2396
Significant_Damage_And_Serious_Injuries,26.5753424657534,17,8,76.7547857793984,0.307097728092319,78.12,6,49086.3279837267,0,0.0123576408107368,3615
Significant_Damage_And_Fatalities,75.5251141552511,9,1,62.2607110300821,0.402662098809953,88.74,7,38521.3038909916,3,0.0035783671851997,4867
Significant_Damage_And_Serious_Injuries,24.703196347032,18,2,62.0783956244303,0.523469888207717,79.31,3,26821.1457562417,1,0.134484836771453,2148
Minor_Damage_And_Injuries,45.8904109589041,11,13,38.7876025524157,0.729023440317345,77.95,2,31671.9482328878,2,0.429274158143407,5922
Highly_Fatal_And_Damaging,49.5890410958904,7,7,61.3035551504102,0.476228633249188,79.49,4,40130.086673228,2,0.0740408460528916,9734
Highly_Fatal_And_Damaging,45.4794520547945,15,0,46.2625341841386,0.485965380454381,78.29,3,35578.1607300997,5,0.176883368384811,12164
Significant_Damage_And_Serious_Injuries,34.1095890410959,15,1,72.5159525979946,0.3785005409304,80.98,5,34176.1227163592,2,0.0233574044157187,8155
Minor_Damage_And_Injuries,50.2283105022831,10,14,44.8951686417502,0.485604760187523,86.59,4,30421.5882891684,1,0.055390533687851,10401
Significant_Damage_And_Serious_Injuries,43.1963470319635,12,3,82.0419325432999,0.360108907320591,82.49,2,22106.5964598616,5,0.299887442870648,3181
Significant_Damage_And_Serious_Injuries,35.0228310502283,14,10,62.3974475843209,0.403022719076812,78.66,3,29952.076015557,3,0.149717568801361,4145
Significant_Damage_And_Serious_Injuries,62.283105022831,6,2,56.0619872379216,0.546910205553552,87.34,1,34941.6499416306,2,1.29244238360314,12116
Highly_Fatal_And_Damaging,17.4429223744292,16,9,76.7547857793984,0.298803461954562,76.6,4,30726.5644703725,1,0.0576230616227392,11627
Significant_Damage_And_Fatalities,43.7899543378995,19,19,75.38742023701,0.336307969707898,79.31,5,34924.7418304277,3,0.023547370390478,4010
Highly_Fatal_And_Damaging,51.324200913242,13,2,56.1531449407475,0.462525063108547,75.97,1,21043.0745957428,2,0.773383504533066,9414
Significant_Damage_And_Serious_Injuries,53.4703196347032,16,11,41.4767547857794,0.714238009376126,82.49,7,38340.917759317,2,0.00340601660499652,5609
Significant_Damage_And_Serious_Injuries,79.6803652968037,7,14,56.7456700091158,0.311785791561485,83.87,7,24422.9434302412,4,0.00224562177398453,894
Significant_Damage_And_Serious_Injuries,54.2922374429224,9,2,63.4457611668186,0.553401370357014,77.16,3,32266.1362314826,3,0.160110192147785,319
Significant_Damage_And_Fatalities,56.1187214611872,15,31,77.1649954421149,0.271035701406419,83.56,3,15958.6430707348,3,0.0782363458011667,407
Highly_Fatal_And_Damaging,31.2328767123288,12,6,66.4995442114859,0.321883159033537,79.51,1,40973.9095182754,2,1.52229250928503,4263
Highly_Fatal_And_Damaging,39.5433789954338,16,8,55.0592525068368,0.317555715831229,77.27,3,32919.0524774902,0,0.163429578564379,9728
Minor_Damage_And_Injuries,59.7716894977169,11,11,79.5806745670009,0.284018031013343,77.69,2,17326.7709003087,2,0.230157423859501,7369
Significant_Damage_And_Fatalities,95.2511415525114,3,17,66.4995442114859,0.557368193292463,80.5,5,32768.2794642284,2,0.0215533582053583,4790
Significant_Damage_And_Fatalities,36.7579908675799,10,13,56.9279854147676,0.366960692390912,77.24,2,30232.1460175973,3,0.412117131132194,2671
Highly_Fatal_And_Damaging,20.958904109589,15,29,63.9015496809481,0.334504868373603,74.74,1,45416.5825159865,1,1.69386357691072,12249
Highly_Fatal_And_Damaging,41.6438356164383,9,1,57.9762989972653,0.503996393797331,83.33,4,37987.349601721,2,0.0696924473309929,4391
Significant_Damage_And_Serious_Injuries,50.5022831050228,10,0,71.0118505013674,0.279329967544176,78.59,3,30830.3940187457,1,0.15378800083089,1915
Significant_Damage_And_Serious_Injuries,51.6438356164384,10,1,72.5615314494075,0.334865488640461,81.55,2,31661.6288095643,0,0.429074922493588,3547
Minor_Damage_And_Injuries,68.7671232876712,8,7,60.0729261622607,0.453509556437072,78.29,2,29784.2743594728,3,0.403593936192003,6963
Significant_Damage_And_Serious_Injuries,32.648401826484,15,0,86.2351868732908,0.309622069960331,81.32,5,39651.766046119,4,0.0267894186959753,11558
Highly_Fatal_And_Damaging,52.2374429223744,13,3,55.5606198723792,0.493899026325279,78.08,1,36925.0352582009,0,1.36241964520764,1224
Significant_Damage_And_Serious_Injuries,22.6940639269406,18,8,67.3655423883318,0.394007212405337,79.59,3,42500.2232326123,2,0.212243576123403,3586
Significant_Damage_And_Fatalities,78.4474885844749,8,1,74.7948951686418,0.334504868373603,80.67,4,30551.9144715984,2,0.0560106003796652,9697
Highly_Fatal_And_Damaging,43.7899543378995,8,2,60.665451230629,0.426102416155788,82.03,4,37353.2152049364,2,0.0684797739185114,1512
Significant_Damage_And_Serious_Injuries,46.5753424657534,11,5,60.1640838650866,0.484883519653804,75.58,6,18993.2133203075,3,0.00482966112605034,6834
Minor_Damage_And_Injuries,47.7168949771689,14,1,67.3199635369189,0.300606563288856,78.54,2,13192.6746411516,1,0.183480956433012,4014
Highly_Fatal_And_Damaging,24.8858447488584,14,19,59.4804010938925,0.40374395961053,78.7,1,38266.75565052,0,1.4126370085277,10170
Minor_Damage_And_Injuries,57.5342465753425,11,11,83.9106654512306,0.242907320591417,83.62,2,29926.3268578851,2,0.404401762084286,2162
Minor_Damage_And_Injuries,33.5616438356164,15,6,55.4238833181404,0.317195095564371,79.73,6,24858.0729137173,2,0.00606686659497718,8257
Significant_Damage_And_Fatalities,50.0456621004566,17,8,68.049225159526,0.527797331410025,83.82,7,11063.8680478305,2,0.00142941827528228,1650
Minor_Damage_And_Injuries,42.283105022831,12,2,56.8824065633546,0.331980526505589,94.2,2,52077.3016680616,2,0.706982633990024,11626
Highly_Fatal_And_Damaging,55.1141552511415,12,9,43.6645396536007,0.721450414713307,75.63,2,37455.3411742423,1,0.508501264493174,1583
Highly_Fatal_And_Damaging,19.2237442922374,16,1,76.5268915223336,0.270314460872701,82.97,1,34379.3077561369,5,1.26276880923123,3189
Significant_Damage_And_Fatalities,28.4018264840183,13,6,49.6809480401094,0.361551388388027,77.53,4,16337.4324888073,2,0.0288587321163898,11992
Minor_Damage_And_Injuries,44.1095890410959,12,6,20.9662716499544,0.774822214208438,86.03,5,33020.6826803039,2,0.0221611608546171,7978
Minor_Damage_And_Injuries,64.6118721461187,9,2,69.0519598906108,0.675651640822214,78.78,1,45741.2045089614,1,1.66043195531517,6143