Severity,Safety_Score,Days_Since_Inspection,Total_Safety_Complaints,Control_Metric,Turbulence_In_gforces,Cabin_Temperature,Accident_Type_Code,Max_Elevation,Violations,Adverse_Weather_Metric,Accident_ID
Significant_Damage_And_Serious_Injuries,35.5251141552511,14,15,76.9371011850502,0.45387017670393,84.28,6,33944.6431410097,1,0.00827087688296575,2543
Minor_Damage_And_Injuries,35.3881278538813,18,1,70.2370100273473,0.387516047601875,87.11,1,24312.5763266109,3,0.890281948019857,4383
Significant_Damage_And_Fatalities,44.2009132420091,19,0,65.587967183227,0.279329967544176,78.41,2,22969.338276676,2,0.3116315447563,11745
Highly_Fatal_And_Damaging,38.0821917808219,10,2,58.7055606198724,0.29591849981969,77.13,4,28183.3231299795,2,0.0520195059207914,11754
Significant_Damage_And_Serious_Injuries,40.0456621004566,13,0,76.7547857793984,0.242907320591417,81.04,5,27417.5994528457,2,0.0184651464079909,2723
Minor_Damage_And_Injuries,56.9406392694064,11,17,69.9179580674567,0.307097728092319,76.56,5,16673.2615031679,1,0.0116003338192722,5587
Minor_Damage_And_Injuries,42.9680365296804,15,4,77.894257064722,0.243989181391994,81.73,2,37085.8747636847,4,0.498635558744046,844
Significant_Damage_And_Fatalities,62.3744292237443,13,7,42.0237010027347,0.589824017309773,79.58,7,31898.6401662182,2,0.00287100899711365,5313
Highly_Fatal_And_Damaging,54.4292237442922,12,4,56.9735642661805,0.542582762351244,81.72,2,37342.6506214657,2,0.50630490065634,3585
Significant_Damage_And_Serious_Injuries,50.8219178082192,10,15,55.6973564266181,0.311785791561485,78.28,3,35207.3986716271,2,0.175837529631438,9327
Significant_Damage_And_Fatalities,39.6803652968037,20,3,61.6226071103008,0.444133429498738,81.06,7,13790.8744728662,3,0.00145979657343352,10278
Minor_Damage_And_Injuries,68.6301369863014,8,1,70.464904284412,0.322965019834114,76.4,5,44036.8146613431,1,0.0297081807839066,10436
Minor_Damage_And_Injuries,40.1826484018265,16,7,61.5314494074749,0.237858636855391,80.22,2,40686.3843910211,2,0.551381417627301,12259
Highly_Fatal_And_Damaging,43.2876712328767,9,24,83.7739288969918,0.433675441759827,86.36,7,25796.9485308804,2,0.00241405163548066,750
Highly_Fatal_And_Damaging,40.7762557077626,16,6,53.2360984503191,0.724335376848178,78.55,3,45350.7603179123,2,0.222405152487079,616
Significant_Damage_And_Fatalities,61.8264840182648,13,13,75.7520510483136,0.311064551027768,76.93,7,32690.6257735184,3,0.00302253034884826,12200
Significant_Damage_And_Serious_Injuries,38.4018264840183,13,2,59.9817684594348,0.375254958528669,83.96,3,13468.0085006978,2,0.0639965250235573,11962
Highly_Fatal_And_Damaging,41.7808219178082,9,6,52.0510483135825,0.380303642264695,79.66,3,14515.7951542876,2,0.0753155639194272,6567
Highly_Fatal_And_Damaging,22.9223744292237,15,0,63.3546034639927,0.57648106743599,78.18,4,40729.8147773945,0,0.0743977203306093,211
Significant_Damage_And_Fatalities,57.1232876712329,15,7,57.5205104831358,0.444133429498738,79.6,7,47578.1608846135,2,0.00440429373420935,1688
Minor_Damage_And_Injuries,49.4520547945205,14,4,68.0948040109389,0.369845654525784,78.42,2,28208.2593702175,2,0.379538266965003,7771
Highly_Fatal_And_Damaging,48.4474885844749,7,1,76.7547857793984,0.293033537684818,80.2,6,23412.7822849923,0,0.00613719639258931,2615
Highly_Fatal_And_Damaging,4.93150684931507,20,2,89.8814949863263,0.215139560043274,77.91,4,38564.129227285,2,0.0701503302031917,8856
Highly_Fatal_And_Damaging,49.2694063926941,14,6,52.0966271649954,0.490292823656689,83.57,2,37251.6714030235,1,0.504117435127591,1110
Significant_Damage_And_Fatalities,41.689497716895,20,2,62.6253418413856,0.383188604399567,79.01,7,13538.0919469124,2,0.00124424510969441,3899
Significant_Damage_And_Serious_Injuries,22.1917808219178,18,2,59.024612579763,0.278608727010458,78.17,3,42046.750939801,2,0.209489040782661,5802
Minor_Damage_And_Injuries,46.8036529680365,11,1,50.7748404740201,0.62660728452939,76.26,1,10587.3525848917,3,0.202495647194575,11948
Minor_Damage_And_Injuries,37.4429223744292,17,15,69.5989061075661,0.333423007573026,76.33,2,26900.7028554629,2,0.365529248280753,7423
Highly_Fatal_And_Damaging,40.7762557077626,16,11,53.2360984503191,0.524191128741435,82.71,1,21022.7432680221,3,0.775459295221691,5577
Highly_Fatal_And_Damaging,55.1141552511415,12,2,43.6645396536007,0.585496574107465,80.19,3,37438.206200471,2,0.18564707587063,10700
Significant_Damage_And_Fatalities,20.1826484018265,15,0,53.9197812215132,0.469376848178867,77.63,4,36624.2796276571,1,0.0674726358380376,12153
Significant_Damage_And_Serious_Injuries,51.1872146118721,10,6,73.746581586144,0.347847818247385,78.64,3,29213.2781256254,0,0.145829384318565,2466
Highly_Fatal_And_Damaging,1.41552511415525,22,2,63.9015496809481,0.353617742517129,80.86,3,25720.9164075718,2,0.128896401917114,8846
Significant_Damage_And_Serious_Injuries,49.2694063926941,10,0,65.4512306289882,0.505078254597908,77.55,5,31051.2779663587,0,0.0200302301072619,861
Minor_Damage_And_Injuries,53.1506849315068,12,3,61.485870556062,0.514093761269383,77.55,7,25648.6676085747,0,0.00236697142542173,9016
Significant_Damage_And_Fatalities,14.4748858447489,17,3,38.1494986326345,0.705583122971511,77.67,6,31647.884323696,2,0.00802494825593194,7049
Significant_Damage_And_Serious_Injuries,49.7260273972603,10,11,77.5296262534184,0.31394951316264,84.8,6,53200.8631540441,2,0.0130417779497398,1887
Significant_Damage_And_Fatalities,70.0913242009132,11,1,68.4594348222425,0.421053732419762,79.23,7,25251.1155579363,3,0.00226741238790717,9944
Minor_Damage_And_Injuries,49.3150684931507,14,6,37.6481312670921,0.54041904075009,77.9,3,46367.3704328815,2,0.231087541271551,8682
Significant_Damage_And_Serious_Injuries,29.634703196347,16,13,70.0091157702826,0.198190407500902,77.27,6,39117.4599820194,0,0.0093983482120637,8933
Highly_Fatal_And_Damaging,28.6301369863014,13,1,97.6754785779398,0.208287774972954,81.39,4,23086.0226940907,2,0.0427864059446497,55
Significant_Damage_And_Fatalities,62.3744292237443,13,5,61.0300820419326,0.485965380454381,77.62,7,17343.6622157536,1,0.00179098046175975,1142
Minor_Damage_And_Injuries,51.7808219178082,13,12,57.8851412944394,0.426823656689506,80.07,2,39313.0059564466,2,0.534664927361894,10983
Highly_Fatal_And_Damaging,2.73972602739726,23,4,66.9097538742024,0.363715109989181,77.62,4,35962.4219910256,2,0.0659924427036663,4471
Highly_Fatal_And_Damaging,27.6255707762557,13,2,65.6791248860529,0.55123764875586,75.8,2,23197.3294465658,1,0.314050656397823,8858
Highly_Fatal_And_Damaging,50.5022831050228,13,22,45.897903372835,0.804753696357736,77.55,2,24034.9567110232,0,0.328620657287925,5927
Highly_Fatal_And_Damaging,16.1187214611872,17,3,82.5888787602553,0.218745762711864,79.15,4,41380.2006558883,3,0.076505897644789,646
Highly_Fatal_And_Damaging,28.9041095890411,13,0,68.3682771194166,0.388237288135593,84.21,2,31748.2529497146,3,0.42863320847532,7589
Significant_Damage_And_Fatalities,68.8584474885845,11,9,81.5861440291705,0.296279120086549,79.62,7,36737.2575783467,4,0.00312164948656344,9275
Significant_Damage_And_Serious_Injuries,20.4109589041096,19,5,66.6362807657247,0.368403173458348,78.73,2,40716.7142099663,2,0.55117256042946,4759
Significant_Damage_And_Fatalities,68.675799086758,11,4,73.9288969917958,0.43619978362784,83.07,7,26023.2072563315,3,0.00234866035558456,4883
Significant_Damage_And_Serious_Injuries,55.6164383561644,8,12,77.6663628076573,0.276084385142445,84.48,5,53200.8631540441,2,0.0351650331134311,10523
Highly_Fatal_And_Damaging,27.8538812785388,13,8,71.0574293527803,0.306376487558601,86.57,4,37158.7255184061,3,0.0679645047747395,7667
Minor_Damage_And_Injuries,52.4657534246575,13,7,85.0957155879672,0.199632888568337,77.95,5,45783.5276614128,2,0.0316153311067691,10679
Highly_Fatal_And_Damaging,30,13,3,61.6681859617138,0.346405337179949,78.66,4,36292.1949816483,1,0.0657649417158369,4022
Significant_Damage_And_Serious_Injuries,56.8949771689498,8,2,100,0.214418319509556,84.83,3,41662.6922278005,3,0.208414226253688,11402
Significant_Damage_And_Fatalities,39.5433789954338,21,11,68.5505925250684,0.23100685178507,77.86,7,26992.7869170996,2,0.00214351929204433,1154
Highly_Fatal_And_Damaging,54.4292237442922,12,8,44.8951686417502,0.621197980526505,80.25,4,45343.9869773539,3,0.0838515457532471,4490
Minor_Damage_And_Injuries,71.5981735159817,7,19,76.5268915223336,0.374533717994951,77.69,2,19525.85738177,2,0.252547764645463,6398
Minor_Damage_And_Injuries,43.6529680365297,12,10,51.0938924339107,0.341717273710782,82.45,4,29832.3547137758,2,0.0544450648103602,12490
Significant_Damage_And_Serious_Injuries,54.5205479452055,9,3,76.2989972652689,0.258774612333213,79.47,3,27417.5994528457,0,0.135850462114308,9548
Significant_Damage_And_Fatalities,16.4840182648402,16,2,47.2652689152234,0.514093761269383,80.47,2,30701.4903580148,3,0.416733810413223,8472
Minor_Damage_And_Injuries,57.351598173516,11,7,65.2233363719235,0.348929679047962,80.84,2,28248.2003469655,1,0.382297819488116,12061
Significant_Damage_And_Fatalities,32.5570776255708,12,3,57.0191431175934,0.399777136675081,80.27,7,25794.580871847,3,0.00228169437294458,347
Highly_Fatal_And_Damaging,2.64840182648402,21,4,64.1294439380128,0.245792282726289,85.22,7,28326.8604547061,0,0.00270436622546922,717
Highly_Fatal_And_Damaging,20.958904109589,15,1,80.6289881494986,0.396892174540209,85.3,4,39527.6388068,0,0.0731233481438206,10655
Minor_Damage_And_Injuries,49.0867579908676,10,0,66.9097538742024,0.302770284890011,79.24,7,41567.5210621664,2,0.00376240883215811,7779
Minor_Damage_And_Injuries,53.8812785388128,12,8,70.1002734731085,0.228482509917057,75.05,5,20520.7410460176,4,0.0146382192559913,11078
Significant_Damage_And_Serious_Injuries,16.6666666666667,20,9,67.6390154968095,0.505078254597908,80.51,1,36873.0707665609,2,1.34636408457868,6813
Minor_Damage_And_Injuries,39.7260273972603,17,4,69.4165907019143,0.246874143526866,81.95,2,32990.9149372376,1,0.447798128438708,8522
Minor_Damage_And_Injuries,56.5753424657534,12,6,70.1914311759344,0.316834475297511,80.37,2,38350.7195579992,0,0.519355070097568,1636
Significant_Damage_And_Fatalities,40.1369863013699,20,3,66.6818596171377,0.35325712225027,78.09,7,28356.8132043199,0,0.00276350539336952,6124
Highly_Fatal_And_Damaging,44.4292237442922,8,4,60.5742935278031,0.476228633249188,82.03,3,18214.706269736,3,0.0892549623370623,2565
Significant_Damage_And_Serious_Injuries,37.3059360730594,14,7,62.1239744758432,0.232088712585647,81.82,6,27255.6195552223,1,0.00660342283671887,7211
Significant_Damage_And_Serious_Injuries,19.3607305936073,19,3,64.5396536007293,0.282575549945907,79.47,3,38399.455104896,2,0.190396357309199,10469
Minor_Damage_And_Injuries,55.5707762557078,12,2,64.9954421148587,0.289787955283087,83.83,2,40981.1689324739,2,0.556483733711453,12218
Minor_Damage_And_Injuries,52.7853881278539,9,5,50.9115770282589,0.645359538406058,79.06,4,26015.962941191,1,0.0476683348266297,2901
Significant_Damage_And_Fatalities,68.4931506849315,11,1,61.7137648131267,0.370927515326361,78.32,7,22248.3350362665,2,0.00196638455370176,4128
Minor_Damage_And_Injuries,72.5570776255708,4,11,50.5925250683683,0.408071402812838,83.5,3,40844.1082299599,1,0.204090220888324,6373
Significant_Damage_And_Serious_Injuries,54.8401826484018,9,9,78.5779398359162,0.391122250270465,81.73,2,42692.4127039013,2,0.577778976533685,8347
Significant_Damage_And_Fatalities,54.1095890410959,16,2,60.1185050136736,0.358305805986296,79.82,2,42621.8436108,3,0.576823927713424,11889
Minor_Damage_And_Injuries,56.5753424657534,12,1,74.567000911577,0.344241615578795,80.53,2,35354.6491535324,4,0.47876329269109,4421
Minor_Damage_And_Injuries,31.689497716895,19,6,61.485870556062,0.330898665705012,80.25,3,19201.5021304644,0,0.0970591864698041,8487
Highly_Fatal_And_Damaging,39.1324200913242,10,6,72.0145852324522,0.225597547782185,79.39,1,34397.7574159421,2,1.2684727108881,8531
Minor_Damage_And_Injuries,36.62100456621,14,0,36.7821330902462,0.454952037504507,77.74,7,33637.1800839273,3,0.0031164589957626,3738
Significant_Damage_And_Fatalities,58.9954337899543,14,5,62.7164995442115,0.461803822574828,83.01,7,35154.7272649408,2,0.00321479368160568,11483
Highly_Fatal_And_Damaging,36.8036529680365,10,5,53.6007292616226,0.476589253516048,78.91,6,32677.2060754324,2,0.0077672881385304,10779
Significant_Damage_And_Serious_Injuries,32.8767123287671,15,0,73.8833181403829,0.364796970789758,80.72,6,34727.7751753632,3,0.00842757143418226,8996
Significant_Damage_And_Serious_Injuries,57.1232876712329,8,12,62.8988149498633,0.445215290299315,82.66,3,37378.440261456,0,0.186439934637007,9330
Significant_Damage_And_Fatalities,51.3698630136986,16,0,70.1914311759344,0.308900829426614,79.27,7,22121.0297621443,2,0.00190037484594801,6623
Significant_Damage_And_Serious_Injuries,49.2694063926941,10,10,70.1914311759344,0.555925712225027,77.62,1,36925.0352582009,2,1.36336943621395,5214
Significant_Damage_And_Fatalities,69.9543378995434,11,3,64.8131267092069,0.276805625676163,81.85,7,30442.0286950033,3,0.00290078660817579,11678
Minor_Damage_And_Injuries,44.5662100456621,12,20,57.1558796718323,0.725417237648755,80.8,3,45955.0381368293,0,0.226944244078988,3074
Minor_Damage_And_Injuries,71.5981735159817,2,0,56.3810391978122,0.381024882798413,82.82,7,36104.8569903325,1,0.00312164948656344,10684
Minor_Damage_And_Injuries,47.0319634703196,14,2,97.7666362807658,0.256971510998918,83.34,1,31279.2591292097,2,1.1424194449444,864
Minor_Damage_And_Injuries,42.1004566210046,12,2,56.1531449407475,0.537534078615218,82.64,7,41724.5687249952,1,0.00383708389771657,7675
Significant_Damage_And_Fatalities,72.8767123287671,10,7,66.3172288058341,0.278608727010458,77.27,7,16029.0812385471,4,0.00123451418944082,5935
Significant_Damage_And_Serious_Injuries,74.2009132420091,9,4,37.2835004557886,0.694764514965741,88.18,7,27237.9063139555,2,0.00228033728226571,2757
Highly_Fatal_And_Damaging,28.0821917808219,13,7,81.3582497721058,0.30313090515687,78.31,4,30992.0427846588,3,0.0563295397232032,1297
Minor_Damage_And_Injuries,36.4383561643836,14,2,49.9544211485871,0.354338983050847,80.71,2,36091.5527721269,1,0.493845717527548,7470
Highly_Fatal_And_Damaging,30.3196347031963,12,4,86.5086599817685,0.362993869455463,77,6,24720.9693935259,2,0.00607740767699834,76
Minor_Damage_And_Injuries,52.9680365296804,9,2,55.6973564266181,0.380303642264695,77.52,3,42253.1809398445,4,0.211178175574612,11997
Highly_Fatal_And_Damaging,36.1187214611872,11,4,75.1595259799453,0.326571222502704,77.94,1,24420.713003042,2,0.894409699247168,4320
Highly_Fatal_And_Damaging,56.2557077625571,11,18,62.2607110300821,0.289066714749369,88.71,2,51010.5063788741,3,0.690878232165761,4273
Significant_Damage_And_Serious_Injuries,41.689497716895,13,17,75.2051048313583,0.525272989542012,79.53,6,38428.2020163946,3,0.00968269097989471,4852
Significant_Damage_And_Fatalities,62.9680365296804,13,3,61.0300820419326,0.496423368193292,77.39,5,25094.3570432439,3,0.0163093518654224,5740
Significant_Damage_And_Fatalities,63.8356164383562,13,4,75.8432087511395,0.324046880634692,79.47,7,39615.1050970733,2,0.00345604242138982,9106
Highly_Fatal_And_Damaging,41.1415525114155,9,12,60.9845031905196,0.336668589974756,86.43,1,49722.5743419767,3,1.9079256458467,3719
Highly_Fatal_And_Damaging,23.7899543378995,14,13,56.8368277119417,0.375976199062387,82.11,5,35120.7762258787,2,0.0232444911274353,6435
Significant_Damage_And_Fatalities,79.5433789954338,8,0,70.0091157702826,0.35325712225027,82.2,3,34142.8282653348,0,0.172001299953239,2351
Highly_Fatal_And_Damaging,16.5296803652968,16,0,72.2424794895169,0.331259285971872,79.91,4,23643.2785223982,0,0.0435688687075891,10198
Significant_Damage_And_Serious_Injuries,22.6940639269406,18,14,65.9070191431176,0.499308330328164,80.51,6,34198.7569609193,3,0.00873794417837618,5836
Minor_Damage_And_Injuries,43.3333333333333,16,15,75.38742023701,0.39292535160476,76.02,7,22951.8359276977,1,0.00246153031373213,6172
Minor_Damage_And_Injuries,49.0867579908676,14,2,69.690063810392,0.372730616660656,81.82,2,43971.7104530714,1,0.596791289287252,2119
Significant_Damage_And_Serious_Injuries,32.8767123287671,15,8,75.2506836827712,0.380303642264695,76.18,6,45290.8914732731,2,0.0115568724282437,900
Minor_Damage_And_Injuries,45.7990867579909,15,1,78.4867821330902,0.386434186801298,79.45,2,59108.8771655082,2,0.775872856375072,6535
Significant_Damage_And_Serious_Injuries,44.0639269406393,12,3,72.926162260711,0.386073566534439,76.73,6,39422.8467693878,4,0.00989065639241996,7412
Highly_Fatal_And_Damaging,46.62100456621,8,3,73.6554238833182,0.368042553191489,77.17,4,41917.3221674367,3,0.0763205990087241,10116
Significant_Damage_And_Serious_Injuries,54.2922374429224,9,2,75.4785779398359,0.370927515326361,76.32,2,31290.8093282879,2,0.423471023989516,431
Significant_Damage_And_Serious_Injuries,31.7351598173516,15,0,82.1330902461258,0.176553191489361,79.52,1,38360.5730719553,3,1.40966132986615,2458
Minor_Damage_And_Injuries,46.2100456621004,11,0,57.1558796718323,0.300606563288856,85.61,6,40968.8743044528,4,0.0098830789264511,9409
Significant_Damage_And_Fatalities,82.2374429223744,7,0,59.3892433910666,0.364796970789758,83.08,6,30551.9144715984,2,0.00756716995374567,8437
Highly_Fatal_And_Damaging,58.3561643835616,4,2,75.1595259799453,0.249759105661738,79.76,3,28201.7353365839,1,0.141000605097377,11660
Minor_Damage_And_Injuries,48.1735159817352,14,14,70.6472196900638,0.370206274792643,79.17,2,42622.3715192289,1,0.578783519836537,10123
Significant_Damage_And_Serious_Injuries,33.2420091324201,15,5,64.2661804922516,0.335226108907321,76.4,6,22429.3371752232,2,0.00500979728337652,6615
Significant_Damage_And_Serious_Injuries,29.1324200913242,16,3,78.8058340929809,0.205402812838081,78.84,6,42630.0016766009,2,0.0105823276581405,5745
Minor_Damage_And_Injuries,42.9223744292237,12,12,43.8012762078396,0.675651640822214,81.74,2,33060.1332212026,3,0.447344516323107,9723
Significant_Damage_And_Serious_Injuries,31.9634703196347,15,3,62.0783956244303,0.344962856112513,82.45,3,26433.2861366269,3,0.131363386693147,9450
Significant_Damage_And_Serious_Injuries,30.3196347031963,16,0,86.9644484958979,0.220548864046159,76.89,3,42630.0016766009,3,0.211596151973155,2190
Highly_Fatal_And_Damaging,26.2100456621005,13,0,63.1722880583409,0.556286332491886,77.59,4,26257.3879229299,2,0.0486066327281578,2702
Highly_Fatal_And_Damaging,17.1689497716895,16,15,75.2506836827712,0.315391994230076,76.6,4,48882.9969470896,1,0.089219107622852,3127
Significant_Damage_And_Serious_Injuries,38.310502283105,13,54,87.4658158614403,0.257692751532636,78.33,7,40762.8132780568,0,0.00359948034871558,8508
Significant_Damage_And_Serious_Injuries,68.675799086758,11,4,46.8094804010939,0.563498737829066,81.12,4,24626.2329864038,2,0.0453323988881035,2645
Minor_Damage_And_Injuries,62.1461187214612,10,6,77.7575205104832,0.241104219257122,84.53,2,25716.0391227479,3,0.35017958188076,8424
Significant_Damage_And_Serious_Injuries,53.4703196347032,9,2,79.8997265268915,0.523469888207717,79.24,6,19446.333912103,1,0.00431639490470017,3354
Significant_Damage_And_Fatalities,40.8675799086758,9,34,46.0802187784868,0.804753696357736,77.55,4,48401.0074043963,1,0.0884973764056748,1096
Significant_Damage_And_Serious_Injuries,22.2831050228311,18,3,68.7784867821331,0.412038225748287,78.33,1,28746.8446050309,2,1.06012201014621,4636
Significant_Damage_And_Serious_Injuries,34.6118721461187,14,6,62.0783956244303,0.330898665705012,78.31,7,22736.3823339225,4,0.00166625715666245,3073
Significant_Damage_And_Fatalities,62.4200913242009,13,29,72.3792160437557,0.30313090515687,80.22,7,32861.2768383276,0,0.00321926666714331,9658
Significant_Damage_And_Fatalities,83.6529680365297,7,0,70.0091157702826,0.463967544175982,80.75,7,34439.546164114,2,0.00300048526359377,9028
Highly_Fatal_And_Damaging,38.4474885844749,17,0,55.0592525068368,0.369485034258925,80.96,2,39482.9418262533,3,0.53352952103577,9403
Highly_Fatal_And_Damaging,17.7168949771689,16,0,58.6144029170465,0.323325640100974,80.03,4,28986.6574792039,3,0.0537586126419105,5363
Minor_Damage_And_Injuries,27.5342465753425,20,13,60.8021877848678,0.407710782545979,78.49,4,37241.4014656805,3,0.0682294487333802,1334
Significant_Damage_And_Fatalities,54.1095890410959,16,15,60.5287146763902,0.370566895059502,76.77,2,38767.3596027457,1,0.530620425913024,5669
Highly_Fatal_And_Damaging,41.4155251141553,9,3,72.0145852324522,0.407710782545979,75.4,3,25279.7240398423,2,0.126257239142653,5737
Highly_Fatal_And_Damaging,9.49771689497717,18,2,71.4220601640839,0.267429498737829,78.16,6,27801.6840675044,2,0.00685754221966388,2606
Significant_Damage_And_Fatalities,36.4383561643836,10,7,56.8824065633546,0.490653443923548,79.99,1,39396.116621502,1,1.44353095461796,9104
Highly_Fatal_And_Damaging,18.310502283105,16,8,62.5341841385597,0.288345474215651,78,7,36059.2215837245,1,0.00318557811251554,587
Minor_Damage_And_Injuries,43.3333333333333,15,5,70.0091157702826,0.547270825820411,76.39,1,21043.0745957428,3,0.770245196670641,6254
Significant_Damage_And_Serious_Injuries,31.9634703196347,15,1,74.567000911577,0.399055896141363,80.67,3,39449.3892372186,2,0.194113958238397,6444
Highly_Fatal_And_Damaging,31.8264840182648,19,0,53.2360984503191,0.492817165524703,79.72,2,37999.3671044333,2,0.515354630386689,4355
Highly_Fatal_And_Damaging,12.9223744292237,17,5,71.3764813126709,0.35686332491886,82.66,4,34711.1482249364,3,0.0630931292208833,2701
Significant_Damage_And_Serious_Injuries,31.2785388127854,16,7,65.1321786690975,0.439084745762712,75.94,7,24411.8291325658,0,0.00243243998136578,5122
Highly_Fatal_And_Damaging,13.6986301369863,17,5,76.3445761166819,0.201435989902632,80.83,4,25245.6347673321,3,0.045618295027618,11343
Highly_Fatal_And_Damaging,47.4885844748858,14,0,56.9735642661805,0.54402524341868,76.44,5,31051.2779663587,2,0.0198462668231589,8900
Minor_Damage_And_Injuries,56.1187214611872,12,18,77.1194165907019,0.243989181391994,76.5,5,18147.483466394,2,0.0108072656643546,4334
Minor_Damage_And_Injuries,46.1187214611872,15,9,84.2752962625342,0.214418319509556,79.93,2,38116.5516912975,1,0.515851431914473,8921
Significant_Damage_And_Fatalities,25.296803652968,14,8,39.8359161349134,0.51878182473855,80.55,1,38783.3566123134,2,1.42869567940064,214
Highly_Fatal_And_Damaging,28.0821917808219,13,2,99.9544211485871,0.372369996393797,78.52,1,36035.1961423479,1,1.32312428555113,6326
Minor_Damage_And_Injuries,50.1826484018265,13,0,67.18322698268,0.293394157951677,83.56,4,14871.6649197146,2,0.0263158471738954,8868
Minor_Damage_And_Injuries,35.2511415525114,18,8,80.4010938924339,0.293394157951677,79.18,2,48352.0147996316,3,0.659387127544305,8572
Significant_Damage_And_Fatalities,53.7442922374429,16,6,50.2734731084777,0.329095564370718,79.28,5,20186.4970862225,2,0.013601554746416,3974
Significant_Damage_And_Serious_Injuries,42.8767123287671,12,10,68.9608021877849,0.331259285971872,79.4,6,28101.3254768902,2,0.00665611796596474,5388
Minor_Damage_And_Injuries,59.9086757990868,11,22,78.5323609845032,0.271035701406419,85.36,2,36493.1943544014,3,0.494990146588943,7084
Significant_Damage_And_Serious_Injuries,20.8675799086758,19,2,71.1941659070192,0.438724125495853,79.72,3,18241.0570937703,2,0.0901689468028183,638
Minor_Damage_And_Injuries,40.7305936073059,13,4,56.517775752051,0.48632600072124,79.99,4,28454.4613989612,1,0.0516703891898946,5781
Significant_Damage_And_Fatalities,27.5342465753425,13,28,50.0911577028259,0.494259646592138,77.74,1,29601.0780584221,1,1.08896280542045,1403
Significant_Damage_And_Fatalities,64.3835616438356,13,7,61.6681859617138,0.344962856112513,77.03,7,21079.2995457879,2,0.00187704738150986,6051
Highly_Fatal_And_Damaging,34.337899543379,11,1,77.2561531449408,0.269953840605842,77.4,4,34310.6178985485,3,0.0634078516306716,1841
Minor_Damage_And_Injuries,34.1552511415525,14,5,38.1039197812215,0.629852866931121,79.92,6,26015.962941191,3,0.00679482108393518,5319
Significant_Damage_And_Serious_Injuries,56.3013698630137,8,0,70.3737465815861,0.330898665705012,85.64,6,40561.6926747208,1,0.0103375714698017,2978
Significant_Damage_And_Serious_Injuries,60.1826484018265,10,7,45.2597994530538,0.520945546339704,81.8,7,21768.7855190636,5,0.00182937609996191,2502
Minor_Damage_And_Injuries,42.3287671232877,12,3,55.9252506836828,0.385352326000721,84.72,3,15092.1179955555,0,0.0756091709686122,4216
Significant_Damage_And_Serious_Injuries,78.2191780821918,9,30,54.0565177757521,0.30313090515687,80.71,7,23192.1558746436,2,0.00212389414099217,11760
Minor_Damage_And_Injuries,33.7899543378995,15,5,54.876937101185,0.365518211323476,77.27,4,28716.2754578791,1,0.0535933280335573,9179
Significant_Damage_And_Serious_Injuries,36.5753424657534,14,11,62.9443938012762,0.321522538766679,79.86,6,27059.9484729937,3,0.00686081877193683,6428
Highly_Fatal_And_Damaging,48.675799086758,7,10,76.9371011850502,0.397974035340786,79.79,4,14552.7349096771,3,0.0277814772558509,517
Minor_Damage_And_Injuries,35.1141552511415,15,7,54.2844120328168,0.551958889289578,79.61,3,39380.2913549638,2,0.19520099345621,1931
Highly_Fatal_And_Damaging,30.1826484018265,12,6,74.9316317228806,0.282936170212766,77.75,4,30077.4161879637,2,0.0542862669246763,11351
Highly_Fatal_And_Damaging,40.7762557077626,16,8,53.0082041932544,0.520945546339704,77.99,1,39565.8344826951,2,1.46134822160589,619
Highly_Fatal_And_Damaging,26.7123287671233,13,6,61.4402917046491,0.444133429498738,75.94,2,32314.577381767,0,0.436714350501206,657
Significant_Damage_And_Serious_Injuries,55.3881278538813,8,2,59.6171376481313,0.451345834835918,77.69,3,24664.5289303028,3,0.122219447167117,1579
Highly_Fatal_And_Damaging,29.0867579908676,13,0,77.7119416590702,0.362272628921745,79.34,4,27433.2558692257,2,0.0499833389656219,13
Significant_Damage_And_Serious_Injuries,50.7762557077626,10,0,68.8240656335461,0.28149368914533,80.53,6,37678.0134576201,1,0.0100253470599817,6443
Significant_Damage_And_Serious_Injuries,36.5753424657534,14,17,76.0255241567913,0.434036062026686,77.39,5,43887.3019722406,2,0.0299674821819734,11672
Minor_Damage_And_Injuries,66.2557077625571,9,1,70.6927985414767,0.390401009736747,76.14,2,33309.9400006456,1,0.451859982865108,6439
Significant_Damage_And_Serious_Injuries,47.5342465753425,11,3,84.0474020054695,0.197108546700325,79.87,3,26757.6656772763,3,0.13411018996452,7365
Significant_Damage_And_Serious_Injuries,32.2374429223744,15,4,64.9498632634458,0.549434547421565,79.46,6,36736.6428204931,2,0.00892252524172122,6404
Highly_Fatal_And_Damaging,32.5570776255708,12,9,48.9061075660894,0.422496213487198,81.89,3,33426.1810266522,1,0.164634007734505,1058
Highly_Fatal_And_Damaging,18.310502283105,16,3,73.1996353691887,0.204320952037505,76.63,1,49396.8764131783,3,1.86385648085953,5933
Minor_Damage_And_Injuries,44.6575342465753,12,1,48.1312670920693,0.670963577353047,79.74,3,47541.0050691026,3,0.233684409670316,4537
Significant_Damage_And_Fatalities,56.2100456621004,15,0,67.6390154968095,0.314310133429499,80.89,2,35237.7775518202,2,0.478473145692437,10106
Significant_Damage_And_Fatalities,25.9817351598173,14,2,49.179580674567,0.51156941940137,79.33,4,13118.5372956393,2,0.0246675180249184,4469