Severity,Safety_Score,Days_Since_Inspection,Total_Safety_Complaints,Control_Metric,Turbulence_In_gforces,Cabin_Temperature,Accident_Type_Code,Max_Elevation,Violations,Adverse_Weather_Metric,Accident_ID
Significant_Damage_And_Fatalities,68.0365296803653,12,1,82.1330902461258,0.309982690227191,79.68,7,46540.2467885055,2,0.00383708389771657,4279
Significant_Damage_And_Serious_Injuries,26.5296803652968,17,15,70.6927985414767,0.276805625676163,79.63,5,32269.0683506148,1,0.0219848426435965,4124
Highly_Fatal_And_Damaging,32.1917808219178,12,0,72.2424794895169,0.32116191849982,76.3,2,38661.0770201153,2,0.52135290526144,8864
Highly_Fatal_And_Damaging,21.4611872146119,15,9,61.5314494074749,0.38571294626758,86.43,1,29033.2942473191,3,1.06520768095319,9149
Highly_Fatal_And_Damaging,35.9817351598173,11,15,71.4676390154968,0.258053371799495,79.85,5,34703.1971894708,3,0.0236396818701965,6351
Highly_Fatal_And_Damaging,46.2557077625571,8,1,71.4220601640839,0.324046880634692,81.32,4,29978.3820723515,1,0.055119247113463,2870
Highly_Fatal_And_Damaging,37.4885844748858,10,6,80.8113035551504,0.219827623512441,80.21,1,16008.7450906877,1,0.589488708275267,9984
Significant_Damage_And_Serious_Injuries,37.2602739726027,14,10,61.6681859617138,0.453509556437072,78.47,6,30858.5431373534,3,0.00796206330656798,3312
Highly_Fatal_And_Damaging,23.013698630137,14,22,60.4831358249772,0.419971871619185,82.39,5,37158.0803037881,0,0.0244045214906998,9358
Significant_Damage_And_Serious_Injuries,40.9132420091324,13,3,89.9726526891523,0.328734944103858,84,5,37242.7749066967,2,0.0244657939434174,3824
Significant_Damage_And_Serious_Injuries,42.8767123287671,12,10,57.8851412944394,0.727941579516768,76.14,3,36159.9008773321,2,0.180019958907003,4074
Significant_Damage_And_Fatalities,38.0365296803653,10,1,53.2360984503191,0.584775333573747,79.58,5,24122.8234182072,1,0.0166987552175787,4400
Minor_Damage_And_Injuries,30.9132420091324,16,4,56.8368277119417,0.586939055174901,78.96,3,28454.4613989612,3,0.141294025778415,8423
Highly_Fatal_And_Damaging,36.0730593607306,11,6,74.2935278030994,0.283657410746484,81.27,4,29518.3315276388,2,0.0528874696253254,3637
Significant_Damage_And_Serious_Injuries,22.3744292237443,18,1,72.7894257064722,0.317195095564371,77.36,3,33108.5121785402,3,0.164679543699548,2988
Significant_Damage_And_Serious_Injuries,30.6849315068493,16,1,70.510483135825,0.331259285971872,76.95,2,36906.1699044834,3,0.501428821012912,10259
Minor_Damage_And_Injuries,59.1780821917808,11,3,78.9425706472197,0.179438153624233,80.97,7,40028.3261414048,3,0.00357848584648968,10268
Highly_Fatal_And_Damaging,53.2420091324201,12,0,40.5195989061076,0.598118283447529,77.25,5,33372.8197860987,4,0.0215975928521873,12199
Highly_Fatal_And_Damaging,44.5205479452055,15,2,40.2917046490429,0.516978723404255,78.4,6,27755.473500689,4,0.00649134340495729,3984
Significant_Damage_And_Serious_Injuries,40.9132420091324,13,1,94.0747493163172,0.18052001442481,77.91,3,36929.4217155852,2,0.184264146382811,6232
Minor_Damage_And_Injuries,38.0365296803653,17,5,80.6745670009116,0.28870609448251,77.91,2,23373.6197676668,1,0.315570346061336,5473
Highly_Fatal_And_Damaging,56.4383561643835,12,4,56.1531449407475,0.458558240173098,84.52,7,32475.3941981611,1,0.00317375662311287,218
Significant_Damage_And_Serious_Injuries,53.7442922374429,9,17,68.3682771194166,0.397974035340786,76.96,3,24023.5877451124,2,0.119606400550729,2506
Significant_Damage_And_Serious_Injuries,50.5479452054795,10,7,66.9097538742024,0.299885322755139,77.51,6,26705.9269085582,3,0.00675229101780232,1494
Minor_Damage_And_Injuries,54.5205479452055,12,1,90.154968094804,0.28509989181392,76.18,2,12595.428881436,1,0.168418281925373,11954
Highly_Fatal_And_Damaging,27.8995433789954,13,10,86.9644484958979,0.265987017670393,80.09,4,26572.9666742821,2,0.0486066327281578,9001
Significant_Damage_And_Fatalities,41.3698630136986,19,4,40.975387420237,0.556286332491886,79.66,1,34325.6150767811,2,1.26281554046516,4643
Minor_Damage_And_Injuries,19.5433789954338,23,7,66.362807657247,0.368403173458348,80.67,4,41232.8372944868,1,0.0751520617256795,9911
Highly_Fatal_And_Damaging,5.20547945205479,20,15,69.7356426618049,0.254447169130905,88.11,3,38605.8448723499,3,0.192011668107536,2748
Significant_Damage_And_Fatalities,62.6940639269406,13,22,72.3792160437557,0.273560043274432,80.39,7,33311.1730562469,3,0.00300586985694696,8017
Significant_Damage_And_Serious_Injuries,33.7442922374429,15,4,67.2743846855059,0.27428128380815,75.55,6,18426.2771409882,3,0.00446187925089134,6291
Significant_Damage_And_Serious_Injuries,37.3059360730594,14,12,66.7730173199635,0.311785791561485,81.56,7,23467.0817843707,3,0.00249428907864665,580
Significant_Damage_And_Serious_Injuries,63.6986301369863,6,0,73.1540565177758,0.260938333934367,82.57,3,31290.5115253014,1,0.157967679969144,5075
Significant_Damage_And_Fatalities,35.2511415525114,11,0,50.8659981768459,0.527076090876307,81.05,4,36885.6979512017,3,0.0670328004795129,3772
Highly_Fatal_And_Damaging,43.3333333333333,9,24,68.003646308113,0.38571294626758,79.54,7,28091.6401071219,1,0.00266818024046381,12276
Significant_Damage_And_Serious_Injuries,51.6438356164384,10,2,84.0018231540565,0.197108546700325,84.83,3,39781.3011260561,2,0.197531127238067,5892
Highly_Fatal_And_Damaging,40.8675799086758,9,0,74.7493163172288,0.334504868373603,79.25,4,27433.2558692257,3,0.0498088897494593,148
Significant_Damage_And_Serious_Injuries,36.027397260274,14,8,71.0574293527803,0.372369996393797,76.76,3,27240.6861862382,0,0.134106923037714,7949
Minor_Damage_And_Injuries,59.4063926940639,11,12,74.4758432087512,0.466131265777136,76.48,2,23642.1995766982,1,0.319962377604897,7720
Highly_Fatal_And_Damaging,9.31506849315068,18,19,80.6289881494986,0.370927515326361,79.69,1,20348.9050245361,0,0.754724921194724,1809
Significant_Damage_And_Fatalities,25.2511415525114,14,3,41.5223336371923,0.735153984853949,79.09,1,57545.3968644389,1,1.97740930519594,11479
Significant_Damage_And_Fatalities,46.2557077625571,19,4,80.4010938924339,0.337029210241615,76.35,2,41494.368499835,2,0.561343946515332,1308
Minor_Damage_And_Injuries,45.4794520547945,11,35,51.0483135824977,0.509766318067075,78.43,7,38382.6155037246,1,0.00365795623306935,3609
Minor_Damage_And_Injuries,47.0319634703196,14,31,78.4867821330902,0.396170934006491,78.47,2,39506.6914240772,0,0.532383164557223,9579
Highly_Fatal_And_Damaging,44.7945205479452,8,8,62.2607110300821,0.330898665705012,78.47,4,22288.6163690367,3,0.0408942878895581,4872
Significant_Damage_And_Serious_Injuries,47.8995433789954,11,0,63.9927073837739,0.201435989902632,78.72,3,41385.3685846249,3,0.203121083428734,739
Minor_Damage_And_Injuries,25.5707762557078,18,7,55.2871467639016,0.647523260007212,82.2,4,43803.4361082034,1,0.0803234247115428,11782
Minor_Damage_And_Injuries,20.5936073059361,19,14,29.4439380127621,0.606412549585286,80.71,6,46104.7029866108,0,0.0113283291184958,5046
Significant_Damage_And_Fatalities,39.6803652968037,10,6,54.3755697356427,0.192059862964299,86.98,4,26187.9483800894,4,0.0477405439382814,5488
Significant_Damage_And_Serious_Injuries,55.1141552511415,9,18,63.9015496809481,0.339914172376487,77.85,7,48569.5562852462,1,0.00449290359555931,7
Minor_Damage_And_Injuries,41.7351598173516,16,3,72.4247948951687,0.240743598990263,89.51,2,27720.6039256864,1,0.378036720539273,6722
Significant_Damage_And_Serious_Injuries,31.0958904109589,16,7,68.5961713764813,0.228843130183916,79.47,3,34016.7896094001,0,0.170265585090925,4827
Significant_Damage_And_Serious_Injuries,40.7762557077626,13,6,65.9070191431176,0.337750450775333,77.28,3,33184.1078820385,1,0.166305014653227,2026
Minor_Damage_And_Injuries,46.027397260274,15,24,82.0419325432999,0.318276956364948,87.79,7,20238.6378843825,1,0.00203327570840989,11173
Minor_Damage_And_Injuries,44.337899543379,15,5,59.8906107566089,0.33883231157591,80.39,2,25874.9657521701,2,0.35017958188076,689
Significant_Damage_And_Serious_Injuries,55.3424657534247,8,8,70.8295350957156,0.424299314821493,76.98,7,34199.8915692623,2,0.00327379124862773,4880
Highly_Fatal_And_Damaging,30.3196347031963,12,6,74.9316317228806,0.201796610169491,77.75,7,36804.6806506269,1,0.00337829937705446,7681
Minor_Damage_And_Injuries,68.7671232876712,8,15,61.6226071103008,0.532124774612333,77.62,2,29071.495945068,1,0.396597669651901,2795
Significant_Damage_And_Fatalities,46.8493150684931,7,10,45.3965360072927,0.745972592859718,76.48,7,35644.9882739355,2,0.00321926666714331,3553
Significant_Damage_And_Fatalities,46.1187214611872,8,15,56.4721969006381,0.39292535160476,77,4,38524.2271801827,1,0.070322073016045,5605
Highly_Fatal_And_Damaging,40.8675799086758,9,4,72.0145852324522,0.516978723404255,78.56,6,37292.1290296158,1,0.0084067327022918,5136
Highly_Fatal_And_Damaging,19.6803652968037,16,0,66.5907019143118,0.380303642264695,81.64,4,40231.6795447782,1,0.0742383861271261,12453
Minor_Damage_And_Injuries,52.1917808219178,13,8,69.4165907019143,0.335586729174179,77.22,2,50046.078356214,1,0.680017846372208,6101
Highly_Fatal_And_Damaging,56.8493150684931,5,4,69.4165907019143,0.463967544175982,78.46,4,30372.7583025121,2,0.055607103600453,10337
Highly_Fatal_And_Damaging,31.2328767123288,12,13,60.4831358249772,0.566023079697079,78.42,4,48746.7218828066,3,0.0879618931719142,6470
Highly_Fatal_And_Damaging,36.62100456621,11,7,68.5050136736554,0.319358817165525,80.96,5,27416.8061676674,2,0.0179458235336835,8675
Minor_Damage_And_Injuries,41.7351598173516,16,6,81.0391978122151,0.365157591056617,78.32,2,9023.69269986881,1,0.122686904109192,609
Significant_Damage_And_Fatalities,44.4748858447489,8,3,47.3108477666363,0.444133429498738,83.01,2,40580.5502390022,1,0.550393965793601,1167
Significant_Damage_And_Serious_Injuries,62.1004566210046,6,1,63.126709206928,0.551958889289578,78.28,2,34473.7994438458,1,0.466552141197506,4649
Highly_Fatal_And_Damaging,27.8538812785388,13,3,61.2123974475843,0.416726289217454,75.94,1,31038.9017902922,0,1.15029899197345,552
Highly_Fatal_And_Damaging,13.7899543378995,17,3,62.5341841385597,0.258413992066354,76.55,4,31180.6080761859,0,0.0577759264269542,6028
Minor_Damage_And_Injuries,51.0045662100457,10,2,49.0884229717411,0.418529390551749,81.93,3,34338.0617266168,1,0.171753655949522,12313
Highly_Fatal_And_Damaging,23.9269406392694,14,1,89.9726526891523,0.297000360620267,81.94,4,27179.0519600046,2,0.0499952747001813,1825
Significant_Damage_And_Serious_Injuries,48.2648401826484,10,7,86.8277119416591,0.199632888568337,83.55,6,32708.1391417124,4,0.00777768958322876,7379
Minor_Damage_And_Injuries,47.1232876712329,11,20,55.2871467639016,0.438002884962135,79.72,1,20241.6205619461,0,0.741000085873413,9635
Highly_Fatal_And_Damaging,68.1278538812785,8,1,53.2360984503191,0.457476379372521,83.58,2,20482.4787022466,1,0.273440189207303,12272
Minor_Damage_And_Injuries,43.1963470319635,15,0,77.4840474020055,0.256971510998918,83.51,2,23048.7900757948,3,0.311425647542448,12102
Significant_Damage_And_Serious_Injuries,40.3196347031963,13,9,58.8422971741112,0.531042913811756,82.64,2,36933.8446810816,2,0.503141110685375,9280
Minor_Damage_And_Injuries,35.2511415525114,18,8,74.8860528714676,0.281133068878471,78.92,4,25262.9323082404,0,0.0462843448938988,11322
Highly_Fatal_And_Damaging,52.2374429223744,9,2,72.5615314494075,0.430069239091237,78.13,2,9023.69269986881,2,0.12212240073769,7002
Significant_Damage_And_Serious_Injuries,69.8630136986301,8,1,45.3965360072927,0.476589253516048,77.46,3,46418.3805063549,2,0.231845913463668,4411
Highly_Fatal_And_Damaging,12.9680365296804,17,14,68.003646308113,0.419611251352326,78.95,4,29273.781013177,3,0.0525850364388885,4750
Significant_Damage_And_Serious_Injuries,49.5890410958904,10,14,73.9744758432088,0.334865488640461,80.65,3,17443.6548671994,4,0.0875982172101418,3864
Highly_Fatal_And_Damaging,61.0502283105023,10,1,52.1877848678213,0.492456545257843,75.88,2,42394.6313282581,4,0.576638955270359,6823
Significant_Damage_And_Serious_Injuries,36.4383561643836,14,2,67.0009115770283,0.352535881716553,80.9,6,40992.6166731397,2,0.00992998080917035,4140
Minor_Damage_And_Injuries,56.2557077625571,11,40,72.4703737465816,0.17330760908763,81.88,2,30271.1947677453,2,0.409147604414216,3483
Minor_Damage_And_Injuries,40.7305936073059,16,7,60.1640838650866,0.279690587811035,79.45,2,46987.9302589798,2,0.63572924303053,7931
Highly_Fatal_And_Damaging,27.8538812785388,13,3,67.2743846855059,0.223433826181031,81.26,2,23291.3274000395,4,0.315041983474647,11476
Significant_Damage_And_Serious_Injuries,68.6301369863014,11,1,52.8258887876026,0.363354489722322,82.81,7,36104.8569903325,3,0.00302253034884826,155
Significant_Damage_And_Serious_Injuries,33.0593607305936,15,2,62.0328167730173,0.386794807068157,83.19,3,26459.3327304016,1,0.130516892553366,3714
Minor_Damage_And_Injuries,20.4109589041096,19,5,47.9489516864175,0.510126938333934,77.78,3,44292.0072613337,2,0.221846344719795,12158
Minor_Damage_And_Injuries,52.5114155251141,13,11,69.9179580674567,0.369124413992066,80.03,2,43971.7104530714,2,0.592637233865426,965
Highly_Fatal_And_Damaging,15.4337899543379,17,5,63.9015496809481,0.287624233681933,79.85,3,39760.7683448495,2,0.198115802383051,11546
Highly_Fatal_And_Damaging,37.5799086757991,10,1,87.4658158614403,0.16284962134872,80.65,4,37374.0515759079,3,0.0688968672168701,12027
Significant_Damage_And_Serious_Injuries,26.4383561643836,17,13,57.5205104831358,0.496423368193292,82.34,3,19391.6963047019,2,0.0941747741034185,11066
Significant_Damage_And_Serious_Injuries,25.2511415525114,17,9,76.8003646308113,0.306737107825459,79.63,6,41468.3975005761,3,0.0100998662573888,3250
Minor_Damage_And_Injuries,39.8173515981735,17,0,64.2661804922516,0.448460872701046,76.9,4,28029.8302949651,1,0.0523085891514352,10137
Minor_Damage_And_Injuries,50.4109589041096,13,6,69.5533272561531,0.438002884962135,78.22,3,20186.4970862225,2,0.0983522686654718,10153
Significant_Damage_And_Fatalities,54.1095890410959,16,2,60.1185050136736,0.268150739271547,81.62,7,23792.1086071282,5,0.00249194310440311,1966
Minor_Damage_And_Injuries,41.324200913242,16,4,61.8505013673656,0.52960043274432,80.25,7,35247.2887973971,1,0.0033344237495031,12273
Highly_Fatal_And_Damaging,43.6529680365297,9,5,79.3072014585233,0.383909844933285,88.67,4,12666.7712047322,2,0.0232000007272091,6471
Significant_Damage_And_Serious_Injuries,35.0228310502283,14,4,61.5770282588879,0.435117922827263,87.44,5,26433.2861366269,0,0.0193100351190768,12322
Highly_Fatal_And_Damaging,29.5890410958904,13,8,99.4986326344576,0.256971510998918,80.98,4,18890.3647373847,1,0.0340977244601301,9769
Highly_Fatal_And_Damaging,29.5433789954338,13,3,80.4466727438469,0.396892174540209,77.27,1,45265.3882053258,2,1.67014303265183,8545
Highly_Fatal_And_Damaging,21.2328767123288,15,5,65.587967183227,0.391843490804183,80.42,4,35808.7534386445,3,0.0648147786182977,835
Highly_Fatal_And_Damaging,21.0045662100457,15,29,63.9015496809481,0.379582401730977,76.22,4,49864.1333731725,1,0.0905402526442483,9943
Significant_Damage_And_Serious_Injuries,45.7534246575342,11,17,69.9179580674567,0.354699603317706,79.86,3,28555.3581071901,1,0.142969916949184,4623
Significant_Damage_And_Serious_Injuries,53.7442922374429,9,3,75.7064721969006,0.370927515326361,76.56,3,32649.4625071351,1,0.161430274694412,3101
Significant_Damage_And_Fatalities,59.6803652968037,14,11,79.3072014585233,0.272838802740714,77.41,6,28658.6331440388,4,0.00703789993713464,7529
Highly_Fatal_And_Damaging,23.1050228310502,14,2,60.4831358249772,0.330538045438154,81.78,1,21202.4057836347,3,0.778303322545451,8940
Minor_Damage_And_Injuries,50.4109589041096,13,20,66.7730173199635,0.417808150018031,86.36,2,32017.1188487045,1,0.432637459972526,8694
Highly_Fatal_And_Damaging,23.5616438356164,14,3,67.8213309024613,0.158882798413271,79.94,7,31278.3864504925,1,0.00291565708772621,2431
Significant_Damage_And_Serious_Injuries,54.6575342465753,9,3,68.1403828623519,0.280411828344753,78.11,6,26340.2994819596,2,0.00656903894305681,9994
Significant_Damage_And_Fatalities,84.3835616438356,7,1,42.9808568824066,0.505078254597908,79.6,7,16039.4043850768,2,0.0011026362175773,10788
Highly_Fatal_And_Damaging,27.8538812785388,13,10,86.9644484958979,0.263823296069239,80.98,1,34035.0816055846,3,1.25007868278081,3774
Significant_Damage_And_Fatalities,33.9269406392694,11,1,55.1048313582498,0.38931914893617,79.4,7,49219.0617824752,3,0.00480480829412016,5469
Significant_Damage_And_Fatalities,48.6301369863014,17,1,63.6736554238833,0.379221781464118,81.27,7,45031.0840390284,2,0.00397778701683289,9971
Minor_Damage_And_Injuries,32.5570776255708,15,1,56.1987237921604,0.453509556437072,81.93,2,36109.0128717011,4,0.489011562768232,8050
Significant_Damage_And_Serious_Injuries,39.8173515981735,13,26,64.8131267092069,0.485604760187523,77.39,3,37657.6872093112,2,0.187105192249461,1671
Significant_Damage_And_Fatalities,38.7671232876712,10,2,37.8304466727438,0.571071763433105,83,4,33871.586283706,1,0.0621297655704834,5771
Significant_Damage_And_Serious_Injuries,98.4018264840183,3,26,55.0592525068368,0.475868012982329,79.26,7,29830.8511379732,2,0.00262759331216413,5270
Significant_Damage_And_Serious_Injuries,77.3059360730594,8,4,48.2680036463081,0.598839523981248,81.81,7,28535.2624015247,4,0.00278932339913356,6417
Significant_Damage_And_Serious_Injuries,46.1643835616438,11,8,67.4111212397448,0.37489433826181,76.37,1,14096.2612551949,2,0.502479778109646,6508
Highly_Fatal_And_Damaging,12.4657534246575,18,9,55.6973564266181,0.505799495131626,77.51,1,34469.924982876,2,1.2684727108881,11539
Significant_Damage_And_Serious_Injuries,51.0045662100457,10,7,69.7812215132179,0.349290299314821,79.69,1,36731.4594114037,2,1.36336943621395,11409
Highly_Fatal_And_Damaging,16.8036529680365,16,15,67.7301731996354,0.231367472051929,77.74,4,29368.5496527533,3,0.0537163727417456,6586
Highly_Fatal_And_Damaging,56.5296803652968,11,10,88.0583409298086,0.184486837360259,79.76,2,35847.895873568,2,0.485770798439809,12233
Minor_Damage_And_Injuries,36.3470319634703,17,0,70.2370100273473,0.357223945185719,84.1,5,41920.2471614135,2,0.0283736145115423,7264
Significant_Damage_And_Fatalities,27.4429223744292,13,6,55.5150410209663,0.418529390551749,80,7,32002.9157562489,3,0.00288440827898333,6109
Highly_Fatal_And_Damaging,53.7899543378995,9,3,80.0820419325433,0.289427335016228,81.61,4,28024.9763079592,3,0.0519373150685612,5728
Significant_Damage_And_Serious_Injuries,34.4292237442922,14,13,89.4257064721969,0.200354129102055,79.58,4,26959.5819051962,3,0.0490314461556636,628
Minor_Damage_And_Injuries,45.0228310502283,15,3,80.8568824065634,0.28870609448251,77.56,6,24842.6498966652,3,0.00605352371381768,7754
Significant_Damage_And_Fatalities,58.8584474885845,14,7,78.5323609845032,0.391482870537324,78.51,2,9023.69269986881,1,0.12212240073769,6374
Minor_Damage_And_Injuries,43.3333333333333,15,5,70.0091157702826,0.501472051929318,75.01,2,61815.4982895265,1,0.746908740126634,8684
Significant_Damage_And_Serious_Injuries,39.3150684931507,13,13,71.8778486782133,0.314310133429499,79.53,6,38733.2954698762,2,0.0102283737080731,4299
Significant_Damage_And_Fatalities,58.310502283105,4,10,41.79580674567,0.735153984853949,82.16,7,28384.5263097579,1,0.0026777424402933,5956
Significant_Damage_And_Serious_Injuries,24.3835616438356,17,12,74.7493163172288,0.335586729174179,77.62,3,17884.8085447038,2,0.0917993426892184,198
Highly_Fatal_And_Damaging,24.337899543379,14,6,59.6171376481313,0.267429498737829,76.93,4,31278.3864504925,2,0.0575557829885468,1456
Significant_Damage_And_Serious_Injuries,63.8356164383562,6,5,80.4010938924339,0.502914532996754,83.99,3,30869.211770024,2,0.154595209902065,1410
Significant_Damage_And_Serious_Injuries,53.7442922374429,9,6,73.8833181403829,0.369485034258925,81.02,3,5573.65221329357,3,0.0447153366816364,7364
Highly_Fatal_And_Damaging,20.1826484018265,15,0,64.1294439380128,0.31358889289578,82.53,3,30363.1407518457,1,0.15173451332276,6478
Minor_Damage_And_Injuries,57.6712328767123,11,1,83.9106654512306,0.274641904075009,78.46,2,44244.903458707,3,0.600082621498808,2314
Significant_Damage_And_Fatalities,78.675799086758,8,1,73.7010027347311,0.277166245943022,82.49,1,36493.1943544014,2,1.32566078193503,9707
Significant_Damage_And_Serious_Injuries,76.3926940639269,10,3,51.0027347310848,0.62660728452939,81.08,7,29654.872160627,3,0.00285921279661085,12348
Significant_Damage_And_Fatalities,55.9360730593607,15,5,80.355515041021,0.243628561125135,80.09,7,31177.1180134519,2,0.0028145064509431,11961
Highly_Fatal_And_Damaging,22.2374429223744,15,7,70.3281677301732,0.379582401730977,77.03,3,27897.8067021377,1,0.138981059396441,6057
Significant_Damage_And_Serious_Injuries,44.337899543379,12,4,67.7757520510483,0.262741435268662,80.44,1,29763.1841640457,4,1.0902659809403,12285
Highly_Fatal_And_Damaging,33.2420091324201,11,9,66.3172288058341,0.450263974035341,80.27,4,46847.45838576,2,0.0853073956125315,8533
Minor_Damage_And_Injuries,46.6666666666667,14,21,78.4867821330902,0.450263974035341,85.04,2,20228.1228705605,1,0.27379814127354,8077
Highly_Fatal_And_Damaging,4.79452054794521,20,9,58.7511394712853,0.609658131987018,83.36,4,44977.6137603199,1,0.082057235069279,10998
Highly_Fatal_And_Damaging,29.1780821917808,13,4,82.2242479489517,0.199993508835196,82.43,6,38579.0666059346,1,0.00941040617354535,650
Significant_Damage_And_Fatalities,35.2054794520548,11,3,45.1686417502279,0.382467363865849,76.05,2,27376.1722427695,4,0.368316843602281,10453
Significant_Damage_And_Serious_Injuries,56.8949771689498,8,10,66.2716499544212,0.41095636494771,82.66,3,31143.0404321038,3,0.153635639691209,5517
Highly_Fatal_And_Damaging,35.9817351598173,11,1,76.4813126709207,0.281133068878471,79.17,3,33319.4538870578,3,0.164857538935295,12033
Highly_Fatal_And_Damaging,25.1141552511416,14,43,57.6116681859617,0.393285971871619,81.89,4,34608.2943986072,1,0.0630931292208833,2410
Significant_Damage_And_Fatalities,22.9223744292237,14,7,49.8632634457612,0.354699603317706,77.09,6,48298.9454839267,3,0.0115453696276444,7458
Minor_Damage_And_Injuries,45.3424657534247,15,31,70.8295350957156,0.339914172376487,78.04,4,14736.0329751579,2,0.0277814772558509,10427
Significant_Damage_And_Serious_Injuries,52.283105022831,6,7,60.0273473108478,0.342799134511359,79.56,6,40156.8143732675,4,0.0102550034172396,9522
Minor_Damage_And_Injuries,38.4474885844749,13,11,52.5524156791249,0.610018752253877,78.86,3,21681.6612670211,3,0.108846238259293,4970
Significant_Damage_And_Fatalities,73.607305936073,10,1,61.2123974475843,0.331980526505589,75.35,7,27060.7287356691,2,0.00216645188959327,4483
Highly_Fatal_And_Damaging,19.7716894977169,15,3,54.5578851412944,0.374533717994951,81.06,1,36960.6585261922,2,1.35974356514467,6489
Highly_Fatal_And_Damaging,30.0913242009132,13,4,60.0273473108478,0.330538045438154,78.2,4,24720.9693935259,3,0.0463365072382216,6873
Highly_Fatal_And_Damaging,38.4474885844749,10,7,77.1649954421149,0.269953840605842,82.73,4,30912.0810024168,2,0.0566174512939566,10510
Highly_Fatal_And_Damaging,40.6849315068493,16,8,55.1048313582498,0.307097728092319,81.7,2,35098.2780197552,1,0.4741097524186,1001
Minor_Damage_And_Injuries,41.0045662100457,16,23,76.253418413856,0.377058059862964,78.47,5,37862.9199927159,1,0.0257192489346566,4166
Highly_Fatal_And_Damaging,53.2420091324201,12,0,55.5606198723792,0.491374684457266,78.83,2,35000.8621054718,0,0.473525440021114,3936
Highly_Fatal_And_Damaging,34.0639269406393,11,0,81.7228805834093,0.28509989181392,83.62,4,30336.1814847037,2,0.0560558043214879,10040
Significant_Damage_And_Serious_Injuries,52.4200913242009,9,8,61.0756608933455,0.342799134511359,78.4,6,29545.4263401468,1,0.00752627012290646,1162
Highly_Fatal_And_Damaging,42.6940639269406,9,22,32.4977210574293,0.870025964659213,77.64,2,37920.6754100736,1,0.513039501471087,4749
Significant_Damage_And_Fatalities,58.0365296803653,14,3,66.7274384685506,0.192781103498016,81.96,7,25419.8015193351,2,0.00209934289166878,9974
Significant_Damage_And_Fatalities,50.2739726027397,17,14,59.7994530537831,0.300245943021998,81.73,7,27823.0505835169,0,0.00243338404986988,5773
Minor_Damage_And_Injuries,27.945205479452,20,8,72.6526891522334,0.417447529751172,81.02,4,52614.2874326368,3,0.0966690299438388,12293
Significant_Damage_And_Fatalities,64.2009132420091,13,29,64.6763901549681,0.27788748647674,80.39,7,38466.937091707,1,0.00354687186076007,5315
Minor_Damage_And_Injuries,46.027397260274,15,24,70.8295350957156,0.424299314821493,76.92,7,39722.0683812798,2,0.00346277084197133,11717
Highly_Fatal_And_Damaging,28.9041095890411,13,4,58.2953509571559,0.328734944103858,77.2,4,30464.2328578244,4,0.0557229960185177,4226
Minor_Damage_And_Injuries,38.4474885844749,17,9,73.746581586144,0.294836639019113,81.62,4,17117.8257190775,2,0.0311441175214931,2479
Highly_Fatal_And_Damaging,36.4383561643836,10,3,68.4138559708295,0.400498377208799,80.98,4,35320.9454536098,1,0.0656325412261426,6198
Highly_Fatal_And_Damaging,36.7579908675799,11,0,73.746581586144,0.291591056617381,81.27,4,32729.3914910183,3,0.0605695652954106,3479
Significant_Damage_And_Fatalities,36.0730593607306,11,3,53.7374658158614,0.345684096646231,78.29,4,38480.876632856,2,0.0702953918638819,10284
Significant_Damage_And_Serious_Injuries,41.689497716895,13,9,83.59161349134,0.214418319509556,80.92,6,34665.4617777329,2,0.0092353588658826,11292
Significant_Damage_And_Serious_Injuries,54.6575342465753,9,3,72.4247948951687,0.270314460872701,77.96,6,29454.4715561768,1,0.00736580058368986,1388
Minor_Damage_And_Injuries,37.0776255707762,17,15,71.330902461258,0.414201947349441,76.33,5,34921.555305988,2,0.0233909421221586,2499
Significant_Damage_And_Serious_Injuries,47.4429223744292,11,3,74.5214220601641,0.328734944103858,76.87,6,26734.0140324126,2,0.0065306456156929,3950
Significant_Damage_And_Serious_Injuries,27.8538812785388,17,1,57.2926162260711,0.439805986296429,79.81,7,13671.3751225996,3,0.00129983141772071,3342
Highly_Fatal_And_Damaging,64.1552511415525,9,18,41.5223336371923,0.575759826902272,77.08,2,38139.8518402774,4,0.515354630386689,11522
Significant_Damage_And_Serious_Injuries,23.6986301369863,18,0,81.2215132178669,0.201075369635773,88.93,3,27720.6039256864,2,0.137332930641688,7818
Significant_Damage_And_Serious_Injuries,51.6438356164384,10,0,60.3463992707384,0.444133429498738,82.73,5,20265.0426177619,2,0.0141300920233201,7388
Highly_Fatal_And_Damaging,4.29223744292237,20,0,77.3473108477666,0.23461305445366,76.44,1,27416.3947488109,1,1.00601550493634,2940
Highly_Fatal_And_Damaging,36.7579908675799,10,0,79.8997265268915,0.289427335016228,79.71,4,51844.9407708145,2,0.0958258956683562,1734
Minor_Damage_And_Injuries,36.3013698630137,17,1,71.5587967183227,0.19494482509917,76.11,6,40239.8802618811,2,0.00982820470918574,11252
Significant_Damage_And_Serious_Injuries,50.7305936073059,10,16,70.1914311759344,0.394007212405337,76.98,3,20375.8154327724,3,0.101046350893538,9873
Highly_Fatal_And_Damaging,52.7397260273972,6,1,63.6736554238833,0.301688424089434,74.85,4,18426.2771409882,2,0.0345989099006415,3685