Severity,Safety_Score,Days_Since_Inspection,Total_Safety_Complaints,Control_Metric,Turbulence_In_gforces,Cabin_Temperature,Accident_Type_Code,Max_Elevation,Violations,Adverse_Weather_Metric,Accident_ID
Significant_Damage_And_Fatalities,70.4109589041096,11,14,40.154968094804,0.261659574468085,81.84,7,19333.5256049062,4,0.00165483628932035,775
Minor_Damage_And_Injuries,38.7671232876712,17,2,68.003646308113,0.253004688063469,83.6,7,33951.338673945,3,0.00311862643459303,4686
Significant_Damage_And_Serious_Injuries,37.1689497716895,14,7,62.1239744758432,0.42177497295348,78.09,4,30858.5431373534,3,0.0566664273024785,11381
Significant_Damage_And_Fatalities,72.5570776255708,10,1,69.8268003646308,0.263823296069239,79.93,7,26338.7273242953,2,0.00243727393194409,4402
Highly_Fatal_And_Damaging,28.675799086758,20,0,56.8368277119417,0.378139920663541,84.82,1,26365.3863181768,1,0.9710988332523,5686
Highly_Fatal_And_Damaging,47.351598173516,14,8,45.897903372835,0.623001081860801,85.1,3,45760.7560852147,2,0.227253121797105,5732
Minor_Damage_And_Injuries,53.9269406392694,12,23,50.8659981768459,0.500390191128741,77.91,2,31318.3861110589,1,0.423631715612385,10346
Significant_Damage_And_Fatalities,25.6164383561644,14,7,56.1531449407475,0.523469888207717,84.45,3,38780.390941521,3,0.193090443884492,1322
Significant_Damage_And_Serious_Injuries,37.4885844748858,14,0,73.1540565177758,0.27788748647674,78.11,3,29660.9634883589,1,0.147855294184092,5037
Highly_Fatal_And_Damaging,29.8630136986301,12,6,74.9316317228806,0.265626397403534,77,1,33036.6523319837,2,1.2138584565258,897
Minor_Damage_And_Injuries,42.283105022831,16,28,65.1321786690975,0.248316624594302,83.03,2,23749.0360451638,3,0.318991757762705,11866
Highly_Fatal_And_Damaging,37.4885844748858,10,12,69.9179580674567,0.237858636855391,79.16,4,26338.7273242953,2,0.0480000313191448,2624
Significant_Damage_And_Serious_Injuries,34.7488584474886,14,5,78.8058340929809,0.302770284890011,84.48,6,51862.7961315608,2,0.0126013358091873,837
Significant_Damage_And_Serious_Injuries,32.2374429223744,15,4,76.0255241567913,0.316473855030653,78.95,6,40538.7808167345,2,0.0100127073666848,2547
Significant_Damage_And_Serious_Injuries,18.9497716894977,19,0,64.3573381950775,0.256610890732059,84.43,6,26247.7092999525,1,0.00645951923367222,12151
Minor_Damage_And_Injuries,46.3470319634703,15,0,67.8669097538742,0.395810313739632,76.95,2,32848.2932837612,3,0.442314977408644,4115
Highly_Fatal_And_Damaging,42.9680365296804,9,24,80.0820419325433,0.40374395961053,76.21,7,25796.9485308804,2,0.00248905628236379,1278
Significant_Damage_And_Serious_Injuries,31.1415525114155,15,0,84.8678213309025,0.203960331770645,76.41,4,35535.2005207219,0,0.0651636744257849,11958
Highly_Fatal_And_Damaging,20.2283105022831,15,3,66.9097538742024,0.416365668950595,80.85,4,24651.9666266097,2,0.046132903592417,4702
Minor_Damage_And_Injuries,45.2054794520548,15,8,67.0920692798541,0.385352326000721,80.42,5,40406.3063322322,1,0.0279580962570193,8807
Significant_Damage_And_Serious_Injuries,31.1415525114155,16,5,68.5961713764813,0.228843130183916,81.34,1,40821.1958847229,1,1.50398754286448,12319
Minor_Damage_And_Injuries,70,11,7,64.9954421148587,0.52599423007573,78.67,2,25033.3668940275,2,0.338607930649641,3218
Minor_Damage_And_Injuries,42.4657534246575,16,2,63.9015496809481,0.378139920663541,77.17,2,46974.390404833,2,0.637636244705519,8041
Highly_Fatal_And_Damaging,34.4292237442922,11,9,89.4257064721969,0.200354129102055,79.16,2,21123.6615107182,3,0.28708841944468,10594
Highly_Fatal_And_Damaging,11.8264840182648,18,5,89.8814949863263,0.481637937252074,81.97,1,26991.8380389602,2,1.00725096824699,2095
Highly_Fatal_And_Damaging,29.4063926940639,13,5,70.9206927985415,0.430790479624955,77.09,1,33393.5930883868,2,1.22964533075899,4678
Highly_Fatal_And_Damaging,23.9269406392694,14,1,71.0574293527803,0.482359177785791,81.72,4,29830.019294451,2,0.0543696861900085,7986
Minor_Damage_And_Injuries,58.4018264840183,11,4,71.7411121239745,0.354699603317706,78.03,2,25723.8293580535,3,0.348853856288148,2851
Minor_Damage_And_Injuries,48.9954337899543,14,6,70.8751139471286,0.467573746844573,77.2,6,38151.5060215647,1,0.0103375714698017,11050
Significant_Damage_And_Serious_Injuries,50.2739726027397,17,7,54.7857793983592,0.309622069960331,79.31,2,30190.7653146865,2,0.407910453312984,8143
Highly_Fatal_And_Damaging,46.027397260274,8,8,68.5050136736554,0.417447529751172,81.44,4,29261.0724381254,1,0.0531772420885427,5219
Minor_Damage_And_Injuries,58.675799086758,11,5,68.1403828623519,0.21297583844212,80.63,2,26755.0079413697,3,0.362925272467254,3448
Minor_Damage_And_Injuries,46.2100456621004,15,15,83.8195077484048,0.263823296069239,78.92,2,25487.6050171112,3,0.347029390462293,9238
Minor_Damage_And_Injuries,24.0639269406393,22,4,73.0173199635369,0.265987017670393,76.63,7,29660.9634883589,4,0.00279527608367061,7595
Minor_Damage_And_Injuries,65.7534246575342,9,0,75.7064721969006,0.224876307248467,79.2,2,19550.4236118066,0,0.254538380918956,7246
Minor_Damage_And_Injuries,29.2237442922374,16,7,54.4667274384686,0.410235124413992,85.17,3,35285.2690352296,2,0.176294827944636,11827
Significant_Damage_And_Fatalities,53.7442922374429,16,2,74.7948951686418,0.325489361702128,83.07,7,48535.6561942994,0,0.00476454771995168,7883
Highly_Fatal_And_Damaging,41.7808219178082,9,3,58.5232452142206,0.304573386224305,80.64,4,27518.7235157539,2,0.0497094031861019,8055
Minor_Damage_And_Injuries,32.8767123287671,18,3,54.3755697356427,0.527797331410025,79.1,4,29487.099203913,2,0.0523874971383086,7881
Significant_Damage_And_Serious_Injuries,46.1643835616438,11,7,72.105742935278,0.351454020915975,77.86,5,35974.8217427248,3,0.0245984678638604,66
Highly_Fatal_And_Damaging,54.7945205479452,12,5,39.8814949863264,0.676733501622791,79.89,6,37292.1290296158,1,0.00910387785121973,4709
Significant_Damage_And_Fatalities,73.1050228310502,10,1,84.5487693710119,0.298442841687703,78.64,7,33601.5718975099,2,0.00332942826290784,10858
Significant_Damage_And_Serious_Injuries,76.3926940639269,10,1,55.9252506836828,0.456394518571944,85.02,7,50713.1701646172,2,0.00449290359555931,6010
Highly_Fatal_And_Damaging,32.5570776255708,12,7,64.2661804922516,0.324046880634692,79.15,6,28783.699290521,2,0.00751640494849503,8808
Significant_Damage_And_Fatalities,32.6940639269406,12,3,54.6946216955333,0.404104579877389,77.9,5,33249.3810676588,1,0.0217946673291327,11540
Highly_Fatal_And_Damaging,31.0958904109589,12,25,73.1996353691887,0.325489361702128,77.26,4,39140.6113678675,0,0.0718018696549619,2163
Significant_Damage_And_Fatalities,30.6392694063927,13,3,56.2898814949863,0.466491886043996,79.05,4,43852.8453519078,4,0.0807511705606393,524
Highly_Fatal_And_Damaging,30.5022831050228,12,1,56.8824065633546,0.555204471691309,78.63,3,38800.9673142313,2,0.192477284009883,10890
Minor_Damage_And_Injuries,50.3196347031963,13,5,70.2825888787603,0.546188965019834,97.51,7,31300.0657151633,1,0.00277618537959387,695
Significant_Damage_And_Serious_Injuries,39.1780821917808,13,3,79.2160437556974,0.296639740353408,83.21,3,26346.5048146761,3,0.131363386693147,297
Significant_Damage_And_Serious_Injuries,41.689497716895,13,6,67.3655423883318,0.372369996393797,82.33,4,29628.1684072965,3,0.055088709360491,7071
Significant_Damage_And_Fatalities,73.2876712328767,10,6,60.5742935278031,0.220548864046159,81.26,5,33111.5733657375,2,0.0216476009652135,3131
Significant_Damage_And_Serious_Injuries,73.1050228310502,9,4,45.3965360072927,0.63742589253516,78.37,7,30305.5164786489,2,0.00265908783298855,7266
Minor_Damage_And_Injuries,50.5479452054795,13,0,70.4193254329991,0.296279120086549,81.14,5,40360.2154058748,3,0.0272071381784127,6183
Minor_Damage_And_Injuries,44.5205479452055,15,0,75.8432087511395,0.33883231157591,78.91,2,25688.5204959083,2,0.347298540906663,6909
Highly_Fatal_And_Damaging,32.7397260273973,12,7,74.2935278030994,0.232809953119365,76.99,1,29123.2583793699,2,1.08896280542045,10283
Highly_Fatal_And_Damaging,28.0821917808219,13,8,66.5451230628988,0.305294626758024,78.11,4,40524.8951127185,3,0.0743422954353934,5049
Significant_Damage_And_Fatalities,25.296803652968,14,17,37.5113947128533,0.59451208077894,85.58,4,33020.6826803039,3,0.05994597155975,2175
Minor_Damage_And_Injuries,68.0365296803653,8,0,76.4813126709207,0.321522538766679,80.67,5,26328.7717447473,1,0.0169721831895714,9926
Minor_Damage_And_Injuries,48.4474885844749,14,6,72.0145852324522,0.351093400649116,79.22,2,42622.3715192289,2,0.579229481985553,9061
Minor_Damage_And_Injuries,65.8447488584475,9,18,70.1458523245214,0.301327803822575,88.4,2,36389.9128217396,4,0.488446051686494,3366
Highly_Fatal_And_Damaging,19.1780821917808,16,4,73.2452142206017,0.238940497655968,79.8,3,22172.7226577113,2,0.110373990402509,4572
Significant_Damage_And_Fatalities,59.041095890411,14,2,70.6472196900638,0.432954201226109,77.32,5,36343.4164886713,2,0.025353860841503,11886
Significant_Damage_And_Serious_Injuries,39.9086757990868,13,3,69.5989061075661,0.312146411828345,78.55,3,16902.3486971747,2,0.0840330252227932,4802
Significant_Damage_And_Serious_Injuries,40.8219178082192,13,0,51.8231540565178,0.491014064190407,78.22,4,34711.4746197655,2,0.0634463747371802,9868
Significant_Damage_And_Fatalities,81.4611872146119,8,0,68.7329079307201,0.199632888568337,81.62,7,21703.2159005865,3,0.00170172802667714,9650
Significant_Damage_And_Serious_Injuries,70.5479452054795,11,1,57.1558796718323,0.498587089794446,78.31,7,46975.2757673933,2,0.00399284362384002,2722
Minor_Damage_And_Injuries,38.6301369863014,17,2,63.7192342752963,0.32080129823296,78.78,2,38615.1265617957,1,0.52322078087498,8580
Significant_Damage_And_Fatalities,33.9269406392694,11,7,52.0510483135825,0.422496213487198,81.89,4,31317.0921055837,3,0.0581459892078883,301
Highly_Fatal_And_Damaging,13.7899543378995,17,5,65.7247037374658,0.193502344031734,77.36,7,27607.9009089188,2,0.00247774512911839,8384
Minor_Damage_And_Injuries,27.4885844748858,20,17,66.5907019143118,0.380303642264695,77.3,4,37616.4149312029,2,0.0688968672168701,5925
Highly_Fatal_And_Damaging,34.4748858447488,11,8,77.9398359161349,0.245792282726289,79.85,4,33492.6098878444,2,0.0609647807572276,12146
Highly_Fatal_And_Damaging,21.3698630136986,15,5,71.0118505013674,0.350011539848539,77.19,2,29821.7823571095,3,0.403593936192003,9703
Significant_Damage_And_Serious_Injuries,33.2876712328767,15,10,64.2661804922516,0.462525063108547,75.55,3,43075.3746959144,2,0.215610803030912,5411
Significant_Damage_And_Serious_Injuries,78.5844748858447,9,14,56.7000911577028,0.502914532996754,78.33,6,21995.418195128,3,0.00545211907278604,5351
Highly_Fatal_And_Damaging,47.8995433789954,7,18,69.3710118505014,0.440887847097007,77.27,3,58297.4802661454,2,0.264749960840887,5378
Highly_Fatal_And_Damaging,40.5479452054794,16,11,53.6918869644485,0.548713306887847,82.71,2,39434.2561052846,4,0.532383164557223,9663
Significant_Damage_And_Serious_Injuries,54.7488584474886,9,15,71.6499544211486,0.324046880634692,79.58,6,29978.3820723515,1,0.00752595590486754,4553
Minor_Damage_And_Injuries,45.9817351598173,15,3,71.1941659070192,0.243267940858276,80.33,2,34832.0201532778,4,0.47115359277493,2319
Minor_Damage_And_Injuries,55.5251141552511,12,2,70.8751139471286,0.467573746844573,77.94,5,29552.5881772079,2,0.0197205962790744,11826
Highly_Fatal_And_Damaging,17.2602739726027,16,14,76.7547857793984,0.284378651280202,76.78,4,32791.8421914493,1,0.0596258332041847,6580
Significant_Damage_And_Fatalities,63.8356164383562,13,3,57.5205104831358,0.447379011900469,77.02,4,27034.8776966234,3,0.0491943253022702,11134
Highly_Fatal_And_Damaging,25.5707762557078,14,10,73.0628988149499,0.275002524341868,77.53,4,31335.4768243775,1,0.0578632306636776,1372
Significant_Damage_And_Fatalities,28.4018264840183,13,14,51.5952597994531,0.785640822214209,82.27,1,48583.5486330922,2,1.79913125355139,9678
Minor_Damage_And_Injuries,46.4840182648402,15,3,71.1941659070192,0.386073566534439,79.45,2,41118.8952653631,1,0.55559389881049,1979
Significant_Damage_And_Serious_Injuries,33.7442922374429,15,0,80.355515041021,0.283296790479625,77.49,6,32761.0172950414,3,0.00781118094172816,8963
Significant_Damage_And_Serious_Injuries,40.0913242009132,13,16,59.0701914311759,0.44701839163361,82.82,6,47132.9571072998,2,0.0117758107745166,9542
Highly_Fatal_And_Damaging,19.041095890411,16,1,73.0173199635369,0.204320952037505,83.17,4,35121.5544506946,3,0.0638525434029938,9731
Highly_Fatal_And_Damaging,30.7762557077626,20,0,56.8368277119417,0.378139920663541,79.57,6,26238.3376242275,2,0.00645951923367222,1247
Minor_Damage_And_Injuries,38.4474885844749,17,9,59.9817684594348,0.283657410746484,79.23,2,36657.8455729123,2,0.488383082664174,9525
Significant_Damage_And_Serious_Injuries,38.7671232876712,14,5,71.9234275296263,0.183044356292824,76.11,3,40239.8802618811,2,0.200404041434698,3444
Highly_Fatal_And_Damaging,19.1780821917808,16,15,76.5268915223336,0.284378651280202,84.53,2,20313.4761672518,2,0.273757873803231,704
Minor_Damage_And_Injuries,66.8036529680365,9,2,72.7438468550593,0.18052001442481,76.64,5,47141.2263132954,2,0.0311311252022979,2248
Significant_Damage_And_Serious_Injuries,58.4931506849315,4,5,74.4302643573382,0.330898665705012,76.11,5,32357.7193147393,3,0.0223891616717182,4768
Significant_Damage_And_Fatalities,37.5342465753425,20,1,68.0948040109389,0.527797331410025,78.09,7,36310.4576909527,3,0.00307549916899895,9420
Significant_Damage_And_Fatalities,62.5114155251141,13,29,78.0309936189608,0.271035701406419,80.09,3,45294.8304706165,2,0.222453976681263,272
Minor_Damage_And_Injuries,57.1232876712329,11,10,81.4038286235187,0.234252434186801,82.26,2,26993.9576251546,2,0.365529248280753,4087
Highly_Fatal_And_Damaging,18.1278538812785,16,7,62.0783956244303,0.494980887125856,77.42,4,19618.548566256,2,0.0353204941879463,6642
Minor_Damage_And_Injuries,39.7260273972603,17,3,59.2980856882407,0.538976559682654,77.85,5,34587.8862136885,2,0.0229899149310431,11052
Highly_Fatal_And_Damaging,38.4474885844749,17,0,52.3245214220602,0.433314821492968,76.9,2,27549.6797423815,2,0.373623459926084,12441
Significant_Damage_And_Serious_Injuries,37.3972602739726,14,10,70.8295350957156,0.276805625676163,76.76,3,31335.4768243775,1,0.157967679969144,1268
Significant_Damage_And_Serious_Injuries,41.1415525114155,12,3,73.2907930720146,0.308900829426614,78.78,6,40538.7808167345,4,0.00986079867568313,10593
Minor_Damage_And_Injuries,59.7716894977169,10,17,79.1704649042844,0.361190768121168,80.42,2,33976.4553144446,2,0.458859033557303,9616
Minor_Damage_And_Injuries,44.337899543379,15,5,88.4685505925251,0.229203750450775,79.93,6,38116.5516912975,1,0.0102445448171566,12244
Minor_Damage_And_Injuries,55.8904109589041,12,5,73.9288969917958,0.232809953119365,75.69,5,21532.3463857748,3,0.0142168823219349,5551
Highly_Fatal_And_Damaging,32.1461187214612,12,14,85.5970829535096,0.312146411828345,80.07,3,29715.3910975432,2,0.147855294184092,1641
Highly_Fatal_And_Damaging,18.310502283105,16,7,60.5742935278031,0.395089073205914,77.53,1,46755.5164453914,3,1.74851946088815,7287
Minor_Damage_And_Injuries,53.8812785388128,12,1,68.1403828623519,0.215860800576992,86.18,7,24953.1382552467,1,0.00243360517719337,5911
Significant_Damage_And_Serious_Injuries,42.8767123287671,12,3,68.915223336372,0.325849981968986,81.23,3,34172.7763897644,1,0.17089911377233,8953
Minor_Damage_And_Injuries,48.2648401826484,10,3,47.2652689152234,0.416005048683736,83.22,6,42615.8389199835,3,0.0107998469185804,11093
Highly_Fatal_And_Damaging,50.7305936073059,13,0,54.8313582497721,0.462525063108547,78.47,2,33905.3514045601,2,0.458227397462646,1698
Highly_Fatal_And_Damaging,23.3789954337899,15,4,63.9015496809481,0.401580238009376,81.01,4,28465.3542383815,2,0.0523085891514352,7892
Significant_Damage_And_Serious_Injuries,40.6392694063927,13,8,75.4785779398359,0.39292535160476,77.11,7,35683.7170907573,2,0.00329707578895693,12407
Minor_Damage_And_Injuries,46.1643835616438,15,17,83.8195077484048,0.289427335016228,87.79,2,44941.5809825117,3,0.606591695439003,10526
Significant_Damage_And_Fatalities,52.3744292237443,6,2,50.6836827711942,0.596675802380094,78.76,4,29518.6129237704,3,0.0533411083739841,9411
Highly_Fatal_And_Damaging,47.8995433789954,14,21,49.1340018231541,0.804753696357736,77.12,1,36597.9702560012,0,1.35974356514467,5650
Highly_Fatal_And_Damaging,44.8401826484018,8,6,88.2406563354604,0.185568698160836,79.76,1,48905.4579354148,4,1.78728887212675,997
Significant_Damage_And_Fatalities,59.2694063926941,14,5,57.5205104831358,0.351093400649116,85.61,7,32475.3941981611,1,0.00309591976936673,5416
Minor_Damage_And_Injuries,20.5936073059361,23,6,65.4968094804011,0.19494482509917,78.84,4,28976.8387515777,2,0.0536168001945233,474
Highly_Fatal_And_Damaging,63.6529680365297,10,13,49.2707383773929,0.687191489361702,77.44,2,42231.8232408344,0,0.569552534009889,3763
Minor_Damage_And_Injuries,41.9178082191781,12,0,52.1422060164084,0.522748647673999,78.91,2,22671.8172128642,1,0.304127714807532,8502
Minor_Damage_And_Injuries,25.2511415525114,18,17,52.9626253418414,0.509045077533357,80.67,6,47124.2411106397,2,0.0114943524785138,955
Highly_Fatal_And_Damaging,24.6118721461187,14,16,68.4138559708295,0.417086909484313,77.83,4,36305.7929992729,2,0.0659090451540448,3090
Significant_Damage_And_Serious_Injuries,37.0776255707762,14,14,84.8678213309025,0.312146411828345,81.48,1,20210.9647367577,2,0.742435605455821,3777
Highly_Fatal_And_Damaging,43.7899543378995,8,1,60.6198723792161,0.485244139920663,78.32,4,35828.5368182915,1,0.0648203926610396,7544
Significant_Damage_And_Fatalities,41.6438356164383,19,12,58.6599817684595,0.462164442841687,76.63,1,27179.8728762575,4,1.00088140899979,2291
Significant_Damage_And_Serious_Injuries,60.1369863013699,7,20,61.0300820419326,0.353617742517129,84.03,1,34780.4818508316,2,1.28056792439571,10534
Highly_Fatal_And_Damaging,32.1461187214612,12,6,88.4685505925251,0.245071042192571,79.31,3,33367.4120708558,3,0.164857538935295,541
Significant_Damage_And_Serious_Injuries,30.9132420091324,16,0,84.8678213309025,0.333062387306166,83.5,3,47530.9062148968,4,0.237190414799633,10242
Minor_Damage_And_Injuries,63.3333333333333,6,7,45.4876937101185,0.520945546339704,76.37,3,29313.4328343492,3,0.144959688386902,5267
Highly_Fatal_And_Damaging,42.9680365296804,9,6,86.6453965360073,0.231367472051929,79.36,1,34371.5426025527,3,1.26281554046516,9152
Significant_Damage_And_Serious_Injuries,40.2283105022831,13,12,67.3655423883318,0.37489433826181,83.94,7,35683.7170907573,0,0.00294921862398122,6481
Significant_Damage_And_Serious_Injuries,40.5479452054794,13,7,79.0337283500456,0.249759105661738,79.99,6,55177.5258411715,1,0.0150402899314281,11246
Significant_Damage_And_Serious_Injuries,51.2328767123288,10,6,69.7812215132179,0.351093400649116,79.75,4,29545.4263401468,0,0.0533984110646786,4346
Highly_Fatal_And_Damaging,55.662100456621,5,4,57.5205104831358,0.296279120086549,81.93,1,40114.3609726391,2,1.48431579962055,10805
Significant_Damage_And_Serious_Injuries,34.0639269406393,15,3,72.5159525979946,0.319358817165525,78.82,6,44036.8146613431,2,0.0105311041601846,11821
Highly_Fatal_And_Damaging,14.2465753424657,17,0,80.4466727438469,0.249398485394879,76.61,4,27464.488778077,1,0.0497908075164823,10160
Significant_Damage_And_Serious_Injuries,47.5799086757991,11,1,77.4840474020055,0.372730616660656,76.09,6,37915.6428001746,4,0.00952310647454607,7532
Significant_Damage_And_Fatalities,33.1963470319635,12,6,50.7748404740201,0.553401370357014,82.53,1,32227.7131370942,2,1.19173458023308,6403
Minor_Damage_And_Injuries,46.4383561643836,15,7,69.9179580674567,0.438002884962135,77.89,2,18466.4302483408,1,0.251138572994527,4203
Minor_Damage_And_Injuries,52.1917808219178,13,7,69.4165907019143,0.323686260367832,80.03,4,42416.2704287528,3,0.0775419698101819,4829
Significant_Damage_And_Serious_Injuries,24.703196347032,18,4,61.0300820419326,0.407710782545979,80.46,3,36405.033044569,3,0.182025377886897,4178
Significant_Damage_And_Fatalities,59.5433789954338,14,1,65.1321786690975,0.304573386224305,78.7,7,47024.4256143477,1,0.00375006683446869,1580
Significant_Damage_And_Serious_Injuries,41.7808219178082,12,9,65.7247037374658,0.419250631085467,80.83,3,28320.7285987516,0,0.140626767258425,10785
Significant_Damage_And_Fatalities,67.6712328767123,12,1,78.6235186873291,0.326210602235846,79.68,7,28815.0595298404,1,0.00267114760160348,11136
Significant_Damage_And_Serious_Injuries,49.2694063926941,10,4,70.3737465815861,0.325849981968986,84.02,4,35862.1682875726,2,0.0650123225532149,8199
Significant_Damage_And_Serious_Injuries,32.8310502283105,15,7,72.3336371923428,0.413480706815723,79.8,4,37664.9213225571,0,0.0679645047747395,3737
Highly_Fatal_And_Damaging,33.972602739726,11,4,69.9635369188697,0.306376487558601,79.14,4,48242.6024819237,3,0.0885355613395593,1485
Significant_Damage_And_Serious_Injuries,43.013698630137,12,4,67.0464904284412,0.414923187883159,81.46,3,32349.2373608048,1,0.160231707920052,7641
Significant_Damage_And_Serious_Injuries,55.0228310502283,9,1,68.1403828623519,0.253365308330328,80.34,6,26340.2994819596,2,0.00692026563628655,6971
Highly_Fatal_And_Damaging,26.027397260274,14,0,83.5460346399271,0.283296790479625,79.71,4,38300.7825330847,1,0.0708873270749383,3002
Highly_Fatal_And_Damaging,29.7716894977169,12,7,62.1239744758432,0.444494049765597,80.52,3,38081.2358451794,3,0.189062380253031,6067
Minor_Damage_And_Injuries,64.2922374429224,9,0,60.665451230629,0.387155427335016,83.84,2,33231.6169120284,2,0.452214632161678,7797
Significant_Damage_And_Serious_Injuries,52.9680365296804,9,6,61.485870556062,0.448100252434187,81.23,6,28985.720868854,1,0.00706945023006998,5168
Highly_Fatal_And_Damaging,31.6438356164384,12,1,73.3363719234275,0.433314821492968,82.21,1,28193.962254837,2,1.04519049130943,8304
Significant_Damage_And_Fatalities,72.1461187214612,11,9,67.4567000911577,0.306376487558601,77.51,5,23467.0817843707,2,0.0151268704731323,8967
Significant_Damage_And_Fatalities,22.9223744292237,14,7,53.5095715587967,0.472261810313739,84.45,4,22442.6590784495,2,0.0405516045635434,6598
Minor_Damage_And_Injuries,61.4155251141552,10,2,83.5460346399271,0.359748287053732,77.26,2,30684.6725583661,4,0.416733810413223,8734
Highly_Fatal_And_Damaging,52.1004566210046,6,7,76.207839562443,0.276805625676163,80.83,4,9125.60962563028,3,0.0202641811876667,8890
Significant_Damage_And_Serious_Injuries,39.9086757990868,13,2,64.5852324521422,0.260938333934367,78.76,4,36375.38646361,2,0.0664512614802825,3487
Highly_Fatal_And_Damaging,26.3013698630137,13,13,62.8988149498633,0.406628921745402,80.39,3,32472.0736609725,0,0.162085006509895,11327
Minor_Damage_And_Injuries,34.1552511415525,15,3,55.2871467639016,0.647523260007212,83.76,1,39289.2195249257,4,1.44930213670431,4127
Minor_Damage_And_Injuries,72.5570776255708,3,44,55.6061987237922,0.539697800216372,83.28,3,38538.5523033851,3,0.192469683150883,7649
Highly_Fatal_And_Damaging,10.5022831050228,18,31,56.608933454877,0.279690587811035,79.85,1,26302.9323489945,2,0.978578768073676,12104
Significant_Damage_And_Fatalities,65.7534246575342,12,7,62.7620783956244,0.47190119004688,78.67,5,35985.1193586182,4,0.0240574874578318,10488
Significant_Damage_And_Serious_Injuries,40.6392694063927,13,11,63.3546034639927,0.421053732419762,76.4,3,32310.9242397626,0,0.159761620379677,11637
Minor_Damage_And_Injuries,46.4383561643836,11,0,55.6517775752051,0.444854670032455,77.93,1,40389.7984746736,3,1.49336645053839,5887
Significant_Damage_And_Serious_Injuries,54.5205479452055,9,0,66.362807657247,0.419611251352326,76.13,3,42123.0103504445,2,0.209340192839862,11934
Minor_Damage_And_Injuries,45.4337899543379,15,14,68.5961713764813,0.340274792643346,80.7,5,52015.7944241626,2,0.0353194524101037,5383
Highly_Fatal_And_Damaging,31.6438356164384,12,2,74.7493163172288,0.201796610169491,76.02,2,37164.6419753701,2,0.501428821012912,10898
Significant_Damage_And_Serious_Injuries,45.296803652968,11,4,62.7164995442115,0.425020555355211,83.45,3,27486.6947438252,3,0.136461853886764,7012
Significant_Damage_And_Serious_Injuries,79.1780821917808,8,0,51.4585232452142,0.606412549585286,81.81,7,40528.3297651214,3,0.00340300794355129,5372
Significant_Damage_And_Serious_Injuries,33.2420091324201,15,0,78.4867821330902,0.376336819329246,81.63,3,43072.4817444043,2,0.215610803030912,11965
Significant_Damage_And_Serious_Injuries,37.5342465753425,14,6,62.1239744758432,0.444494049765597,77.38,6,40226.1782629885,3,0.009890619145082,6180
Highly_Fatal_And_Damaging,35.4337899543379,11,14,73.4275296262534,0.395810313739632,79.28,6,33944.6431410097,3,0.00842757143418226,7971
Highly_Fatal_And_Damaging,33.9269406392694,11,2,70.1914311759344,0.33161990623873,78.9,2,30842.4666453009,3,0.420554790386963,8785
Minor_Damage_And_Injuries,44.4292237442922,15,2,79.2160437556974,0.31034331049405,78.91,2,35815.5275372957,2,0.485968993616324,453
Significant_Damage_And_Fatalities,66.2557077625571,12,14,70.8295350957156,0.382467363865849,77.46,7,24423.5752794527,4,0.00217265829817744,8716
Significant_Damage_And_Fatalities,50.0456621004566,17,0,69.7356426618049,0.337029210241615,78.34,2,51069.6208704514,1,0.691152160528896,10083
Highly_Fatal_And_Damaging,54.0182648401826,12,1,56.7912488605287,0.572514244500541,77.19,7,33372.8197860987,4,0.0032011061219487,3358
Minor_Damage_And_Injuries,31.324200913242,15,2,45.897903372835,0.560253155427335,80.12,1,32718.3677403417,2,1.2119543063584,3815
Minor_Damage_And_Injuries,59.5433789954338,7,28,56.3354603463993,0.560974395961053,80.98,6,29365.0114975677,1,0.00729169360955055,2570
Significant_Damage_And_Serious_Injuries,40.5936073059361,13,1,76.7547857793984,0.242907320591417,81.52,3,26632.0129708879,4,0.132638956145098,3323
Significant_Damage_And_Serious_Injuries,50.5022831050228,10,2,73.0628988149499,0.254807789397764,83.37,3,31603.8816790219,3,0.155972033378461,4167
Significant_Damage_And_Serious_Injuries,60.4566210045662,7,33,51.0027347310848,0.768691669671836,77.44,5,40193.9641196735,3,0.0264809794842174,10245
Minor_Damage_And_Injuries,46.1643835616438,15,17,66.8641750227894,0.351093400649116,82.34,2,45992.7707754917,1,0.627669708960065,1497
Significant_Damage_And_Serious_Injuries,42.1917808219178,12,4,74.5214220601641,0.58729967544176,78.71,3,42777.4259397778,1,0.211178175574612,1043
Significant_Damage_And_Serious_Injuries,42.283105022831,12,4,57.4749316317229,0.430069239091237,82.03,3,32656.9970926707,1,0.161857417023106,6304
Significant_Damage_And_Fatalities,14.4748858447489,17,3,43.0720145852325,0.456033898305084,77.67,2,24602.8187246127,3,0.330528596660346,3187
Highly_Fatal_And_Damaging,27.8538812785388,13,2,79.9453053783045,0.403022719076812,77.86,1,33951.8558365343,1,1.25007868278081,1414
Minor_Damage_And_Injuries,47.8995433789954,14,19,75.6153144940748,0.39292535160476,78.89,2,41118.8952653631,1,0.553503805823988,328
Minor_Damage_And_Injuries,24.0639269406393,18,1,56.1531449407475,0.315752614496934,80.27,4,39723.3329133428,0,0.0732355607136367,11324
Significant_Damage_And_Serious_Injuries,56.62100456621,8,9,80.4922515952598,0.305294626758024,81.73,3,35986.6918258484,2,0.17903915907143,11044