Severity,Safety_Score,Days_Since_Inspection,Total_Safety_Complaints,Control_Metric,Turbulence_In_gforces,Cabin_Temperature,Accident_Type_Code,Max_Elevation,Violations,Adverse_Weather_Metric,Accident_ID
Significant_Damage_And_Serious_Injuries,38.8127853881278,13,8,66.362807657247,0.430790479624955,77.28,6,26972.5039664084,1,0.00676841361533494,1767
Significant_Damage_And_Serious_Injuries,60.4566210045662,7,20,66.4539653600729,0.346765957446808,80.03,5,35167.7193661579,2,0.0237065079134959,8309
Significant_Damage_And_Serious_Injuries,53.5616438356164,9,0,74.2935278030994,0.264905156869816,81.62,6,21852.7135965614,5,0.00566656035545686,12232
Minor_Damage_And_Injuries,33.1050228310502,15,23,52.6891522333637,0.467573746844573,81.89,3,36172.4134212989,1,0.180345250583197,8820
Significant_Damage_And_Fatalities,60.1826484018265,14,13,64.4484958979034,0.341356653443924,76.52,7,31355.0755976643,2,0.00282277903157932,11441
Highly_Fatal_And_Damaging,24.6118721461187,14,11,68.4138559708295,0.388237288135593,80.25,4,35460.2652816768,2,0.0651636744257849,3370
Significant_Damage_And_Serious_Injuries,65.4337899543379,12,2,49.0428441203282,0.543664623151821,78.46,7,24997.8752590926,3,0.00237158769359753,9480
Minor_Damage_And_Injuries,48.9497716894977,14,2,72.0145852324522,0.315752614496934,76.87,5,29454.4715561768,2,0.0199277151957828,11202
Significant_Damage_And_Fatalities,80.4566210045662,8,19,80.9936189608022,0.23100685178507,78.2,7,30806.3886256267,3,0.00270472976860055,10188
Significant_Damage_And_Fatalities,17.3059360730594,16,1,37.5113947128533,0.680339704291381,79.6,1,34595.3633432901,1,1.27415056078853,11236
Highly_Fatal_And_Damaging,16.4840182648402,16,0,65.1777575205105,0.312507032095204,85.04,2,23279.0783462437,3,0.3116315447563,10637
Significant_Damage_And_Serious_Injuries,26.5753424657534,17,14,70.6927985414767,0.330177425171295,77.62,6,29579.7879411663,1,0.00736692430030834,4442
Significant_Damage_And_Serious_Injuries,36.4383561643836,14,10,71.4220601640839,0.350011539848539,80.75,3,47147.8297247954,2,0.233684409670316,8386
Significant_Damage_And_Fatalities,19.6803652968037,15,44,54.7857793983592,0.513011900468806,81.89,4,47102.061741996,0,0.0867404728643644,1921
Highly_Fatal_And_Damaging,51.0502283105023,13,3,43.0720145852325,0.729023440317345,84.96,6,38055.6903779597,1,0.0093983482120637,7116
Significant_Damage_And_Fatalities,22.648401826484,15,5,37.739288969918,0.542582762351244,80.78,1,37034.4056430355,2,1.35005026474898,4450
Highly_Fatal_And_Damaging,30.5936073059361,12,4,86.5086599817685,0.262380815001803,79.83,3,42885.3906813459,0,0.217596029133936,12387
Minor_Damage_And_Injuries,60.1369863013699,10,0,63.6736554238833,0.494620266858997,79.6,2,11806.5506664532,2,0.146846222191999,5716
Minor_Damage_And_Injuries,54.1095890410959,12,0,68.9608021877849,0.198911648034619,83.07,2,26062.3673281312,3,0.352325723733601,3460
Highly_Fatal_And_Damaging,27.1232876712329,13,2,79.9453053783045,0.268150739271547,75.68,7,35245.2033914192,1,0.00310121839325321,6323
Significant_Damage_And_Fatalities,65.296803652968,13,1,63.2634457611668,0.32116191849982,78.5,7,33393.2531864311,1,0.00311862643459303,5023
Significant_Damage_And_Serious_Injuries,33.8356164383562,15,2,67.6845943482224,0.294115398485395,81.87,3,43568.4879176962,3,0.214762760356308,5803
Significant_Damage_And_Fatalities,56.2100456621004,15,0,74.567000911577,0.344241615578795,81.14,7,55638.9032967776,2,0.00494968496953161,913
Minor_Damage_And_Injuries,65.4337899543379,12,1,72.5159525979946,0.334865488640461,83.21,6,32779.54276883,3,0.00773978673494447,4067
Significant_Damage_And_Serious_Injuries,58.4931506849315,4,4,71.1941659070192,0.403022719076812,82.07,3,35044.2088374778,3,0.175089764842475,7424
Highly_Fatal_And_Damaging,18.9497716894977,16,2,89.5168641750228,0.25985647313379,78.23,2,16355.890560807,1,0.209716720905563,8552
Highly_Fatal_And_Damaging,18.310502283105,16,9,62.5341841385597,0.39292535160476,78,6,40951.9163301119,3,0.0100523656008629,4030
Significant_Damage_And_Serious_Injuries,63.8356164383562,13,0,45.6244302643574,0.508684457266498,86.3,7,37386.7912712908,2,0.0034535908318688,7651
Minor_Damage_And_Injuries,70.5479452054795,7,1,64.4484958979034,0.25264406779661,78.17,5,33111.5733657375,2,0.0217946673291327,12149
Minor_Damage_And_Injuries,43.37899543379,15,6,60.5287146763902,0.361190768121168,77,2,38079.8427477091,1,0.515354630386689,8271
Minor_Damage_And_Injuries,43.1050228310502,15,2,62.7620783956244,0.46829498737829,77.78,2,48111.33802557,1,0.651116155858293,6826
Highly_Fatal_And_Damaging,40.6392694063927,9,5,75.7064721969006,0.397613415073927,79.51,6,27093.0972739741,1,0.00651284521909927,3291
Highly_Fatal_And_Damaging,22.8310502283105,15,7,68.7784867821331,0.411677605481428,77.19,4,29722.8399085569,3,0.0544450648103602,2869
Highly_Fatal_And_Damaging,18.9497716894977,16,7,70.510483135825,0.253725928597187,79.49,1,39850.2140336444,2,1.46200242626009,7162
Minor_Damage_And_Injuries,50.7305936073059,13,0,74.5214220601641,0.339192931842769,83.6,5,47530.9062148968,3,0.0319801345896946,3512
Highly_Fatal_And_Damaging,27.1689497716895,13,0,65.587967183227,0.58729967544176,79.08,4,24600.5650962669,3,0.0453050042984426,3376
Significant_Damage_And_Serious_Injuries,33.2876712328767,15,0,68.003646308113,0.240022358456545,78.8,3,33405.1525639135,2,0.165002363929807,9517
Significant_Damage_And_Serious_Injuries,98.4018264840183,6,11,47.1741112123974,0.539697800216372,86.47,7,47232.0210882522,2,0.00413545404580896,8441
Highly_Fatal_And_Damaging,4.65753424657534,20,1,57.5205104831358,0.345684096646231,78.92,1,13761.7202527562,2,0.51302895528027,8093
Minor_Damage_And_Injuries,61.0502283105023,10,15,73.4731084776664,0.473704291381176,79.53,2,41708.64182517,1,0.567201132594691,9709
Significant_Damage_And_Serious_Injuries,40.365296803653,20,8,45.897903372835,0.411316985214569,76.52,6,50314.7204576381,3,0.0129816301448266,2922
Significant_Damage_And_Fatalities,96.5753424657534,2,3,78.0765724703738,0.414201947349441,79.83,6,16209.2902996607,3,0.00341841601177495,427
Highly_Fatal_And_Damaging,57.5342465753425,11,3,41.5679124886053,0.516978723404255,82.85,2,22443.8935714049,4,0.303007316955657,906
Minor_Damage_And_Injuries,41.7351598173516,16,6,76.4813126709207,0.253725928597187,83.41,2,42329.0179287936,2,0.569213825805112,1995
Highly_Fatal_And_Damaging,4.93150684931507,20,4,74.1567912488605,0.270314460872701,82.02,6,23270.1330877074,1,0.0053428393020857,10265
Highly_Fatal_And_Damaging,34.8401826484018,11,0,81.7228805834093,0.325849981968986,78.52,4,44040.9929536786,2,0.0804705844406809,11451
Minor_Damage_And_Injuries,49.5890410958904,14,2,92.8896991795807,0.134,79.98,2,22558.3597330324,1,0.304127714807532,10215
Significant_Damage_And_Serious_Injuries,37.2602739726027,14,8,61.3947128532361,0.298803461954562,78.7,5,41712.9089196373,4,0.0281059369478195,7322
Minor_Damage_And_Injuries,46.6666666666667,15,9,60.9845031905196,0.503996393797331,81.86,2,45992.7707754917,2,0.623420577171322,11825
Significant_Damage_And_Serious_Injuries,32.9223744292237,15,2,60.1640838650866,0.318276956364948,80.55,6,40233.9092796223,2,0.00952310647454607,2991
Significant_Damage_And_Fatalities,37.0776255707762,11,4,53.7374658158614,0.345684096646231,78.7,3,25279.7240398423,1,0.125860334909236,5557
Significant_Damage_And_Serious_Injuries,49.5890410958904,10,12,62.9443938012762,0.295197259285972,78.54,3,20692.5240026338,1,0.103524311977327,1779
Significant_Damage_And_Fatalities,83.6529680365297,7,21,73.3819507748405,0.43619978362784,80.03,7,43564.0944400642,1,0.0042445268454015,11938
Significant_Damage_And_Fatalities,20.2283105022831,15,3,29.4439380127621,0.771576631806707,79.46,4,32429.458723446,3,0.0589535428536337,2477
Minor_Damage_And_Injuries,35.7534246575342,18,14,60.0273473108478,0.308540209159754,78.67,5,37917.1797061165,1,0.0268498356534474,6688
Minor_Damage_And_Injuries,50.0913242009132,13,3,73.4731084776664,0.28870609448251,84.4,7,14087.1313421428,1,0.000367501300988579,1230
Significant_Damage_And_Serious_Injuries,55.3424657534247,8,21,73.6098450319052,0.34965091958168,77.85,3,34199.8915692623,3,0.171753655949522,9296
Significant_Damage_And_Serious_Injuries,59.4520547945205,14,8,52.4156791248861,0.405186440677966,79.39,7,40757.0937838523,3,0.00354472954428243,12197
Minor_Damage_And_Injuries,28.2191780821918,20,11,71.0118505013674,0.293394157951677,77.33,3,32269.0683506148,1,0.160110192147785,9952
Minor_Damage_And_Injuries,45.2054794520548,15,0,81.8140382862352,0.317916336098088,83.34,7,20238.6378843825,1,0.00182937609996191,11565
Significant_Damage_And_Fatalities,68.675799086758,11,15,69.0063810391978,0.331980526505589,79.97,7,29171.2113721281,4,0.00290154353926211,1139
Significant_Damage_And_Fatalities,29.4520547945205,13,10,53.7830446672744,0.416365668950595,82.92,1,29989.0265842119,2,1.10323463410754,12382
Significant_Damage_And_Fatalities,61.4611872146119,13,11,79.3072014585233,0.254086548864046,81.27,7,25486.8254567764,3,0.00228169437294458,5703
Highly_Fatal_And_Damaging,27.5799086757991,13,30,75.2506836827712,0.300606563288856,85.3,4,29518.3315276388,2,0.0541065660538752,3021
Significant_Damage_And_Serious_Injuries,26.5753424657534,17,14,64.3117593436645,0.445215290299315,79.59,6,29952.076015557,2,0.00713918772315649,2944
Highly_Fatal_And_Damaging,45.4794520547945,15,3,44.1659070191431,0.571071763433105,79.14,3,18915.5090248707,2,0.0970591864698041,547
Significant_Damage_And_Serious_Injuries,50.5022831050228,10,4,67.6845943482224,0.507602596465921,89.29,6,26335.2237996347,2,0.00699570467874823,288
Significant_Damage_And_Serious_Injuries,58.2191780821918,8,7,80.7657247037375,0.413120086548864,81.73,3,30641.6477227636,3,0.152703287141862,1924
Highly_Fatal_And_Damaging,13.7899543378995,17,1,57.8851412944394,0.345684096646231,77.18,4,34108.4950856052,3,0.0623984755828219,436
Highly_Fatal_And_Damaging,26.4840182648402,13,5,78.7602552415679,0.397613415073927,76.35,1,33393.5930883868,2,1.22964533075899,1773
Highly_Fatal_And_Damaging,49.5890410958904,7,8,70.0091157702826,0.251562206996033,83.19,4,26338.7273242953,4,0.0484091511222673,8811
Significant_Damage_And_Serious_Injuries,41.9178082191781,12,0,59.7082953509572,0.524191128741435,83.03,6,36837.9660008634,3,0.00916356586669669,9228
Highly_Fatal_And_Damaging,46.3470319634703,7,1,75.7064721969006,0.368763793725207,77.33,4,43619.815305396,3,0.0806638923240863,6220
Significant_Damage_And_Fatalities,63.1963470319635,13,19,71.8322698268004,0.179438153624233,79.38,2,26471.4004943625,2,0.357126172144394,5102
Significant_Damage_And_Serious_Injuries,15.7534246575342,20,4,82.1330902461258,0.43619978362784,79.74,3,40230.3528397513,3,0.201830705207261,2863
Significant_Damage_And_Fatalities,55.0228310502283,15,3,66.7274384685506,0.340274792643346,79.89,7,26687.7213183341,3,0.00241405163548066,11478
Minor_Damage_And_Injuries,44.4292237442922,15,5,68.7784867821331,0.273199423007573,76.98,5,13938.9510270363,2,0.0106920734218189,4066
Significant_Damage_And_Fatalities,80.5936073059361,8,4,62.5341841385597,0.284739271547061,78.7,2,15928.1520352656,3,0.219247711929046,1577
Minor_Damage_And_Injuries,51.0502283105023,10,4,40.1093892433911,0.584775333573747,77.9,6,32860.905764516,2,0.00812807991710159,8273
Significant_Damage_And_Fatalities,89.0867579908676,3,2,81.3582497721058,0.30313090515687,75.96,6,19199.2502273137,3,0.00477606636088931,7775
Highly_Fatal_And_Damaging,33.8812785388128,11,6,66.8641750227894,0.450263974035341,78.49,5,31236.0295960564,3,0.0210028454861726,3684
Significant_Damage_And_Serious_Injuries,46.5753424657534,11,1,53.6007292616226,0.476589253516048,79.53,3,23944.3761045872,2,0.119711370429235,2768
Highly_Fatal_And_Damaging,17.351598173516,16,2,68.869644484959,0.255889650198341,85.77,3,31224.5282436972,1,0.155336911574872,12007
Significant_Damage_And_Serious_Injuries,43.5159817351598,12,1,43.8468550592525,0.456033898305084,77.46,6,34711.4746197655,3,0.00910387785121973,9125
Significant_Damage_And_Serious_Injuries,42.3744292237443,12,4,78.3956244302644,0.313228272628922,78.78,3,53176.4511388213,3,0.283294536142231,11784
Significant_Damage_And_Serious_Injuries,55.3881278538813,9,2,75.4785779398359,0.2923122971511,81.04,5,33067.6244116376,2,0.021344098679893,11808
Minor_Damage_And_Injuries,55.3424657534247,8,7,41.2032816773018,0.692240173097728,75.63,4,24520.0599584225,2,0.0445660106164211,12211
Highly_Fatal_And_Damaging,8.53881278538813,19,15,69.7356426618049,0.222712585647313,79.07,6,36566.3964795644,3,0.00863399457726239,2897
Significant_Damage_And_Fatalities,70.365296803653,11,3,40.154968094804,0.52960043274432,79.58,7,29518.6129237704,2,0.00271660416896328,9133
Highly_Fatal_And_Damaging,50.3196347031963,14,10,0,0.777707176343311,80.78,5,36354.4884269448,2,0.0245406632757047,135
Minor_Damage_And_Injuries,57.4429223744292,12,7,81.4038286235187,0.365157591056617,81.36,1,43754.1786822181,3,1.62444555920038,12317
Significant_Damage_And_Fatalities,60.5479452054795,14,0,61.5314494074749,0.342799134511359,83.15,7,22475.1258704004,2,0.00165483628932035,9368
Significant_Damage_And_Serious_Injuries,59.634703196347,14,7,38.9699179580674,0.635622791200865,75.71,7,25814.8468749981,0,0.0024614235589759,2967
Highly_Fatal_And_Damaging,35.4794520547945,11,6,67.5478577939836,0.251922827262892,82.66,5,44568.661764582,3,0.0297081807839066,6918
Significant_Damage_And_Fatalities,44.0639269406393,9,0,52.8714676390155,0.381385503065272,78.47,4,49219.0617824752,2,0.0915074626693022,11964
Minor_Damage_And_Injuries,41.9178082191781,13,2,56.4721969006381,0.466491886043996,78.49,7,33289.1776385925,2,0.00332774857972545,9140
Highly_Fatal_And_Damaging,38.2648401826484,10,4,69.0063810391978,0.24543166245943,81.53,1,21703.2159005865,2,0.79055360627557,12053
Significant_Damage_And_Serious_Injuries,35.296803652968,14,1,61.6226071103008,0.317195095564371,78.09,2,39744.9867350495,0,0.537374915697402,10065
Significant_Damage_And_Serious_Injuries,36.3013698630137,14,5,71.9234275296263,0.314310133429499,79.09,3,36866.602231857,3,0.182899218902348,9822
Significant_Damage_And_Serious_Injuries,60.5936073059361,14,3,39.8814949863264,0.406628921745402,74.82,7,52783.6699929497,4,0.0043835591564751,10060
Minor_Damage_And_Injuries,32.4657534246575,15,2,54.876937101185,0.442330328164443,75.04,7,24707.1969908956,3,0.00240087321292364,3191
Significant_Damage_And_Fatalities,46.8493150684931,18,0,57.7484047402006,0.42898737829066,81.06,7,28203.4891265458,2,0.00288440827898333,8433
Significant_Damage_And_Serious_Injuries,57.4885844748858,8,3,89.2433910665451,0.242907320591417,79.37,6,32254.0720662131,2,0.00802494825593194,2792
Significant_Damage_And_Serious_Injuries,27.3972602739726,17,2,70.1914311759344,0.370927515326361,84.8,1,28434.2171903716,2,1.0324299109381,12059
Highly_Fatal_And_Damaging,41.7808219178082,9,2,75.9343664539654,0.334504868373603,79.08,4,23744.0693140378,2,0.0435847572179465,10388
Significant_Damage_And_Serious_Injuries,41.689497716895,13,2,69.5077484047402,0.317195095564371,81.46,5,34207.9443786107,3,0.0232444911274353,5862
Highly_Fatal_And_Damaging,55.1598173515982,12,4,40.2917046490429,0.571071763433105,78.7,5,27755.473500689,1,0.01851592253734,9394
Highly_Fatal_And_Damaging,55.662100456621,5,0,59.0701914311759,0.324768121168409,80.71,4,22475.1258704004,3,0.0412718889170117,9719
Highly_Fatal_And_Damaging,44.5205479452055,8,0,66.8641750227894,0.272117562206996,79.36,7,42848.6249545133,2,0.0040045627353063,5058
Highly_Fatal_And_Damaging,8.49315068493151,19,9,80.4466727438469,0.3785005409304,86.02,4,36011.634543554,4,0.0659562575913243,9620
Significant_Damage_And_Serious_Injuries,38.5844748858447,13,6,70.8751139471286,0.28149368914533,81.11,6,36866.602231857,3,0.00826588787036847,4345
Significant_Damage_And_Fatalities,73.5159817351598,10,1,65.9070191431176,0.338471691309052,75.27,7,18869.5876217835,1,0.00203790191549944,10249
Highly_Fatal_And_Damaging,64.8401826484018,9,7,48.7693710118505,0.638147133068878,82.03,2,40580.5502390022,1,0.552348029450647,10962
Minor_Damage_And_Injuries,24.8401826484018,18,5,56.7456700091158,0.555204471691309,77.93,1,35966.2470220649,2,1.32525896658218,5349
Significant_Damage_And_Serious_Injuries,62.1917808219178,6,1,63.126709206928,0.551958889289578,81.79,3,44882.6151076864,3,0.224640366202277,10662
Minor_Damage_And_Injuries,48.4931506849315,14,8,59.2980856882407,0.375976199062387,80.74,5,32346.154299063,1,0.022192923086607,4849
Highly_Fatal_And_Damaging,42.9680365296804,9,24,99.9544211485871,0.370927515326361,79.22,4,36313.3505407666,1,0.0657328863038229,335
Minor_Damage_And_Injuries,57.6712328767123,11,11,77.073837739289,0.189535521096285,77.91,7,33256.4668152374,0,0.00333200752249141,8219
Significant_Damage_And_Serious_Injuries,65.4337899543379,9,20,54.8313582497721,0.427905517490083,78.93,4,29542.2935498954,1,0.0537163727417456,11085
Minor_Damage_And_Injuries,47.7625570776256,14,1,70.1458523245214,0.501472051929318,81.82,7,41870.0262217125,3,0.0037845533395528,8954
Significant_Damage_And_Fatalities,68.4931506849315,11,1,64.2661804922516,0.32080129823296,85.71,6,48197.220754101,3,0.0116440067057929,10094
Minor_Damage_And_Injuries,20.1826484018265,19,3,35.8249772105743,0.611100613054453,88.01,2,47505.4622906068,2,0.641130507004313,4168
Highly_Fatal_And_Damaging,58.310502283105,11,8,49.5897903372835,0.522748647673999,80.41,5,44516.6297345178,1,0.0299604645458222,1900
Significant_Damage_And_Serious_Injuries,30.3196347031963,16,14,68.8240656335461,0.273920663541291,79.21,5,51678.284648488,2,0.0362715401061526,7143
Highly_Fatal_And_Damaging,38.4474885844749,17,22,52.4156791248861,0.247956004327443,79.39,3,15261.9932578438,1,0.0753155639194272,12328
Minor_Damage_And_Injuries,48.310502283105,11,2,55.5150410209663,0.585496574107465,78.67,3,29541.1841118771,1,0.146630034655966,4858
Minor_Damage_And_Injuries,51.9634703196347,13,13,67.2743846855059,0.160685899747566,76.89,5,26069.4968678269,0,0.0169084447733504,11914
Significant_Damage_And_Fatalities,37.5342465753425,11,1,50.6836827711942,0.52238802740714,80.45,7,47541.0050691026,3,0.00434728367697683,9610
Minor_Damage_And_Injuries,27.3972602739726,20,2,73.6554238833182,0.404104579877389,81.15,2,25768.1452141952,2,0.348220671345902,3341
Highly_Fatal_And_Damaging,28.7671232876712,13,12,63.7648131267092,0.383188604399567,78.7,4,37949.724386184,3,0.0698193987426945,8962
Significant_Damage_And_Fatalities,42.283105022831,8,0,34.8678213309025,0.61939487919221,78.08,3,37308.5865884339,3,0.186318355278325,8379
Significant_Damage_And_Serious_Injuries,38.8584474885845,13,22,67.7757520510483,0.344602235845654,87.51,1,18897.2774645504,2,0.69015508102361,9100
Significant_Damage_And_Fatalities,82.2374429223744,7,10,50.3190519598906,0.354699603317706,87.08,7,36458.5802116072,3,0.0032011061219487,5525
Minor_Damage_And_Injuries,48.3561643835616,14,8,80.4466727438469,0.30313090515687,82.53,1,37038.5414452765,1,1.35127487616787,10255
Minor_Damage_And_Injuries,39.5890410958904,17,11,69.4165907019143,0.440887847097007,76.92,4,26972.5039664084,0,0.0491943253022702,5118
Highly_Fatal_And_Damaging,31.5981735159817,12,0,82.9079307201459,0.18052001442481,78.93,3,18807.9837594115,1,0.0970591864698041,8085
Highly_Fatal_And_Damaging,49.9086757990868,13,5,55.9708295350957,0.363354489722322,79.94,2,45878.8795912215,2,0.622444465973777,1923
Significant_Damage_And_Serious_Injuries,49.4977168949772,10,5,68.7784867821331,0.343159754778218,82.37,6,34501.86147776,1,0.0084067327022918,326
Significant_Damage_And_Serious_Injuries,15.7534246575342,20,28,68.869644484959,0.267429498737829,76.75,3,20059.3847114503,3,0.0976587800714265,8949
Highly_Fatal_And_Damaging,29.3607305936073,13,5,75.3418413855971,0.271035701406419,85.13,4,27603.7846761579,2,0.0507105431114939,4212
Highly_Fatal_And_Damaging,25.8904109589041,14,2,62.2607110300821,0.314670753696357,78.09,4,31541.9153279893,3,0.0571970099697241,11206
Significant_Damage_And_Fatalities,32.5570776255708,12,0,41.4311759343665,0.633459069599711,80.82,4,32448.2626381128,1,0.0585884246430177,4554
Minor_Damage_And_Injuries,58.0365296803653,11,6,82.1786690975388,0.351093400649116,79.12,5,20761.9844156144,3,0.0147190422445625,5460
Significant_Damage_And_Serious_Injuries,31.324200913242,16,4,61.7593436645397,0.548352686620988,83.52,1,39289.2195249257,1,1.43260534928215,10197
Significant_Damage_And_Fatalities,63.7899543378995,13,0,72.971741112124,0.365157591056617,81.12,2,35354.6491535324,0,0.478306032390798,1363
Minor_Damage_And_Injuries,47.8995433789954,14,8,64.1294439380128,0.45387017670393,81.75,2,32713.7866990746,1,0.442732958866139,6886
Significant_Damage_And_Fatalities,45.5707762557078,18,7,64.2206016408387,0.40374395961053,78.89,7,33520.7500198555,3,0.0032646245817578,4934
Significant_Damage_And_Fatalities,31.1415525114155,12,3,56.4721969006381,0.463606923909124,84.27,1,29536.6428318262,1,1.08659236590527,6634
Highly_Fatal_And_Damaging,44.337899543379,8,2,57.6116681859617,0.61939487919221,87.34,4,36297.4081004407,2,0.0667522739749065,12399
Highly_Fatal_And_Damaging,36.62100456621,11,11,65.4056517775752,0.329456184637577,82.41,2,15542.643666541,4,0.210056403589152,785
Significant_Damage_And_Serious_Injuries,40.3196347031963,13,13,61.6681859617138,0.490292823656689,78.22,3,50314.7204576381,2,0.251509930289586,2524
Significant_Damage_And_Serious_Injuries,60.1826484018265,14,8,54.8313582497721,0.409153263613415,75.71,7,28559.6591388298,3,0.00266826442491109,6792
Significant_Damage_And_Serious_Injuries,34.6118721461187,14,6,65.8614402917047,0.362272628921745,77.04,7,32624.8226188518,2,0.00333200752249141,7119
Significant_Damage_And_Fatalities,44.2009132420091,19,4,66.6818596171377,0.340274792643346,77.27,2,52865.2950984951,2,0.703340359053397,11217
Highly_Fatal_And_Damaging,62.5570776255708,10,7,40.5195989061076,0.745972592859718,77.93,1,37945.7802513522,2,1.38929549655495,929
Significant_Damage_And_Fatalities,82.7853881278539,7,6,79.9453053783045,0.308900829426614,78.44,5,29881.473065472,2,0.0203538907847209,2859
Minor_Damage_And_Injuries,50.2283105022831,13,5,73.4731084776664,0.28870609448251,81.58,3,43655.1252570343,1,0.214762760356308,3104
Significant_Damage_And_Serious_Injuries,24.2465753424658,18,3,80.9936189608022,0.306015867291742,81.7,6,29272.4724491861,2,0.00759477566107349,4105
Minor_Damage_And_Injuries,47.7625570776256,14,14,64.9954421148587,0.347487197980527,77.76,2,40055.6619523624,3,0.542924325866252,8565
Significant_Damage_And_Serious_Injuries,27.8995433789954,17,5,76.5724703737466,0.28149368914533,75.05,3,16837.0598386233,0,0.0815450263010881,10910
Significant_Damage_And_Fatalities,28.9497716894977,20,3,63.0811303555151,0.46108258204111,78.09,6,24370.2265407342,2,0.00606686659497718,11383
Significant_Damage_And_Serious_Injuries,63.972602739726,6,6,58.1130355515041,0.432954201226109,75.12,3,34738.058245002,3,0.172361875338915,10146
Significant_Damage_And_Serious_Injuries,53.1050228310502,12,0,43.6645396536007,0.598118283447529,79.6,6,49015.8888299757,2,0.0131871755343616,2982
Significant_Damage_And_Serious_Injuries,64.2465753424657,13,9,57.0191431175934,0.660144969347277,76.63,4,31988.1959886504,2,0.0587205544501303,1076
Significant_Damage_And_Serious_Injuries,29.9543378995434,16,5,85.278030993619,0.199632888568337,79.79,4,46306.1920701527,2,0.0847954319979528,7324
Significant_Damage_And_Fatalities,12.4200913242009,18,1,52.8258887876026,0.361551388388027,77.56,1,34469.924982876,1,1.26937738653889,871
Minor_Damage_And_Injuries,41.689497716895,16,6,73.9288969917958,0.334865488640461,81.03,1,37384.6815719843,3,1.37759041351401,9198
Highly_Fatal_And_Damaging,32.4200913242009,12,2,48.9061075660894,0.543664623151821,77.68,1,25739.3846771422,2,0.942297419702323,558
Minor_Damage_And_Injuries,62.0091324200913,10,1,63.9015496809481,0.205042192571222,84.02,5,28901.6079461952,0,0.0199959371191929,10901
Significant_Damage_And_Serious_Injuries,57.351598173516,8,3,72.0601640838651,0.2061240533718,79.36,6,39012.9366973933,2,0.010247915761715,27
Highly_Fatal_And_Damaging,62.1461187214612,6,1,63.126709206928,0.48993220338983,80.79,2,37581.5714856955,2,0.506946640432922,1929
Minor_Damage_And_Injuries,29.4977168949772,20,1,73.6554238833182,0.412398846015146,85.07,6,28603.7548438843,0,0.007265459411322,9884
Significant_Damage_And_Fatalities,37.5799086757991,10,2,56.2443026435734,0.463606923909124,76.18,4,30049.5696334466,2,0.0544392802512786,2184
Significant_Damage_And_Serious_Injuries,36.4383561643836,14,11,60.9845031905196,0.407710782545979,77.16,3,27240.6861862382,3,0.134484836771453,2826
Significant_Damage_And_Serious_Injuries,38.5844748858447,13,11,66.4995442114859,0.413841327082582,79.39,2,32739.2459757613,2,0.442732958866139,1097
Minor_Damage_And_Injuries,49.2237442922374,14,6,57.1103008204193,0.426102416155788,83.46,4,27686.2413636474,2,0.0509035417950462,9637
Significant_Damage_And_Serious_Injuries,42.4200913242009,19,0,45.897903372835,0.63021348719798,84.74,4,34210.2043624715,2,0.0619475176403955,11996
Significant_Damage_And_Serious_Injuries,37.9908675799087,13,8,69.1431175934367,0.320080057699243,84.3,3,26062.3673281312,5,0.128032619795491,9950
Significant_Damage_And_Serious_Injuries,26.4383561643836,17,14,70.6927985414767,0.330177425171295,79.24,6,29579.7879411663,2,0.00751374310534355,5429
Highly_Fatal_And_Damaging,17.5799086757991,16,2,59.2980856882407,0.338111071042192,85.26,4,35728.3005695812,3,0.0647973107166051,4896
Significant_Damage_And_Serious_Injuries,54.8401826484018,9,34,72.0145852324522,0.30313090515687,82.3,3,40726.4496920452,1,0.200404041434698,8442
Highly_Fatal_And_Damaging,42.7853881278539,8,5,63.4457611668186,0.225958168049044,77.89,1,29893.7335104334,1,1.10323463410754,3756
Significant_Damage_And_Serious_Injuries,29.3150684931507,16,3,85.278030993619,0.240382978723404,76.8,6,34929.7404234047,1,0.0091876148524485,9803
Highly_Fatal_And_Damaging,18.7671232876712,16,1,73.0173199635369,0.222351965380454,78.7,1,45351.5663157796,2,1.64589054204515,11725
Significant_Damage_And_Serious_Injuries,30.8675799086758,16,3,83.3637192342753,0.315752614496934,86.94,1,36644.9561608933,3,1.35648446678775,12214
Significant_Damage_And_Fatalities,56.6666666666667,15,0,73.1996353691887,0.341717273710782,80.59,7,42273.6457278091,1,0.00391311571229848,11564
Highly_Fatal_And_Damaging,30,13,2,65.1321786690975,0.36046952758745,82.02,4,36292.1949816483,3,0.0667773468350688,10694
Highly_Fatal_And_Damaging,56.8493150684931,5,20,69.2342752962625,0.440887847097007,81.57,4,11265.9177885903,2,0.0015233035421831,11177
Significant_Damage_And_Fatalities,79.5433789954338,8,0,70.0091157702826,0.35325712225027,79.85,4,25251.1155579363,1,0.0456012541554552,3593
Minor_Damage_And_Injuries,73.37899543379,7,2,70.2370100273473,0.416726289217454,81.55,6,40485.8932005406,3,0.00987049508947774,8371
Significant_Damage_And_Fatalities,46.7123287671233,18,4,66.1804922515953,0.456394518571944,83.01,7,15301.2519569662,3,0.00129983141772071,6128