Severity,Safety_Score,Days_Since_Inspection,Total_Safety_Complaints,Control_Metric,Turbulence_In_gforces,Cabin_Temperature,Accident_Type_Code,Max_Elevation,Violations,Adverse_Weather_Metric,Accident_ID
Highly_Fatal_And_Damaging,30.0913242009132,19,0,50.9571558796719,0.439445366029571,77.98,4,38506.4933537661,2,0.0701068078993242,5344
Highly_Fatal_And_Damaging,33.2420091324201,12,1,65.6791248860529,0.462885683375405,78.63,4,28029.8302949651,1,0.0514949039430899,5717
Significant_Damage_And_Fatalities,54.7488584474886,16,1,76.0711030082042,0.378139920663541,81.26,7,27520.75175597,3,0.00228638425828823,10747
Significant_Damage_And_Serious_Injuries,30.9132420091324,16,7,65.1321786690975,0.395810313739632,75.94,4,27897.8067021377,2,0.0511774425946486,7937
Minor_Damage_And_Injuries,56.9406392694064,12,10,72.0145852324522,0.363354489722322,79.26,2,28780.4235482389,2,0.387182416712817,6639
Highly_Fatal_And_Damaging,49.4977168949772,7,2,64.3117593436645,0.345323476379372,81.26,4,36408.268565211,3,0.0659562575913243,6631
Highly_Fatal_And_Damaging,11.8264840182648,18,0,77.4840474020055,0.342438514244501,76,4,29428.5998046567,4,0.0537163727417456,11709
Minor_Damage_And_Injuries,54.3835616438356,12,4,51.0938924339107,0.394728452939055,82.01,4,20934.3727527267,3,0.0384517831023515,3875
Significant_Damage_And_Fatalities,4.52054794520548,20,0,54.4667274384686,0.357584565452579,83.36,4,41920.2471614135,1,0.0758867263611491,3904
Highly_Fatal_And_Damaging,29.4063926940639,13,13,67.7301731996354,0.375615578795528,87.51,4,34859.8063971959,0,0.0637237663805801,267
Highly_Fatal_And_Damaging,33.1963470319635,12,5,75.432999088423,0.383188604399567,76.35,1,40226.4770095902,2,1.49471974586455,10258
Significant_Damage_And_Fatalities,58.8584474885845,14,7,81.2670920692799,0.237137396321673,81.58,7,29255.426646695,2,0.00266702594068057,5077
Highly_Fatal_And_Damaging,12.4200913242009,18,3,73.3363719234275,0.323325640100974,82.08,4,20146.9172518634,2,0.0373909164244532,4499
Significant_Damage_And_Fatalities,42.9680365296804,8,4,47.1741112123974,0.410595744680851,84.52,4,19762.2608051792,3,0.0361958432532648,430
Minor_Damage_And_Injuries,59.1324200913242,11,3,65.6335460346399,0.305294626758024,81.37,2,16545.0718234845,2,0.225648056800934,8668
Significant_Damage_And_Fatalities,52.3744292237443,16,6,53.6918869644485,0.476589253516048,83.26,5,20739.6318796237,2,0.0139062059906569,5580
Highly_Fatal_And_Damaging,40.8675799086758,9,3,88.2406563354604,0.250840966462315,78.31,1,35147.7853670774,1,1.28587911562902,822
Highly_Fatal_And_Damaging,25.1598173515982,14,11,66.8641750227894,0.217303281644428,81.99,4,23467.0817843707,0,0.0434450231706626,5079
Significant_Damage_And_Serious_Injuries,48.4474885844749,11,19,62.1695533272562,0.525272989542012,77.98,3,50882.1687686303,2,0.253669022423938,647
Minor_Damage_And_Injuries,70.5022831050228,7,44,62.5341841385597,0.352535881716553,83.73,3,38971.5849739803,1,0.195566783180496,11801
Highly_Fatal_And_Damaging,29.7260273972603,13,8,64.6308113035552,0.417086909484313,80.13,4,38281.7142472046,0,0.0710287636448836,8981
Highly_Fatal_And_Damaging,56.2557077625571,11,40,58.4776663628077,0.459640100973675,84.52,2,42049.7757475593,4,0.570472081679674,10267
Minor_Damage_And_Injuries,38.0821917808219,17,3,73.1996353691887,0.318276956364948,78.59,2,30784.9894960232,2,0.416733810413223,4467
Highly_Fatal_And_Damaging,39.8173515981735,9,4,76.8459434822243,0.370566895059502,78.4,4,41917.3221674367,0,0.075850778236244,343
Highly_Fatal_And_Damaging,13.7899543378995,17,1,63.4001823154057,0.585496574107465,80.07,4,40073.720174847,1,0.0742913315746002,7808
Significant_Damage_And_Serious_Injuries,60.1369863013699,7,7,79.1704649042844,0.224876307248467,81.53,6,43306.5874531553,2,0.0106970316356193,8888
Significant_Damage_And_Serious_Injuries,54.4292237442922,9,2,75.4785779398359,0.282936170212766,81.53,6,27827.8514266594,2,0.00685754221966388,11144
Highly_Fatal_And_Damaging,40.0913242009132,10,7,66.5907019143118,0.334144248106743,81.4,7,49461.7985956107,2,0.00449290359555931,10126
Highly_Fatal_And_Damaging,32.8310502283105,19,4,48.0401093892434,0.660144969347277,76.64,6,18640.0725275241,2,0.00492049195200934,4088
Minor_Damage_And_Injuries,53.7442922374429,12,15,84.2297174111213,0.287263613415074,78.4,7,28885.5732444725,1,0.00259659848763858,1833
Minor_Damage_And_Injuries,48.4931506849315,14,14,63.947128532361,0.387516047601875,77.78,4,24023.5877451124,2,0.0435767669649704,5220
Highly_Fatal_And_Damaging,32.1461187214612,12,8,59.9817684594348,0.28149368914533,79.28,4,36657.8455729123,2,0.067196147915411,6345
Highly_Fatal_And_Damaging,35.7534246575342,11,2,74.2935278030994,0.218024522178146,78.91,4,21036.1487262414,2,0.0383477654432181,8343
Highly_Fatal_And_Damaging,29.1324200913242,13,8,82.8623518687329,0.17330760908763,80.09,4,21267.7043733175,2,0.0389899651600754,821
Minor_Damage_And_Injuries,50.5022831050228,13,5,69.1431175934367,0.254086548864046,76.58,5,45972.1359787677,2,0.0316153311067691,5088
Highly_Fatal_And_Damaging,17.1689497716895,16,14,75.2506836827712,0.291230436350523,76.6,3,32625.7179340323,1,0.162427777021466,6386
Minor_Damage_And_Injuries,41.9178082191781,16,3,64.4940747493163,0.246513523260007,78.43,2,35342.3010579254,1,0.477812895620068,924
Significant_Damage_And_Serious_Injuries,40.6392694063927,13,1,75.4785779398359,0.388597908402452,78.55,3,49758.6415438009,2,0.24511840979654,1104
Minor_Damage_And_Injuries,46.1187214611872,15,3,70.6472196900638,0.205402812838081,77.56,2,38369.5421594542,2,0.517879251431761,3520
Minor_Damage_And_Injuries,62.0091324200913,10,1,71.1030082041933,0.375254958528669,76.73,2,14865.9056452982,1,0.19418011329717,8814
Highly_Fatal_And_Damaging,37.3972602739726,11,2,62.5341841385597,0.315752614496934,80.53,2,19518.5621631503,2,0.264253743919955,3853
Minor_Damage_And_Injuries,54.1095890410959,12,1,73.0173199635369,0.246874143526866,81.61,2,42287.0553410699,1,0.571030413951605,8113
Minor_Damage_And_Injuries,30.7305936073059,19,4,54.3299908842297,0.527797331410025,81.82,3,26015.962941191,2,0.128573249180056,2508
Highly_Fatal_And_Damaging,19.6803652968037,16,11,61.9872379216044,0.500029570861882,78.16,1,13860.5783162698,2,0.518572471316774,10883
Significant_Damage_And_Serious_Injuries,53.1963470319635,16,7,36.7365542388332,0.662308690948431,84.51,4,44475.6870097684,1,0.082036560492673,2946
Significant_Damage_And_Serious_Injuries,40.2283105022831,13,2,64.1294439380128,0.490292823656689,79.17,7,33289.1776385925,2,0.00332737623643381,4287
Highly_Fatal_And_Damaging,49.9086757990868,6,3,73.746581586144,0.214418319509556,79.31,4,28684.0676385967,0,0.0531058897859763,6647
Highly_Fatal_And_Damaging,22.3287671232877,15,27,61.4402917046491,0.405186440677966,84.03,7,46047.5076270262,2,0.00387450146087035,4810
Minor_Damage_And_Injuries,30.7305936073059,19,1,74.9316317228806,0.337750450775333,79.89,6,38525.4141826784,2,0.00987049508947774,6263
Significant_Damage_And_Serious_Injuries,22.6940639269406,18,0,66.5451230628988,0.363354489722322,83.58,1,30810.6157118227,2,1.12126285001606,8698
Minor_Damage_And_Injuries,42.5114155251142,16,4,74.5214220601641,0.58729967544176,85.22,2,53908.7975082545,2,0.704789637144564,578
Significant_Damage_And_Serious_Injuries,31.9178082191781,15,3,59.2980856882407,0.502914532996754,79.09,6,32127.8884623933,1,0.00764209062814474,11779
Significant_Damage_And_Fatalities,22.3287671232877,15,1,54.922515952598,0.481277316985214,81.93,1,28921.5486997521,2,1.06807520630698,9020
Minor_Damage_And_Injuries,49.5890410958904,13,3,31.0847766636281,0.607133790119004,79.25,1,31864.0881889396,0,1.16675227693438,3244
Significant_Damage_And_Fatalities,19.6803652968037,15,44,45.5332725615314,0.721450414713307,78.59,1,34608.2943986072,1,1.27950242269574,1514
Significant_Damage_And_Serious_Injuries,41.8721461187215,12,8,80.2643573381951,0.340996033177064,79.09,5,28225.4878267242,0,0.0193100351190768,6564
Highly_Fatal_And_Damaging,22.0091324200913,15,10,68.7784867821331,0.411677605481428,78.83,4,25321.373030517,3,0.0453896622023122,1401
Highly_Fatal_And_Damaging,28.9041095890411,13,0,39.7447584320875,0.553401370357014,86.03,2,44821.4006674425,2,0.606591695439003,12300
Minor_Damage_And_Injuries,50.1369863013699,13,0,67.18322698268,0.417086909484313,77.7,4,31695.6422321295,2,0.0580288359949266,10783
Highly_Fatal_And_Damaging,28.310502283105,13,6,64.4029170464904,0.444133429498738,80.37,4,17869.2712881728,2,0.0320805077660302,3500
Highly_Fatal_And_Damaging,29.8173515981735,12,0,59.2525068368277,0.509766318067075,78.22,2,40813.3057574463,3,0.549198026049296,3786
Significant_Damage_And_Fatalities,17.7168949771689,16,16,44.7128532360985,0.694764514965741,77.48,1,46768.8221857607,1,1.73952817986032,1064
Significant_Damage_And_Serious_Injuries,62.7853881278539,6,0,58.8422971741112,0.42538117562207,77.65,2,47324.952775233,2,0.64817098869959,1830
Highly_Fatal_And_Damaging,37.3972602739726,10,21,87.4658158614403,0.24543166245943,78.33,6,30445.2991443066,3,0.00743073431673884,1000
Significant_Damage_And_Fatalities,40.5479452054794,20,2,74.0656335460346,0.306737107825459,79.27,7,14087.1313421428,4,0.000750738165396642,7552
Highly_Fatal_And_Damaging,33.9269406392694,11,4,86.5086599817685,0.362993869455463,80.66,4,20937.1705110465,1,0.0384089818644619,1203
Significant_Damage_And_Fatalities,51.5525114155251,6,4,40.4740200546946,0.645359538406058,82.96,4,36297.4081004407,2,0.0665314538675571,392
Highly_Fatal_And_Damaging,28.675799086758,13,6,62.7620783956244,0.329456184637577,82.12,4,31967.4549517257,3,0.0592921596021897,8283
Highly_Fatal_And_Damaging,44.0182648401826,9,1,74.7493163172288,0.344962856112513,79.08,1,29221.5095687008,4,1.0963361566327,6445
Highly_Fatal_And_Damaging,23.1050228310502,14,15,56.1987237921604,0.362633249188604,78.35,4,35120.7762258787,0,0.0639760512072301,1112
Significant_Damage_And_Serious_Injuries,57.0776255707762,8,11,54.0109389243391,0.381024882798413,75.78,7,30933.8277395381,3,0.00281938218356537,7874
Significant_Damage_And_Serious_Injuries,38.5844748858447,13,5,66.362807657247,0.394007212405337,77.34,3,19754.5812375961,2,0.0983522686654718,2452
Significant_Damage_And_Serious_Injuries,28.8127853881279,16,2,65.3600729261623,0.449903353768481,82.25,5,27306.2785397534,1,0.0179458235336835,10980
Significant_Damage_And_Serious_Injuries,43.6529680365297,12,2,58.3865086599818,0.465770645510278,82.02,6,43786.173360848,3,0.0106302255498573,2411
Significant_Damage_And_Serious_Injuries,67.5342465753425,12,4,56.8368277119417,0.487768481788677,79.99,7,25644.4684192504,0,0.00232829982073789,9188
Highly_Fatal_And_Damaging,42.648401826484,9,1,59.7538742023701,0.365878831590335,87.08,4,24171.8428578746,1,0.0447047839318407,8149
Minor_Damage_And_Injuries,38.4474885844749,17,8,66.4995442114859,0.346405337179949,80.04,2,54788.2470429217,1,0.746908740126634,3931
Significant_Damage_And_Serious_Injuries,44.9315068493151,12,3,73.2907930720146,0.316113234763794,77.17,6,18110.9171033295,3,0.00463226113987301,866
Highly_Fatal_And_Damaging,46.8493150684931,7,4,75.7064721969006,0.293394157951677,75.35,4,41509.545282458,0,0.0763710398578118,11618
Significant_Damage_And_Fatalities,34.7488584474886,11,5,43.0720145852325,0.518421204471691,80.82,1,34595.3633432901,1,1.27597904434728,9346
Significant_Damage_And_Serious_Injuries,39.634703196347,13,6,69.8268003646308,0.387516047601875,76.4,3,22792.1740124056,2,0.112754072698007,8467
Minor_Damage_And_Injuries,61.4155251141552,10,1,82.9079307201459,0.434757302560403,78.13,5,32364.3522171259,4,0.0221611608546171,1578
Minor_Damage_And_Injuries,54.1095890410959,12,10,69.644484958979,0.333423007573026,77.03,5,35167.1709289219,2,0.0237990658424012,7105
Minor_Damage_And_Injuries,46.2557077625571,11,0,55.6517775752051,0.444854670032455,77.93,2,29784.2743594728,2,0.401935157666492,11130
Significant_Damage_And_Serious_Injuries,41.8264840182648,12,1,69.5077484047402,0.464328164442842,79.42,3,18784.4086840282,2,0.0941747741034185,8108
Minor_Damage_And_Injuries,30.7305936073059,19,1,57.8395624430264,0.441969707897583,78.63,5,34376.5783210584,1,0.0229899149310431,5374
Highly_Fatal_And_Damaging,19.6803652968037,16,11,61.3491340018232,0.500029570861882,84.12,4,8652.45594797107,4,0.0167141370542601,5850
Significant_Damage_And_Fatalities,70.4109589041096,11,0,60.7110300820419,0.368403173458348,81.73,5,36104.8569903325,3,0.024495461619962,5462
Significant_Damage_And_Serious_Injuries,27.1689497716895,17,6,94.4393801276208,0.229203750450775,79.2,6,34489.279660486,1,0.00899035486393975,9012
Highly_Fatal_And_Damaging,58.6301369863014,7,2,71.1941659070192,0.246513523260007,80.05,7,38899.6594446884,3,0.00353313922738211,7036
Highly_Fatal_And_Damaging,43.4246575342466,8,2,68.3682771194166,0.400498377208799,77.89,7,35320.9454536098,3,0.00332737623643381,3814
Significant_Damage_And_Serious_Injuries,42.1917808219178,12,9,69.5989061075661,0.29555787955283,78.11,7,38924.6214354371,2,0.00354619525319768,2360
Significant_Damage_And_Fatalities,43.5616438356164,19,9,69.1886964448496,0.380303642264695,83.82,7,33740.8858200893,4,0.00313473818084455,4041
Significant_Damage_And_Fatalities,28.9497716894977,13,3,55.7885141294439,0.319358817165525,77.39,4,40894.8662671731,3,0.0750060511303986,330
Highly_Fatal_And_Damaging,31.0958904109589,12,7,87.5569735642662,0.215860800576992,78.93,3,46043.9858100506,0,0.228868428380583,6898
Significant_Damage_And_Serious_Injuries,24.3835616438356,17,2,84.1841385597083,0.240382978723404,80.98,3,22753.3132521245,3,0.113475552580789,202
Significant_Damage_And_Fatalities,82.2374429223744,8,7,56.8368277119417,0.405907681211684,82.97,7,17582.7396691811,2,0.0020601739139869,6876
Significant_Damage_And_Serious_Injuries,54.6575342465753,9,0,75.4785779398359,0.325849981968986,88.47,7,20217.165694795,1,0.00158505315023645,7310
Significant_Damage_And_Serious_Injuries,33.972602739726,15,3,62.5797629899727,0.307818968626037,82.53,3,43032.2194004626,3,0.215461327961268,4038
Minor_Damage_And_Injuries,71.324200913242,7,19,62.5341841385597,0.284739271547061,81.3,3,15928.1520352656,3,0.0782363458011667,3058
Significant_Damage_And_Serious_Injuries,33.7899543378995,15,2,61.2123974475843,0.452788315903353,81.09,5,27067.9196126077,3,0.0187014909382164,7792
Significant_Damage_And_Fatalities,66.8036529680365,12,8,62.306289881495,0.381024882798413,86.4,7,25177.5727499426,2,0.00228169437294458,8819
Minor_Damage_And_Injuries,50.2283105022831,13,25,69.644484958979,0.309982690227191,81.9,2,16546.394397041,2,0.231292269047612,11400
Minor_Damage_And_Injuries,40.4566210045662,16,8,62.7164995442115,0.375254958528669,80.25,2,35666.043399659,1,0.483125215393737,5201
Significant_Damage_And_Serious_Injuries,50.5022831050228,10,0,74.567000911577,0.242186080057699,82.58,3,27627.7399343795,2,0.137550417696252,3909
Significant_Damage_And_Serious_Injuries,45.9817351598173,18,1,42.8896991795807,0.520945546339704,84.74,6,37436.7322135348,2,0.00952310647454607,911
Minor_Damage_And_Injuries,45.0228310502283,15,6,74.2935278030994,0.234973674720519,83.41,5,45934.1334754439,3,0.0320260726894477,8460
Highly_Fatal_And_Damaging,57.9908675799087,11,1,41.5679124886053,0.457115759105661,75.98,2,26252.0559004645,2,0.355224117242135,918
Significant_Damage_And_Serious_Injuries,47.1232876712329,11,4,87.4658158614403,0.2923122971511,80.92,3,39651.766046119,2,0.197627289388574,7916
Highly_Fatal_And_Damaging,39.1780821917808,10,5,57.4749316317229,0.385352326000721,81.78,3,28135.9173146792,3,0.140526429214543,1858
Minor_Damage_And_Injuries,38.8127853881278,17,20,62.8988149498633,0.379582401730977,78.18,2,32230.500067409,2,0.435983529967462,9691
Significant_Damage_And_Fatalities,55.0228310502283,15,4,58.6144029170465,0.46829498737829,79.22,5,35634.8941329161,2,0.0242970691299218,839
Significant_Damage_And_Serious_Injuries,36.8493150684931,14,0,58.2497721057429,0.350372160115398,78.73,3,48525.1107104034,2,0.243487495822933,8203
Minor_Damage_And_Injuries,36.0730593607306,17,3,63.9015496809481,0.401580238009376,83.57,4,51754.9703998605,1,0.0949606702216228,10339
Significant_Damage_And_Serious_Injuries,33.6529680365297,15,9,66.0437556973564,0.35686332491886,78.63,3,55360.3569171219,2,0.264749960840887,3075
Significant_Damage_And_Fatalities,15.296803652968,17,2,45.3965360072927,0.520945546339704,78.88,4,24455.0851973201,3,0.0449289157473636,11909
Highly_Fatal_And_Damaging,4.93150684931507,20,6,89.8814949863263,0.215139560043274,78.7,1,38564.129227285,2,1.42564127604361,4452
Minor_Damage_And_Injuries,47.945205479452,14,8,80.0820419325433,0.289427335016228,82.49,3,27206.7774652661,2,0.133480825287782,10840
Significant_Damage_And_Serious_Injuries,41.8264840182648,12,0,70.1914311759344,0.379582401730977,76.58,6,32158.99176163,0,0.00773208720267557,3631
Significant_Damage_And_Serious_Injuries,31.324200913242,15,13,71.8778486782133,0.392564731337901,81.85,6,25321.373030517,3,0.00608157992115948,7297
Highly_Fatal_And_Damaging,35.7077625570776,11,8,69.2342752962625,0.430790479624955,76.74,4,48613.9708748668,1,0.0884973764056748,10393
Significant_Damage_And_Serious_Injuries,70.5022831050228,11,5,46.6271649954421,0.539697800216372,83.58,7,27551.1035270287,2,0.0022939358099787,607
Highly_Fatal_And_Damaging,18.9497716894977,16,3,75.4785779398359,0.22379444644789,79.8,1,35006.6478704957,0,1.29142485015568,7189
Minor_Damage_And_Injuries,35.3881278538813,18,1,79.1704649042844,0.297360980887126,77.56,2,18660.8960062486,3,0.254538380918956,9934
Highly_Fatal_And_Damaging,29.4063926940639,13,10,70.9206927985415,0.226679408582762,81.37,4,26069.3550793519,0,0.0482410618460628,8825
Highly_Fatal_And_Damaging,25.7077625570776,14,2,65.2689152233364,0.306737107825459,80.27,4,30290.7501663771,2,0.055390533687851,9301
Minor_Damage_And_Injuries,70.0456621004566,8,15,76.5268915223336,0.292672917417959,77.91,5,22235.4870690089,3,0.0159694333458848,9427
Minor_Damage_And_Injuries,60.4566210045662,10,0,61.2579762989973,0.46108258204111,75.61,2,38165.4207238734,4,0.514265510989051,8455
Significant_Damage_And_Fatalities,48.7214611872146,17,13,68.5050136736554,0.502553912729895,77.78,7,19804.4945726575,3,0.00155927424481951,8664
Highly_Fatal_And_Damaging,65.3424657534246,5,5,58.8422971741112,0.54041904075009,83.56,1,43419.8755634569,1,1.60962628025298,8114
Minor_Damage_And_Injuries,39.634703196347,17,11,59.8906107566089,0.496423368193292,76.96,1,21043.0745957428,4,0.768085134187627,11453
Minor_Damage_And_Injuries,68.310502283105,8,12,70.3737465815861,0.394007212405337,79.31,5,49898.0501197341,2,0.0350479665945333,12498
Highly_Fatal_And_Damaging,16.7123287671233,16,4,68.869644484959,0.446657771366751,84.87,4,39076.3135320841,0,0.0712119379602541,9345
Significant_Damage_And_Fatalities,69.3607305936073,11,10,73.9288969917958,0.43619978362784,77.46,7,28566.6330064354,2,0.00292710508522188,8957
Significant_Damage_And_Serious_Injuries,62.1917808219178,13,5,52.5524156791249,0.456394518571944,79.39,7,36617.7244387796,2,0.00311862643459303,6733
Significant_Damage_And_Serious_Injuries,60.1826484018265,7,6,75.38742023701,0.2923122971511,82.36,3,31750.404675562,1,0.155473833405764,5724
Highly_Fatal_And_Damaging,33.4703196347032,12,9,66.3172288058341,0.610739992787594,80.27,1,34719.0376653958,2,1.27724201743561,5761
Highly_Fatal_And_Damaging,49.6803652968036,13,7,48.2680036463081,0.516618103137396,78.73,2,39207.8409430981,0,0.525000448580524,6959
Significant_Damage_And_Fatalities,50.0456621004566,17,0,52.7803099361896,0.22379444644789,81.61,6,23701.007581183,3,0.00637514230471722,8569
Minor_Damage_And_Injuries,77.3059360730594,3,19,58.6144029170465,0.473704291381176,85.4,2,26314.0706968263,3,0.354010721828221,306
Highly_Fatal_And_Damaging,25.296803652968,14,4,73.3363719234275,0.434396682293545,79.41,6,37773.3553764435,1,0.00939969446993571,210
Highly_Fatal_And_Damaging,12.3744292237443,18,4,73.3363719234275,0.290509195816805,82.5,7,24323.5075076492,0,0.00211795865520554,5492
Minor_Damage_And_Injuries,48.310502283105,11,3,53.9653600729262,0.312867652362062,76.85,2,37249.520086068,3,0.505802785572527,6955
Significant_Damage_And_Fatalities,14.4748858447489,17,5,51.1850501367366,0.581529751172016,79.35,7,22436.804795914,1,0.00206802801762544,7816
Minor_Damage_And_Injuries,43.37899543379,16,7,75.38742023701,0.311064551027768,78.42,2,33257.5951870857,1,0.450995315921427,6397
Significant_Damage_And_Serious_Injuries,46.5753424657534,11,1,66.362807657247,0.224515686981608,82.41,6,27700.9068812493,2,0.00676841361533494,5567
Minor_Damage_And_Injuries,41.7351598173516,16,5,59.2069279854148,0.504717634331049,84.82,2,28957.808823458,1,0.391182535671112,1562
Significant_Damage_And_Serious_Injuries,55.3424657534247,9,1,87.2835004557885,0.268150739271547,76.18,4,26194.6862921461,2,0.0486700861808518,10221
Significant_Damage_And_Fatalities,41.6438356164383,19,4,80.4010938924339,0.286542372881356,82.64,7,5513.58652800857,2,0.00123145523618514,3467
Highly_Fatal_And_Damaging,40.8219178082192,9,3,89.1066545123063,0.304573386224305,79.88,6,23639.8520973668,3,0.00618181941454122,1938
Highly_Fatal_And_Damaging,19.1780821917808,16,1,74.2479489516864,0.204320952037505,79.16,1,18660.8960062486,2,0.680514977631127,8775
Significant_Damage_And_Serious_Injuries,47.4885844748858,11,3,73.9744758432088,0.335226108907321,78.03,3,24203.6895848125,3,0.120541261122413,9824
Minor_Damage_And_Injuries,60.4566210045662,10,6,66.0893345487694,0.300967183555716,85.61,5,23123.3779300365,2,0.0156792923406637,986
Minor_Damage_And_Injuries,42.1004566210046,12,2,55.9252506836828,0.578644789037144,83.03,2,37215.0757155478,3,0.50630490065634,7864
Minor_Damage_And_Injuries,50.8675799086758,13,0,69.9635369188697,0.351454020915975,85.64,2,40898.7067220507,1,0.555493062335617,9981
Significant_Damage_And_Fatalities,30.1369863013699,13,10,53.7830446672744,0.421414352686621,83.97,2,27549.6797423815,3,0.373623459926084,12411
Significant_Damage_And_Fatalities,75.662100456621,9,8,69.9635369188697,0.355060223584565,79.86,7,33954.1785816129,2,0.00329707578895693,5181
Significant_Damage_And_Serious_Injuries,98.4018264840183,5,28,49.6353691886965,0.354338983050847,76.53,7,34738.058245002,2,0.00307977328659493,1331
Significant_Damage_And_Fatalities,68.4931506849315,11,9,65.2233363719235,0.356142084385142,81.28,4,15509.4345048147,3,0.0284279690986392,8415
Minor_Damage_And_Injuries,33.7899543378995,18,2,88.2862351868733,0.199632888568337,79.85,3,25712.689152338,2,0.128032619795491,5085
Highly_Fatal_And_Damaging,28.9041095890411,13,8,62.2607110300821,0.383909844933285,77.82,4,19093.0822520948,3,0.0350890825621048,6083
Highly_Fatal_And_Damaging,62.7853881278539,10,6,54.2388331814038,0.456394518571944,83.9,2,20574.5487150508,1,0.279104058078208,12287
Highly_Fatal_And_Damaging,56.5753424657534,12,13,55.4694621695533,0.378139920663541,80.13,6,42277.9678950802,3,0.0101185628153381,3360
Significant_Damage_And_Fatalities,60,14,23,70.1002734731085,0.337029210241615,83.23,7,28715.6839316491,3,0.00266007015636225,7764
Significant_Damage_And_Serious_Injuries,46.5753424657534,11,1,75.2962625341842,0.243989181391994,78.33,6,18103.7897133572,3,0.00463226113987301,11299
Significant_Damage_And_Serious_Injuries,62.6940639269406,13,3,45.6244302643574,0.404825820411107,77.81,7,28287.9926044483,2,0.00285586076405534,7613
Minor_Damage_And_Injuries,83.8812785388128,5,2,76.6180492251596,0.455673278038226,77.45,2,28671.2954228205,2,0.3880237886808,5902
Highly_Fatal_And_Damaging,35.2054794520548,11,3,79.2160437556974,0.31034331049405,81.21,4,32806.2895663649,2,0.0601777442176999,11356
Highly_Fatal_And_Damaging,30.8219178082192,12,1,74.2479489516864,0.484522899386945,75.89,1,22950.5810160187,2,0.849289067426471,4535
Significant_Damage_And_Serious_Injuries,63.1506849315068,6,4,82.3154056517776,0.351093400649116,75.61,3,49986.899410661,4,0.248870117845611,3966
Highly_Fatal_And_Damaging,30.3196347031963,12,6,66.1349134001823,0.305294626758024,78.29,4,39985.2613160458,3,0.0732702541950152,7493
Minor_Damage_And_Injuries,57.0319634703196,11,9,70.4193254329991,0.229924990984493,79.34,7,50476.5268180962,1,0.0044289702451501,6310
Significant_Damage_And_Serious_Injuries,36.1187214611872,14,3,61.3947128532361,0.404825820411107,76.89,1,27179.8728762575,4,0.996497974431902,1677
Minor_Damage_And_Injuries,69.4520547945205,8,0,67.4567000911577,0.415644428416877,76.13,4,28815.0595298404,4,0.0526430497150514,8494
Highly_Fatal_And_Damaging,40.2283105022831,9,10,76.8459434822243,0.397974035340786,78.5,4,37862.9199927159,3,0.0697482164177026,571
Significant_Damage_And_Fatalities,56.4840182648402,15,7,76.253418413856,0.377058059862964,78.89,7,47578.1608846135,2,0.00474673776165719,631
Minor_Damage_And_Injuries,55.9817351598173,12,5,72.0145852324522,0.420332491886044,78.56,6,44888.1730165217,2,0.0106302255498573,1530
Minor_Damage_And_Injuries,46.8493150684931,11,0,51.3673655423883,0.527436711143166,75.67,3,24084.887315452,0,0.118795587606853,9310
Highly_Fatal_And_Damaging,42.1004566210046,9,2,58.5232452142206,0.333423007573026,82.48,7,14894.1620202017,1,0.000763558904105058,10675
Highly_Fatal_And_Damaging,30.5936073059361,12,3,79.535095715588,0.366960692390912,84.55,4,36292.1949816483,4,0.0667215904701951,9960
Significant_Damage_And_Serious_Injuries,38.7214611872146,14,9,61.6681859617138,0.490292823656689,78.23,5,34008.9892156969,1,0.0238176990487667,6097
Significant_Damage_And_Fatalities,31.7808219178082,23,7,66.6818596171377,0.368403173458348,88.39,2,36933.8446810816,3,0.500932953505752,4566
Highly_Fatal_And_Damaging,30,22,0,50.9571558796719,0.481277316985214,83.58,1,42866.579179189,2,1.57560922196678,11463
Significant_Damage_And_Serious_Injuries,45.7077625570776,11,0,57.9762989972653,0.502553912729895,79.39,3,30440.4713906591,1,0.150293721810262,1565
Highly_Fatal_And_Damaging,58.310502283105,11,5,49.5897903372835,0.511930039668229,78.18,3,34132.2412197546,3,0.172001299953239,7329
Minor_Damage_And_Injuries,36.8493150684931,14,4,40.3828623518687,0.558089433826181,79.97,5,32860.905764516,2,0.0212408510470994,6217
Minor_Damage_And_Injuries,50.9132420091324,10,10,54.9680948040109,0.605691309051569,77.55,6,34887.2172055117,1,0.00876998260487481,12467
Significant_Damage_And_Fatalities,63.1963470319635,13,16,85.5970829535096,0.306737107825459,83.29,6,32184.4664342672,2,0.00772489540024573,2417
Significant_Damage_And_Serious_Injuries,32.4657534246575,15,18,76.0255241567913,0.317916336098088,77.17,1,20399.7828161936,2,0.74626961323349,3430
Highly_Fatal_And_Damaging,37.4885844748858,10,2,60.3919781221513,0.363354489722322,74.82,4,52783.6699929497,2,0.0941830531015625,1033
Minor_Damage_And_Injuries,55.7077625570776,12,23,76.9826800364631,0.294476018752254,80.8,6,18147.483466394,2,0.00470102364038039,11587
Significant_Damage_And_Serious_Injuries,40.1826484018265,13,2,77.073837739289,0.344602235845654,78.67,3,35393.9896903187,1,0.175837529631438,8019
Significant_Damage_And_Serious_Injuries,34.6575342465753,15,8,57.8851412944394,0.309622069960331,78.97,7,32734.0661637251,1,0.00307549916899895,8254