Severity,Safety_Score,Days_Since_Inspection,Total_Safety_Complaints,Control_Metric,Turbulence_In_gforces,Cabin_Temperature,Accident_Type_Code,Max_Elevation,Violations,Adverse_Weather_Metric,Accident_ID
Significant_Damage_And_Serious_Injuries,50.2739726027397,17,7,47.7210574293528,0.504717634331049,81.35,7,32473.8642120236,3,0.00331235995409662,510
Significant_Damage_And_Serious_Injuries,36.027397260274,14,6,58.3865086599818,0.350372160115398,81.02,3,43887.3019722406,1,0.221846344719795,4159
Significant_Damage_And_Fatalities,25.2511415525114,14,13,56.8368277119417,0.505078254597908,79.1,4,35509.2285154196,3,0.0651636744257849,1194
Minor_Damage_And_Injuries,46.4383561643836,15,7,60.9845031905196,0.361190768121168,76.1,5,30217.3866893707,1,0.0198462668231589,5071
Minor_Damage_And_Injuries,49.5890410958904,10,6,54.7857793983592,0.25985647313379,81.16,6,26187.9483800894,2,0.00701608590015726,5722
Significant_Damage_And_Fatalities,53.013698630137,16,0,80.1276207839562,0.297721601153985,82.66,7,5513.58652800857,3,0.00138423972261142,1805
Highly_Fatal_And_Damaging,77.8538812785388,4,10,52.9626253418414,0.430429859358096,83.5,2,31288.3431555066,4,0.423475054314669,1088
Significant_Damage_And_Fatalities,72.3287671232876,10,12,71.4676390154968,0.323686260367832,77.09,7,15748.1341436739,3,0.00145443416670772,5095
Minor_Damage_And_Injuries,25.2511415525114,17,5,49.5897903372835,0.696206996033177,81.66,2,37966.0325415586,2,0.510633766071412,6882
Significant_Damage_And_Serious_Injuries,50.5022831050228,10,0,67.7757520510483,0.392564731337901,78.94,1,26565.0475824998,2,0.973442982439142,11923
Minor_Damage_And_Injuries,37.8538812785388,17,11,75.1139471285324,0.281133068878471,79.62,4,20146.9172518634,1,0.0378292648966444,8840
Highly_Fatal_And_Damaging,41.7351598173516,16,1,54.7402005469462,0.503275153263613,77.25,3,32613.9337890191,3,0.162108139005818,11072
Significant_Damage_And_Fatalities,42.1004566210046,19,0,80.4010938924339,0.358305805986296,77.27,4,28643.6306545032,3,0.0538478066834855,4677
Minor_Damage_And_Injuries,47.8538812785388,14,7,80.0820419325433,0.283296790479625,83.56,2,20432.2797281007,3,0.274727998472217,6787
Significant_Damage_And_Serious_Injuries,41.1415525114155,13,2,69.1431175934367,0.320080057699243,81.23,3,28510.1224862741,4,0.142232506047654,3270
Highly_Fatal_And_Damaging,27.8538812785388,13,2,70.9206927985415,0.409874504147133,80.34,4,27009.5953686171,2,0.0488975818320902,9372
Highly_Fatal_And_Damaging,48.9041095890411,7,1,76.7547857793984,0.281854309412189,78.86,4,20490.6517189881,1,0.036900366110634,1188
Significant_Damage_And_Serious_Injuries,79.1780821917808,7,5,44.4393801276208,0.589824017309773,79.64,7,38888.7530091818,2,0.00346277084197133,3494
Significant_Damage_And_Fatalities,9.31506849315068,19,13,35.8249772105743,0.61939487919221,80.34,1,19033.8963381742,3,0.685290136584357,7878
Significant_Damage_And_Fatalities,20.8219178082192,15,2,44.7584320875114,0.727941579516768,77.64,3,14274.0590139556,1,0.074467276235794,8849
Minor_Damage_And_Injuries,58.4474885844749,11,5,82.1786690975388,0.292672917417959,77.17,1,30095.00139223,2,1.10713322942273,9629
Highly_Fatal_And_Damaging,36.1643835616438,11,2,68.4138559708295,0.377058059862964,81.53,1,24420.713003042,1,0.890281948019857,6309
Significant_Damage_And_Serious_Injuries,52.9680365296804,9,6,62.5341841385597,0.289066714749369,77.66,6,23792.1086071282,3,0.00625706195449091,11883
Highly_Fatal_And_Damaging,30.7305936073059,19,2,48.6782133090247,0.691158312297151,76.64,2,26816.7519798023,0,0.362925272467254,9472
Significant_Damage_And_Fatalities,65.662100456621,12,4,71.1941659070192,0.232449332852506,84.95,7,42627.7631749649,2,0.00397746981857576,11969
Significant_Damage_And_Serious_Injuries,36.0730593607306,14,3,82.9079307201459,0.351093400649116,82.88,2,31463.5685651779,1,0.425876292389397,10203
Significant_Damage_And_Serious_Injuries,40.2283105022831,13,0,62.9443938012762,0.358305805986296,78.71,3,28742.1312654465,2,0.142927068408558,5646
Minor_Damage_And_Injuries,55.9817351598173,12,0,88.6052871467639,0.184486837360259,82.06,3,30207.8523138926,1,0.151493600815679,5159
Significant_Damage_And_Fatalities,9.31506849315068,18,4,56.1075660893346,0.375615578795528,76.66,4,28559.5219851216,2,0.0516564922244154,2875
Significant_Damage_And_Fatalities,65.9817351598173,12,3,66.5451230628988,0.32116191849982,78.63,7,23826.0913171613,1,0.00212511012983095,2436
Highly_Fatal_And_Damaging,37.8082191780822,17,11,52.2333637192343,0.297721601153985,80.19,7,23192.1558746436,1,0.00243338404986988,11012
Minor_Damage_And_Injuries,49.5890410958904,10,0,50.5925250683683,0.411316985214569,83.57,4,54279.8866136332,2,0.102535145756963,10598
Highly_Fatal_And_Damaging,44.4292237442922,15,2,48.2224247948952,0.610018752253877,82.2,5,35903.2114970254,0,0.0241015917950138,11096
Significant_Damage_And_Serious_Injuries,65.8904109589041,9,2,45.897903372835,0.657981247746123,78.27,7,26531.1770939678,2,0.00243243998136578,175
Highly_Fatal_And_Damaging,29.1780821917808,13,1,64.9498632634458,0.455673278038226,77.59,2,40840.646356118,3,0.551419592392081,10159
Significant_Damage_And_Serious_Injuries,57.2602739726027,8,3,72.0601640838651,0.420332491886044,77.09,5,23674.0618451923,1,0.0153310618746404,4286
Significant_Damage_And_Serious_Injuries,49.0867579908676,10,1,61.2123974475843,0.469376848178867,79.29,1,33501.2328039891,1,1.22673721768654,2789
Significant_Damage_And_Serious_Injuries,43.8356164383562,12,3,79.7629899726527,0.378139920663541,78,5,15865.8721701261,1,0.0116003338192722,476
Significant_Damage_And_Fatalities,28.9041095890411,13,0,56.9279854147676,0.409153263613415,77.53,2,23407.410999469,1,0.318224181847226,6594
Highly_Fatal_And_Damaging,45.1598173515982,8,14,88.4685505925251,0.199632888568337,78.24,2,23008.2644650964,2,0.311425647542448,5534
Highly_Fatal_And_Damaging,38.4474885844749,10,2,65.9981768459435,0.474064911648034,77.62,1,25958.1374625071,0,0.957063791121957,6539
Minor_Damage_And_Injuries,44.6118721461187,12,13,51.0938924339107,0.644998918139199,77.12,6,39152.9933728058,2,0.00937101263382326,5241
Significant_Damage_And_Fatalities,57.6712328767123,3,10,40.5651777575205,0.578644789037144,79.6,7,21720.5738257697,2,0.00206802801762544,11004
Highly_Fatal_And_Damaging,29.8630136986301,12,1,74.2023701002735,0.337750450775333,77,4,41432.7487139018,3,0.075850778236244,4652
Minor_Damage_And_Injuries,64.2922374429224,9,1,91.2032816773017,0.217663901911287,83.53,7,31529.7623234607,2,0.00259978665309837,11404
Minor_Damage_And_Injuries,54.8858447488584,12,1,63.7192342752963,0.568547421565092,77.55,2,29989.7501979184,3,0.405598313032733,4925
Minor_Damage_And_Injuries,70.5479452054795,7,1,72.3792160437557,0.334865488640461,77.04,2,39884.6532151898,1,0.542971582342991,2670
Significant_Damage_And_Serious_Injuries,20.8675799086758,19,1,75.432999088423,0.23821925712225,79.16,4,30476.691698662,2,0.0557625104986608,1044
Minor_Damage_And_Injuries,54.0182648401826,12,17,49.3163172288059,0.444133429498738,80.83,2,29673.4596655361,1,0.403593936192003,11516
Minor_Damage_And_Injuries,60,10,0,66.5451230628988,0.368763793725207,78.13,2,42059.5289116091,1,0.568908460170474,4864
Minor_Damage_And_Injuries,40.1369863013699,16,2,64.9042844120328,0.274641904075009,79.37,2,33355.8640395299,1,0.451609331339098,5031
Significant_Damage_And_Fatalities,46.6666666666667,18,0,57.7484047402006,0.303852145690588,80.96,4,45969.4526879013,3,0.0847856393439959,10097
Significant_Damage_And_Fatalities,69.2694063926941,11,10,83.5460346399271,0.37128813559322,79.02,2,31865.4133969239,3,0.432637459972526,2802
Highly_Fatal_And_Damaging,20.1826484018265,15,0,65.0865998176846,0.256610890732059,84.15,2,21997.4295032142,2,0.299180249329287,9970
Significant_Damage_And_Serious_Injuries,36.7579908675799,14,3,71.0574293527803,0.29555787955283,79.92,1,37304.9976210729,0,1.37940962208732,7739
Significant_Damage_And_Serious_Injuries,24.703196347032,18,7,61.2123974475843,0.381024882798413,79.22,3,26501.394552042,4,0.132616661769745,10616
Highly_Fatal_And_Damaging,12.9680365296804,17,0,71.3764813126709,0.309622069960331,82.4,4,21536.2194666649,1,0.0392842404749492,9255
Highly_Fatal_And_Damaging,12.3744292237443,18,7,75.432999088423,0.316113234763794,76.27,4,30726.5644703725,1,0.0565389335559622,1426
Highly_Fatal_And_Damaging,45.7990867579909,8,24,71.9690063810392,0.271035701406419,79.99,6,32861.2768383276,2,0.00773208720267557,6644
Significant_Damage_And_Fatalities,36.2100456621005,11,10,50.7292616226071,0.618313018391633,80.14,3,47156.9384261401,2,0.236948192249694,5578
Significant_Damage_And_Serious_Injuries,42.4200913242009,12,4,68.915223336372,0.413841327082582,76.58,3,38140.7981125223,0,0.189891852323305,1752
Highly_Fatal_And_Damaging,36.1187214611872,11,6,64.6763901549681,0.324046880634692,75.95,4,30380.7345549793,2,0.056073195938879,9388
Highly_Fatal_And_Damaging,31.7808219178082,21,4,51.5496809480401,0.51156941940137,78.9,7,39496.1600186791,2,0.00357361782598262,9518
Highly_Fatal_And_Damaging,36.2557077625571,11,2,67.5934366453965,0.26706887847097,81.86,4,35237.7775518202,3,0.0638981672168987,3461
Significant_Damage_And_Serious_Injuries,49.8173515981735,10,10,64.5852324521422,0.339553552109629,81.04,6,28542.004184011,2,0.00705230146184997,1006
Highly_Fatal_And_Damaging,35.1598173515982,11,1,57.2926162260711,0.441609087630725,82.13,3,13671.3751225996,2,0.0659238242008835,10881
Significant_Damage_And_Serious_Injuries,14.8858447488584,20,2,74.2023701002735,0.235334294987378,77.43,3,24272.0591078432,1,0.119606400550729,9332
Minor_Damage_And_Injuries,71.8721461187215,3,34,52.0966271649954,0.447739632167328,77.54,3,29830.8511379732,0,0.147969484951643,7964
Significant_Damage_And_Serious_Injuries,44.0639269406393,12,7,66.4995442114859,0.430790479624955,77.4,1,28072.9877206237,1,1.04600375319121,9084
Minor_Damage_And_Injuries,45.4337899543379,15,5,65.9981768459435,0.300967183555716,81.8,2,20478.7647390918,1,0.277637542715051,8220
Significant_Damage_And_Fatalities,26.2100456621005,14,5,40.5651777575205,0.735153984853949,80.52,1,37764.967026453,3,1.39011858032607,7956
Significant_Damage_And_Serious_Injuries,57.945205479452,8,16,51.0027347310848,0.439445366029571,75.35,3,33284.9308408919,2,0.166010239858908,5043
Highly_Fatal_And_Damaging,2.73972602739726,23,5,67.4111212397448,0.469737468445727,77.22,4,49433.3029790945,2,0.0905402526442483,9992
Minor_Damage_And_Injuries,68.2648401826484,8,4,79.0337283500456,0.281133068878471,78.24,2,28658.6331440388,2,0.387182416712817,6476
Minor_Damage_And_Injuries,55.8904109589041,12,3,61.6681859617138,0.316834475297511,85.98,2,48197.220754101,0,0.655799278013633,10416
Significant_Damage_And_Serious_Injuries,40.7762557077626,13,20,60.2552415679125,0.353617742517129,78.2,1,34151.7001524221,2,1.24933997725514,4224
Highly_Fatal_And_Damaging,2.64840182648402,23,3,60.9845031905196,0.369124413992066,83.34,7,62672.5995653643,2,0.00454883282263719,10149
Highly_Fatal_And_Damaging,44.4292237442922,8,4,68.915223336372,0.333062387306166,78.34,4,25270.3960670288,3,0.0453050042984426,9286
Minor_Damage_And_Injuries,36.62100456621,14,5,55.0592525068368,0.488489722322394,83.57,2,44557.4777498365,1,0.606591695439003,5191
Significant_Damage_And_Serious_Injuries,51.7808219178082,9,2,82.3609845031905,0.228843130183916,84.41,3,46553.5755769139,3,0.231845913463668,6942
Highly_Fatal_And_Damaging,33.9269406392694,11,14,73.4275296262534,0.311064551027768,78.2,4,29123.2583793699,1,0.05298780403596,1225
Minor_Damage_And_Injuries,56.9406392694064,11,0,82.6800364630811,0.289066714749369,78.46,2,46540.2467885055,3,0.637297326574672,7487
Significant_Damage_And_Fatalities,30.3196347031963,12,5,56.8368277119417,0.330538045438154,83.56,3,34772.3120977893,1,0.173410918167831,363
Significant_Damage_And_Fatalities,26.4840182648402,13,25,52.3245214220602,0.463246303642264,75.97,4,27476.9473307374,4,0.0503844630892246,1526
Highly_Fatal_And_Damaging,5.20547945205479,20,6,74.1567912488605,0.235694915254237,84.78,4,26198.2158404159,2,0.0480482439830435,3457
Significant_Damage_And_Serious_Injuries,54.8401826484018,9,3,75.7064721969006,0.368763793725207,76.56,7,54110.277505056,3,0.00445126854005271,8276
Highly_Fatal_And_Damaging,23.8356164383562,14,7,58.4320875113947,0.394007212405337,78.7,1,32279.3814069112,2,1.18973850932643,958
Minor_Damage_And_Injuries,41.324200913242,16,2,76.253418413856,0.520945546339704,77.13,2,20374.9875573108,4,0.276520836417221,6479
Significant_Damage_And_Serious_Injuries,42.3744292237443,12,8,74.2023701002735,0.234973674720519,75.97,3,33861.5536967773,1,0.167893190363399,3994
Significant_Damage_And_Serious_Injuries,68.675799086758,11,6,55.2871467639016,0.590184637576631,78.67,7,5142.28607310439,2,0.00142941827528228,11652
Minor_Damage_And_Injuries,18.1278538812785,19,18,55.9708295350957,0.315752614496934,80.02,6,33914.1168763119,0,0.0083982544312787,3616
Significant_Damage_And_Fatalities,28.5388127853881,13,2,48.7237921604376,0.514093761269383,77.35,2,27716.3461658188,2,0.375592449338442,6348
Minor_Damage_And_Injuries,70.5479452054795,7,0,68.4594348222425,0.377418680129823,77.04,4,19245.887227457,1,0.0363976969306029,1040
Highly_Fatal_And_Damaging,23.6073059360731,14,15,74.7493163172288,0.532124774612333,82.13,7,32510.7217322946,2,0.00311549295347341,7327
Highly_Fatal_And_Damaging,49.3607305936073,14,2,50.3646308113035,0.498947710061305,80.23,3,11809.795062478,2,0.0575890974839405,4156
Highly_Fatal_And_Damaging,25.662100456621,14,6,66.2716499544212,0.473704291381176,80.42,6,19618.548566256,3,0.00477606636088931,4578
Minor_Damage_And_Injuries,30.7762557077626,16,3,56.8824065633546,0.322243779300397,81.26,1,26930.3762347395,2,0.998432424921525,11781
Highly_Fatal_And_Damaging,22.9223744292237,15,8,73.6554238833182,0.404104579877389,89.19,3,47592.316643138,2,0.236948192249694,6165
Significant_Damage_And_Serious_Injuries,31.3698630136986,15,2,65.1321786690975,0.438724125495853,78.67,4,26433.2861366269,3,0.0480000313191448,2052
Minor_Damage_And_Injuries,54.703196347032,12,1,87.693710118505,0.277526866209881,76.18,1,30095.00139223,4,1.10289715584837,881
Minor_Damage_And_Injuries,25.9817351598173,20,0,56.7456700091158,0.555204471691309,77.95,4,40729.8147773945,3,0.0743575787909855,209
Highly_Fatal_And_Damaging,11.5068493150685,18,32,64.5396536007293,0.387876667868734,82.39,4,39901.6054859658,1,0.0722610484320384,241
Significant_Damage_And_Fatalities,39.5433789954338,21,3,58.20419325433,0.46829498737829,82,7,30195.7392180597,3,0.00266826442491109,5634
Minor_Damage_And_Injuries,29.8173515981735,16,3,42.5706472196901,0.608215650919581,81.74,3,32655.8419309908,4,0.162085006509895,11822
Highly_Fatal_And_Damaging,36.4383561643836,11,3,73.7010027347311,0.214418319509556,84.4,7,25758.1197982121,1,0.00224682397687893,5830
Highly_Fatal_And_Damaging,25.8904109589041,14,5,65.2689152233364,0.316473855030653,79.48,4,29727.4972777029,3,0.0547403831070529,11119
Highly_Fatal_And_Damaging,33.2420091324201,11,8,76.6180492251596,0.371648755860079,79.83,2,25605.0986574627,0,0.344926674199494,11415
Highly_Fatal_And_Damaging,12.5114155251142,17,14,53.7374658158614,0.554122610890732,82.15,4,53966.6227232374,1,0.100005416841789,6230
Highly_Fatal_And_Damaging,29.2237442922374,13,0,82.3154056517776,0.221270104579877,77.63,6,32222.0358753946,3,0.00821406609515457,2724
Highly_Fatal_And_Damaging,48.2648401826484,14,20,50.1823154056518,0.484522899386945,77.89,3,40442.7281475776,1,0.199990448988869,1732
Highly_Fatal_And_Damaging,26.7123287671233,13,2,57.6116681859617,0.438002884962135,85.26,6,35808.7534386445,4,0.00869067328026623,5448
Significant_Damage_And_Fatalities,73.1050228310502,10,7,70.9206927985415,0.24903786512802,78.14,7,32463.032918282,2,0.00307977328659493,12294
Minor_Damage_And_Injuries,69.3607305936073,8,1,74.6581586144029,0.306015867291742,77.52,2,28185.910470363,2,0.379276810633701,8667
Highly_Fatal_And_Damaging,71.9178082191781,7,1,47.9489516864175,0.598839523981248,82.13,3,34791.9975752394,3,0.17306668059366,11912
Highly_Fatal_And_Damaging,34.2465753424658,11,2,77.2561531449408,0.262020194734944,77.4,4,33007.8815916319,3,0.0597560868165434,6673
Significant_Damage_And_Serious_Injuries,32.8767123287671,15,4,79.535095715588,0.222351965380454,77.87,4,43569.6921226912,2,0.0796416216471924,6894
Highly_Fatal_And_Damaging,39.8173515981735,9,2,59.2069279854148,0.2923122971511,80.55,1,39923.9953288216,2,1.46134822160589,1132
Minor_Damage_And_Injuries,60,10,4,70.4193254329991,0.390401009736747,76.27,2,33309.9400006456,2,0.451609331339098,340
Highly_Fatal_And_Damaging,49.1780821917808,14,22,43.1631722880583,0.485604760187523,76.95,2,26385.9208020125,2,0.35647718909282,8160
Highly_Fatal_And_Damaging,53.1963470319635,9,0,73.8377392889699,0.369845654525784,81.23,4,39694.5021804369,1,0.0722610484320384,6549
Significant_Damage_And_Fatalities,40.8219178082192,9,10,46.0802187784868,0.37489433826181,83.17,4,27281.2201719224,2,0.0502229972557038,10822
Significant_Damage_And_Fatalities,59.4520547945205,14,32,65.4512306289882,0.46108258204111,78.91,6,35818.6532209991,2,0.00847670132384697,3276
Significant_Damage_And_Serious_Injuries,15.2054794520548,20,10,59.3892433910666,0.283657410746484,76.79,3,28554.7773720691,2,0.142927068408558,302
Significant_Damage_And_Serious_Injuries,34.7488584474886,14,13,57.4293527803099,0.505078254597908,85.1,3,37686.4244586815,3,0.187059500793385,4725
Significant_Damage_And_Serious_Injuries,76.6666666666667,10,1,51.3673655423883,0.640310854670032,81.08,7,36885.6979512017,3,0.00345265139045912,4303
Significant_Damage_And_Fatalities,51.8721461187215,6,2,49.6809480401094,0.361551388388027,78.23,7,32253.3806018104,3,0.00303903530874409,3340
Minor_Damage_And_Injuries,44.3835616438356,15,12,65.2689152233364,0.32116191849982,77.67,2,19243.1330905624,1,0.253283470951117,4692
Minor_Damage_And_Injuries,45.0684931506849,15,3,60.6198723792161,0.452788315903353,81.93,2,16099.4774068421,2,0.209602822932632,9617
Significant_Damage_And_Serious_Injuries,32.3744292237443,15,22,76.0711030082042,0.27788748647674,78.54,3,42485.506454896,2,0.210513625790142,5552
Highly_Fatal_And_Damaging,31.8264840182648,12,3,68.7784867821331,0.383549224666426,79.7,6,36292.1949816483,2,0.00831088754460274,10814
Minor_Damage_And_Injuries,51.2785388127854,13,1,59.0701914311759,0.467213126577713,84.52,4,31227.7542146101,0,0.0573884601721742,6706
Significant_Damage_And_Fatalities,72.3287671232876,10,2,59.5259799453054,0.366960692390912,78.09,7,30049.5696334466,3,0.00290596062936777,4055
Highly_Fatal_And_Damaging,19.6803652968037,16,11,61.9872379216044,0.556646952758745,77.39,1,29430.8034286226,2,1.08279062206135,10164
Significant_Damage_And_Fatalities,4.29223744292237,21,4,55.6973564266181,0.418529390551749,80.86,2,10923.0194874701,0,0.134834939340907,6205
Highly_Fatal_And_Damaging,36.4383561643836,10,3,68.4138559708295,0.24543166245943,81.53,4,43568.4879176962,1,0.0804705844406809,2942
Highly_Fatal_And_Damaging,15.4794520547945,17,2,68.4594348222425,0.340274792643346,82.92,4,48025.5664059958,3,0.0892827355015043,4563
Significant_Damage_And_Serious_Injuries,54.5205479452055,8,0,60.6198723792161,0.503635773530472,77.55,3,33372.8197860987,0,0.164634007734505,7815
Minor_Damage_And_Injuries,29.4977168949772,16,1,47.0829535095716,0.603888207717274,79.15,4,24600.5650962669,4,0.0453323988881035,310
Minor_Damage_And_Injuries,41.2785388127854,16,7,58.4320875113947,0.393285971871619,83.92,2,44363.1891191291,3,0.600381644287286,11942
Significant_Damage_And_Fatalities,12.6940639269406,18,13,50.1367365542388,0.448460872701046,83.81,4,34811.6846134921,1,0.0639057568277937,12360
Minor_Damage_And_Injuries,68.9954337899543,8,21,70.1458523245214,0.301327803822575,88.71,2,6695.81475147089,0,0.0957534182118543,3861
Significant_Damage_And_Serious_Injuries,49.8173515981735,10,11,78.9881494986326,0.311064551027768,84.8,6,40757.3230112037,2,0.00959784055947456,10256
Highly_Fatal_And_Damaging,31.0958904109589,12,5,87.5569735642662,0.234973674720519,80.24,3,33570.2963672233,1,0.168173042884736,8189
Significant_Damage_And_Serious_Injuries,33.2876712328767,15,4,64.7219690063811,0.4145625676163,77.63,3,29267.1648734599,2,0.145406245169267,826
Significant_Damage_And_Serious_Injuries,37.5342465753425,14,1,74.7493163172288,0.389679769203029,79.31,7,34289.0143128188,1,0.00317375662311287,1783
Significant_Damage_And_Fatalities,35.9817351598173,11,6,45.8067456700091,0.410595744680851,82.54,4,17019.5745882236,4,0.031352391443091,1178
Significant_Damage_And_Serious_Injuries,29.5433789954338,16,12,70.0091157702826,0.464328164442842,79.54,6,17260.0722672599,0,0.00433208132714267,5502
Highly_Fatal_And_Damaging,22.7397260273973,15,2,62.8532360984503,0.330898665705012,90.87,7,32019.919489192,3,0.00285292274889008,11369
Significant_Damage_And_Serious_Injuries,44.703196347032,12,3,73.9288969917958,0.381746123332131,81.23,6,36468.4292231444,4,0.00917072119817155,4325
Minor_Damage_And_Injuries,47.4885844748858,10,0,66.9097538742024,0.420332491886044,79.34,1,26600.5288297051,1,0.969928358500008,10969
Minor_Damage_And_Injuries,47.4885844748858,11,16,54.6490428441203,0.474786152181753,75.54,4,24170.0895338431,2,0.0443042071804465,11892
Significant_Damage_And_Fatalities,38.8584474885845,10,17,51.8231540565178,0.639950234403173,83.73,5,38340.917759317,1,0.025816320539418,4076
Highly_Fatal_And_Damaging,21.7351598173516,15,19,91.1121239744758,0.257692751532636,78.53,4,20028.1631631448,3,0.0356172029643824,4667
Minor_Damage_And_Injuries,48.4474885844749,14,1,68.7784867821331,0.265265777136675,76.77,2,20871.6060187312,1,0.278446237781689,4408
Minor_Damage_And_Injuries,55.1141552511415,12,2,78.7602552415679,0.390761630003606,78,2,9065.40417066948,3,0.116198848524886,1427
Minor_Damage_And_Injuries,55.0684931506849,12,1,65.4512306289882,0.451345834835918,80.31,5,21779.8358358126,2,0.0142540310188067,5886
Highly_Fatal_And_Damaging,35.9360730593607,11,9,74.7037374658159,0.326931842769563,79.85,2,50246.9001511825,2,0.67013217659738,10885
Minor_Damage_And_Injuries,34.0182648401826,15,8,49.6809480401094,0.337029210241615,78.18,3,24897.4411607909,3,0.124435001468023,10833
Highly_Fatal_And_Damaging,25.2511415525114,14,43,63.9015496809481,0.246513523260007,82.97,1,23362.5382988508,3,0.859867417828303,10939
Minor_Damage_And_Injuries,50.0913242009132,13,5,70.1458523245214,0.672406058420483,77.55,7,29646.1499330135,3,0.00270472976860055,2707
Highly_Fatal_And_Damaging,23.0593607305936,14,15,56.1987237921604,0.399416516408222,77.47,6,29311.5725785883,2,0.00720357970658475,11256
Highly_Fatal_And_Damaging,20.8219178082192,15,1,79.3983591613491,0.245792282726289,78.46,4,41371.6365588084,3,0.0763710398578118,9147
Significant_Damage_And_Fatalities,17.4885844748858,16,1,37.5113947128533,0.577923548503426,77.17,2,47505.4622906068,2,0.641805738503765,8711
Highly_Fatal_And_Damaging,29.5890410958904,13,12,62.2607110300821,0.247234763793725,81.1,4,35920.1462391505,2,0.0665314538675571,6874
Minor_Damage_And_Injuries,63.013698630137,6,11,33.6827711941659,0.564219978362784,76.63,1,35305.1741362138,4,1.29880477316908,2555
Significant_Damage_And_Serious_Injuries,58.2191780821918,8,7,92.2971741112124,0.211533357374684,81.1,6,41264.2046444076,2,0.0100247500426134,625
Significant_Damage_And_Serious_Injuries,36.8949771689498,14,11,72.8350045578852,0.351814641182834,76.79,3,31728.6566869053,2,0.156147792298604,3355
Significant_Damage_And_Serious_Injuries,60.1369863013699,14,2,51.4585232452142,0.480556076451497,76.19,7,31532.3594638294,2,0.00291218533891288,7044
Highly_Fatal_And_Damaging,21.8264840182648,15,0,66.5451230628988,0.523469888207717,78.19,7,35769.5193950316,2,0.00307248713334016,854
Significant_Damage_And_Serious_Injuries,39.4977168949772,13,0,53.9197812215132,0.474425531914894,79.1,3,24865.1960841046,2,0.123761057564859,8689
Highly_Fatal_And_Damaging,28.6301369863014,20,1,56.8368277119417,0.364436350522899,83.72,4,41920.2471614135,2,0.0765664060964708,8062
Significant_Damage_And_Fatalities,58.7214611872146,14,7,73.4275296262534,0.222712585647313,78.3,6,19550.4236118066,0,0.00497222435160952,6943
Significant_Damage_And_Fatalities,59.8173515981735,14,0,61.5314494074749,0.250119725928597,78.92,7,41329.4435546774,3,0.0040045627353063,12305
Minor_Damage_And_Injuries,40.7305936073059,16,10,57.7484047402006,0.717483591777858,83.25,5,43803.4361082034,1,0.0295890722160564,2874
Significant_Damage_And_Fatalities,23.7442922374429,14,7,53.327256153145,0.395449693472773,85.87,4,34446.9762238693,3,0.0628086341822525,12243
Significant_Damage_And_Serious_Injuries,41.8264840182648,13,1,72.4247948951687,0.373451857194374,77.09,6,28967.6353257614,4,0.00728601638188259,239
Highly_Fatal_And_Damaging,30.9132420091324,12,0,57.2926162260711,0.348929679047962,83.63,4,42442.8852384222,1,0.0775419698101819,4083
Highly_Fatal_And_Damaging,50.7305936073059,6,1,75.8432087511395,0.370927515326361,79.91,4,31003.9110435795,2,0.0563295397232032,10585
Significant_Damage_And_Fatalities,70.0913242009132,11,3,57.4293527803099,0.399777136675081,81.78,7,28891.4980176386,0,0.00279628317028023,962
Minor_Damage_And_Injuries,69.7260273972603,7,9,68.2771194165907,0.35686332491886,79.65,2,22472.1674595243,4,0.305093661170335,9546
Highly_Fatal_And_Damaging,53.7899543378995,12,0,50.6836827711942,0.645720158672917,80.16,3,41138.0780833803,1,0.205286208938162,3469
Highly_Fatal_And_Damaging,40.7762557077626,16,9,53.2360984503191,0.424659935088352,79.6,2,40868.6537866347,0,0.551040805007,6084
Significant_Damage_And_Fatalities,58.7671232876712,14,8,78.5323609845032,0.249759105661738,88.93,2,20970.593544562,2,0.283595649158391,5782
Minor_Damage_And_Injuries,46.1643835616438,15,3,78.0765724703738,0.355060223584565,76.89,2,41494.368499835,3,0.561343946515332,11590
Significant_Damage_And_Serious_Injuries,47.5799086757991,11,6,69.9179580674567,0.228482509917057,81.09,6,28586.8716057328,1,0.00745327975699493,9902
Significant_Damage_And_Serious_Injuries,26.5753424657534,17,13,80.4922515952598,0.324768121168409,79.57,3,39140.6113678675,2,0.194627896518072,4326
Minor_Damage_And_Injuries,49.0867579908676,14,2,92.8896991795807,0.162489001081861,79.98,2,12091.874378794,2,0.169198630884806,5657
Significant_Damage_And_Serious_Injuries,31.1415525114155,16,7,69.7812215132179,0.309261449693473,76.48,7,4203.26637262123,1,0.00148033397409175,8541
Highly_Fatal_And_Damaging,26.3470319634703,13,22,62.8988149498633,0.288345474215651,77.16,4,20692.5240026338,3,0.0373196077530156,7034
Highly_Fatal_And_Damaging,31.9634703196347,12,17,81.4494074749317,0.433675441759827,77.26,1,28193.962254837,1,1.03719790787182,12087
Highly_Fatal_And_Damaging,20.4566210045662,15,2,65.9981768459435,0.260577713667508,78.8,7,27035.8387936996,3,0.00251233544374229,10396
Significant_Damage_And_Serious_Injuries,27.945205479452,17,1,64.9954421148587,0.425741795888929,79.03,3,37047.5511597612,3,0.184886418746886,8923
Highly_Fatal_And_Damaging,72.5570776255708,7,2,66.1349134001823,0.335586729174179,77.04,2,50138.8533250908,2,0.677300018921993,1140