Severity,Safety_Score,Days_Since_Inspection,Total_Safety_Complaints,Control_Metric,Turbulence_In_gforces,Cabin_Temperature,Accident_Type_Code,Max_Elevation,Violations,Adverse_Weather_Metric,Accident_ID
Significant_Damage_And_Serious_Injuries,38.310502283105,13,3,74.9772105742936,0.249759105661738,78.65,3,45645.0096876542,0,0.227253121797105,6430
Significant_Damage_And_Serious_Injuries,38.7214611872146,13,9,62.9443938012762,0.379582401730977,76.35,3,22231.9110606015,2,0.110373990402509,7611
Significant_Damage_And_Serious_Injuries,41.8264840182648,12,3,74.5214220601641,0.40013775694194,80.79,3,32649.4625071351,1,0.161430274694412,8504
Highly_Fatal_And_Damaging,42.5570776255708,9,9,68.1859617137648,0.237498016588532,81.73,1,29306.9507519677,2,1.08896280542045,4520
Significant_Damage_And_Fatalities,87.4885844748858,6,21,72.971741112124,0.492817165524703,84.03,7,43564.0944400642,2,0.00388720588219151,10285
Significant_Damage_And_Serious_Injuries,46.1643835616438,18,4,37.8760255241568,0.600282005048683,80.61,4,32986.7833036824,2,0.0602782872200922,10381
Significant_Damage_And_Fatalities,80.958904109589,8,7,56.8368277119417,0.409153263613415,83.04,7,17582.7396691811,4,0.00155927424481951,11615
Significant_Damage_And_Serious_Injuries,35.1141552511415,14,2,71.8322698268004,0.363715109989181,78.15,3,37550.3987735086,2,0.187105192249461,2071
Significant_Damage_And_Fatalities,23.4246575342466,15,0,56.4721969006381,0.375976199062387,81.58,5,34458.2967165505,2,0.0237065079134959,6803
Minor_Damage_And_Injuries,39.3607305936073,17,2,63.7192342752963,0.452427695636495,77.78,7,35247.2887973971,2,0.0031758860473211,5767
Significant_Damage_And_Fatalities,68.0365296803653,12,5,77.7575205104832,0.263823296069239,79.88,7,26150.1797214222,2,0.00240087321292364,11060
Significant_Damage_And_Serious_Injuries,34.3835616438356,15,5,62.3518687329079,0.339192931842769,77.38,3,13375.3548625214,2,0.0659238242008835,2710
Significant_Damage_And_Serious_Injuries,53.2420091324201,16,0,46.2625341841386,0.510848178867652,78.23,7,45864.1780423704,0,0.0038460374795458,10744
Minor_Damage_And_Injuries,46.4383561643836,15,6,69.9179580674567,0.324046880634692,77.89,2,19100.8703857173,2,0.256113629626921,8063
Minor_Damage_And_Injuries,41.4611872146119,13,2,53.9653600729262,0.461803822574828,87,2,29498.4301186926,1,0.396979933671775,9732
Minor_Damage_And_Injuries,63.6529680365297,6,11,36.7821330902462,0.456033898305084,76.22,3,26733.763247326,2,0.134611369951369,9304
Highly_Fatal_And_Damaging,14.2465753424657,17,0,71.6043755697357,0.290148575549946,77.29,1,12642.6820151813,1,0.202495647194575,1324
Highly_Fatal_And_Damaging,10.5022831050228,18,0,80.6289881494986,0.281854309412189,77.64,1,31497.9499673991,4,1.15647808158358,12270
Minor_Damage_And_Injuries,38.3561643835616,14,1,56.9279854147676,0.538976559682654,78.02,6,36484.2326304193,2,0.00898285702476395,1130
Significant_Damage_And_Fatalities,56.2100456621004,15,0,67.6390154968095,0.340274792643346,76.68,2,57329.6806139297,2,0.751591484711042,1949
Minor_Damage_And_Injuries,37.4429223744292,17,11,75.3418413855971,0.388237288135593,82.17,2,25688.5204959083,2,0.344926674199494,1077
Minor_Damage_And_Injuries,43.3333333333333,15,9,70.2825888787603,0.393646592138478,76.86,5,14139.9067872575,2,0.0108072656643546,10335
Significant_Damage_And_Serious_Injuries,40.9132420091324,13,0,63.8559708295351,0.271396321673278,78.76,4,38550.1322252062,2,0.0710959797816375,7096
Significant_Damage_And_Serious_Injuries,39.9086757990868,13,1,65.2689152233364,0.250119725928597,78.74,3,47495.6595147704,1,0.233684409670316,7650
Minor_Damage_And_Injuries,56.1187214611872,8,1,53.1905195989061,0.584775333573747,78.31,3,39820.4192512397,2,0.198958190239315,8951
Significant_Damage_And_Fatalities,14.4748858447489,17,3,43.0720145852325,0.456033898305084,76.8,4,21448.4685538939,1,0.0392500739871597,10931
Minor_Damage_And_Injuries,40.6849315068493,16,1,72.3792160437557,0.302409664623152,77.94,4,19615.290329981,1,0.0359326251060639,1871
Minor_Damage_And_Injuries,43.1963470319635,15,0,72.7438468550593,0.231728092318788,75.59,4,47141.2263132954,1,0.0865139983925863,8810
Significant_Damage_And_Serious_Injuries,40.8219178082192,13,0,64.2206016408387,0.273560043274432,83.82,6,33355.8640395299,2,0.00880518950811756,9348
Minor_Damage_And_Injuries,54.1095890410959,12,1,90.154968094804,0.268150739271547,76.42,5,24842.6498966652,1,0.0163680516978405,8554
Significant_Damage_And_Serious_Injuries,44.7488584474886,12,4,60.0273473108478,0.407710782545979,77.1,5,38801.3690549755,2,0.026380928931565,6707
Highly_Fatal_And_Damaging,33.1963470319635,12,14,71.5587967183227,0.351454020915975,87.86,5,48169.6410596784,3,0.0331848565099239,11076
Highly_Fatal_And_Damaging,40.6392694063927,16,1,53.6918869644485,0.474425531914894,77.25,1,10587.3525848917,2,0.414537351776925,7914
Minor_Damage_And_Injuries,52.5570776255708,13,5,58.7055606198724,0.377058059862964,80.07,2,50738.4335410912,2,0.691152160528896,9867
Highly_Fatal_And_Damaging,36.62100456621,10,11,73.6098450319052,0.405907681211684,79.28,4,47147.8297247954,2,0.0865963416873615,12471
Highly_Fatal_And_Damaging,4.65753424657534,20,5,69.644484958979,0.199632888568337,78.7,7,30696.568878763,1,0.00270472976860055,314
Significant_Damage_And_Serious_Injuries,33.7899543378995,15,5,79.8541476754786,0.295197259285972,83.96,3,21852.7135965614,3,0.108798254585535,7522
Highly_Fatal_And_Damaging,36.4383561643836,11,3,70.0091157702826,0.282575549945907,81.86,2,27619.7064200209,2,0.372264719104535,9795
Significant_Damage_And_Serious_Injuries,26.1187214611872,17,0,82.4521422060164,0.184486837360259,82.97,2,15127.5353999436,1,0.17603090511794,5952
Significant_Damage_And_Serious_Injuries,50.2739726027397,17,0,43.0720145852325,0.438724125495853,79.56,7,23304.6623368483,3,0.00243338404986988,6270
Significant_Damage_And_Fatalities,71.7808219178082,10,3,84.8678213309025,0.199993508835196,79.88,7,30107.3466414306,2,0.00282523700614346,103
Significant_Damage_And_Serious_Injuries,45.2511415525114,11,3,75.8432087511395,0.384991705733862,80.79,3,22172.6983509275,3,0.109711641703001,5754
Minor_Damage_And_Injuries,46.2557077625571,15,17,72.0145852324522,0.388958528669311,79.17,7,39241.561083223,1,0.00362218377914123,8292
Highly_Fatal_And_Damaging,25.5707762557078,14,15,65.0865998176846,0.38931914893617,78.63,4,37949.724386184,1,0.0691843136690765,12138
Highly_Fatal_And_Damaging,20.2283105022831,15,8,76.9371011850502,0.381746123332131,79.52,7,32099.6049465887,4,0.00283676253405104,9390
Significant_Damage_And_Fatalities,23.4246575342466,14,0,46.0346399270738,0.438724125495853,81.91,1,36638.3487690938,3,1.34636408457868,4191
Highly_Fatal_And_Damaging,13.6986301369863,17,34,62.3518687329079,0.585496574107465,78.93,4,46291.3905755955,2,0.0847717786435794,9664
Highly_Fatal_And_Damaging,56.5753424657534,12,13,50.3646308113035,0.444854670032455,86.34,2,20204.6489775497,1,0.276520836417221,2936
Significant_Damage_And_Fatalities,34.2922374429224,12,7,45.8067456700091,0.410595744680851,81.08,2,19136.0861004631,0,0.253283470951117,2926
Significant_Damage_And_Serious_Injuries,35.7990867579909,14,4,71.6043755697357,0.227040028849621,77.91,6,40181.9844552875,1,0.00992998080917035,4256
Significant_Damage_And_Serious_Injuries,60.4566210045662,7,9,87.6481312670921,0.239661738189686,81.38,6,26215.0186448036,3,0.00678801516185438,12497
Minor_Damage_And_Injuries,60.8219178082192,10,10,66.362807657247,0.416726289217454,78.47,4,27222.8941270034,1,0.0503844630892246,12358
Significant_Damage_And_Serious_Injuries,39.9086757990868,13,4,64.1294439380128,0.331259285971872,77.9,3,22941.1815763691,2,0.114141494579157,8053
Highly_Fatal_And_Damaging,31.8264840182648,12,2,74.7493163172288,0.222351965380454,76.11,4,31531.7961960508,2,0.0578632306636776,10576
Highly_Fatal_And_Damaging,32.9223744292237,12,1,78.669097538742,0.249759105661738,81.04,3,27158.3568595258,2,0.134106923037714,12405
Significant_Damage_And_Serious_Injuries,33.6529680365297,15,0,78.4867821330902,0.363354489722322,82.88,6,26977.6134522676,2,0.00651040283031829,1818
Significant_Damage_And_Fatalities,30.1369863013699,12,1,55.2415679124886,0.471540569780022,82.02,1,42639.1391996363,3,1.56620755459219,1365
Highly_Fatal_And_Damaging,46.2557077625571,8,1,72.2880583409298,0.249759105661738,76.17,4,39280.6384452088,2,0.0720532143220995,1245
Significant_Damage_And_Serious_Injuries,27.3972602739726,17,6,69.2342752962625,0.323686260367832,78.16,6,42282.1578814098,2,0.00951409917260054,2328
Highly_Fatal_And_Damaging,17.0776255707763,16,0,74.1567912488605,0.284739271547061,79.27,4,41573.9651981208,2,0.0765664060964708,10865
Minor_Damage_And_Injuries,56.4840182648402,11,20,60.3463992707384,0.353617742517129,79.25,5,42277.9678950802,2,0.0284866706906088,7391
Significant_Damage_And_Serious_Injuries,45.2511415525114,11,2,60.1185050136736,0.422135593220339,85.42,6,35902.3547465078,4,0.0082521314597267,11803
Highly_Fatal_And_Damaging,16.8036529680365,16,14,71.6499544211486,0.306737107825459,78,4,33596.650764814,1,0.0610267085365182,10897
Minor_Damage_And_Injuries,54.7945205479452,12,2,68.869644484959,0.28149368914533,80.44,5,41124.4763700121,1,0.0273168021552321,11184
Significant_Damage_And_Fatalities,60.1826484018265,14,13,58.5232452142206,0.543664623151821,78.87,7,21179.1038747685,1,0.00170172802667714,6608
Minor_Damage_And_Injuries,38.0365296803653,17,0,78.4867821330902,0.393646592138478,81.15,6,35557.6780853689,2,0.00890099870458009,4625
Minor_Damage_And_Injuries,53.9269406392694,12,34,57.5205104831358,0.437642264695276,86.43,2,35580.6487001058,1,0.481719619088506,2964
Significant_Damage_And_Serious_Injuries,39.1780821917808,13,3,74.9772105742936,0.361551388388027,79.53,3,37209.4334568823,1,0.18526859547038,11718
Highly_Fatal_And_Damaging,26.7123287671233,13,25,63.9015496809481,0.199632888568337,77.16,1,22730.4709071459,1,0.83130070319387,10042
Highly_Fatal_And_Damaging,9.49771689497717,18,19,75.6608933454877,0.394367832672196,79.82,1,26991.8380389602,0,1.00860793316672,6789
Significant_Damage_And_Serious_Injuries,48.8127853881278,10,0,64.9954421148587,0.175471330688784,77.3,3,30197.4749749803,2,0.151460169601184,10719
Minor_Damage_And_Injuries,52.5570776255708,13,4,58.0218778486782,0.287263613415074,81.92,5,44502.4966181395,1,0.0306133067658192,4619
Highly_Fatal_And_Damaging,46.8493150684931,14,19,33.9562443026436,0.682864046159394,79.74,7,43993.907529507,1,0.00388890879144481,9988
Significant_Damage_And_Serious_Injuries,33.972602739726,15,0,66.40838650866,0.387516047601875,80.98,3,42493.8649575514,2,0.211029208941677,1126
Significant_Damage_And_Serious_Injuries,18.3561643835616,20,3,59.9817684594348,0.46829498737829,79.45,3,16252.9008928241,0,0.0802203986001877,3286
Significant_Damage_And_Serious_Injuries,37.5342465753425,14,1,60.8477666362808,0.492095924990984,76.89,1,14096.2612551949,2,0.53645874914724,2229
Minor_Damage_And_Injuries,50.5936073059361,13,12,75.1139471285324,0.281133068878471,82.15,5,20432.2797281007,1,0.0145494650084558,3018
Minor_Damage_And_Injuries,44.5662100456621,15,0,64.1294439380128,0.442330328164443,77.77,5,30497.8886605549,1,0.0210316608109044,5528
Significant_Damage_And_Serious_Injuries,45.2511415525114,11,1,62.7620783956244,0.329095564370718,82.41,3,28759.0997547688,0,0.142232506047654,2072
Significant_Damage_And_Fatalities,62.5114155251141,13,1,64.8587055606199,0.368403173458348,81.55,5,23861.037409217,3,0.014990810229226,9289
Minor_Damage_And_Injuries,51.6438356164384,10,1,48.7237921604376,0.42898737829066,84.52,3,31228.5093177424,2,0.156147792298604,2661
Minor_Damage_And_Injuries,35.1141552511415,15,14,37.8304466727438,0.600282005048683,84.51,2,42041.4474613388,0,0.569552534009889,5913
Highly_Fatal_And_Damaging,50.7305936073059,6,9,88.0583409298086,0.29591849981969,81.03,1,43154.905667115,2,1.60962628025298,6730
Significant_Damage_And_Serious_Injuries,27.3059360730594,17,6,64.3573381950775,0.442690948431302,82.91,6,37664.9213225571,1,0.00941040617354535,8939
Significant_Damage_And_Serious_Injuries,33.6986301369863,15,6,67.2743846855059,0.417447529751172,76.62,3,21608.8096954077,1,0.107222523097217,4751
Highly_Fatal_And_Damaging,47.3059360730593,7,0,58.7967183226983,0.412038225748287,82.8,4,43915.3628054386,1,0.0796140496419091,216
Significant_Damage_And_Serious_Injuries,49.0867579908676,17,2,51.9143117593437,0.480556076451497,82.69,7,26534.3553750206,1,0.00230284346998378,623
Highly_Fatal_And_Damaging,25.2511415525114,14,3,79.535095715588,0.333783627839884,79.63,7,29154.5445884083,2,0.00285657160914241,7454
Significant_Damage_And_Serious_Injuries,36.7579908675799,14,0,59.0701914311759,0.434396682293545,78.03,3,27327.474372056,2,0.135864511061758,12110
Minor_Damage_And_Injuries,49.3150684931507,14,14,57.1103008204193,0.440887847097007,79.61,4,20375.8154327724,0,0.037029030621957,3689
Minor_Damage_And_Injuries,70,8,15,70.510483135825,0.391482870537324,83.11,5,36421.5736321992,3,0.0239585750349758,10471
Minor_Damage_And_Injuries,59.4063926940639,11,12,97.9945305378305,0.21297583844212,75.76,2,31117.2543741181,2,0.422623432615956,12143
Minor_Damage_And_Injuries,41.9178082191781,12,15,53.4639927073838,0.477671114316625,80.32,2,52978.4790590023,1,0.715453968554195,7609
Minor_Damage_And_Injuries,51.2328767123288,13,3,59.0701914311759,0.316834475297511,78.68,2,27518.7235157539,2,0.373413681056902,8475
Highly_Fatal_And_Damaging,19.1324200913242,21,0,59.4348222424795,0.267429498737829,80.96,3,36059.2215837245,2,0.179225376528475,1037
Highly_Fatal_And_Damaging,28.2191780821918,13,0,64.9954421148587,0.422856833754057,77.32,7,49951.1427599292,3,0.00460286344892508,6387
Highly_Fatal_And_Damaging,52.648401826484,6,7,71.6043755697357,0.430069239091237,81.57,4,46540.2720370916,2,0.0847717786435794,6855
Significant_Damage_And_Serious_Injuries,33.7899543378995,15,2,61.2123974475843,0.318276956364948,80.49,2,40233.9092796223,3,0.541152830444993,11679
Significant_Damage_And_Serious_Injuries,24.8858447488584,18,3,81.4038286235187,0.224876307248467,79.8,4,19984.5446103508,2,0.0356172029643824,1121
Highly_Fatal_And_Damaging,11.6438356164384,18,0,89.8814949863263,0.200354129102055,76.96,4,28605.2978494095,1,0.0533984110646786,10697
Highly_Fatal_And_Damaging,27.945205479452,13,3,67.2743846855059,0.355420843851424,80.14,4,35662.4808598967,2,0.0653570076442063,12084
Minor_Damage_And_Injuries,40.9132420091324,16,23,67.6390154968095,0.375615578795528,79.06,2,54788.2470429217,3,0.773009611486721,11688
Highly_Fatal_And_Damaging,30.3196347031963,13,3,63.9927073837739,0.456033898305084,80.13,4,21651.0494588669,2,0.0395779155196466,10513
Significant_Damage_And_Serious_Injuries,44.8858447488584,11,13,71.7411121239745,0.350011539848539,78.92,6,35974.8217427248,2,0.0083982544312787,10794
Significant_Damage_And_Serious_Injuries,56.7579908675799,8,3,100,0.214418319509556,80.16,6,39017.5759192136,3,0.0100127073666848,4898
Highly_Fatal_And_Damaging,74.703196347032,6,14,52.461257976299,0.366960692390912,76.53,3,22484.6223323146,3,0.111897062828597,4184
Significant_Damage_And_Serious_Injuries,50.958904109589,10,29,55.0592525068368,0.475868012982329,78.79,3,35818.6532209991,2,0.179067509065716,7804
Highly_Fatal_And_Damaging,22.9223744292237,14,8,57.8851412944394,0.448100252434187,84.03,4,21763.437598859,3,0.0398597732035959,921
Highly_Fatal_And_Damaging,34.3835616438356,18,11,53.6463081130356,0.440887847097007,81.44,2,39434.2561052846,3,0.533857644869173,3916
Significant_Damage_And_Serious_Injuries,33.1506849315068,15,2,68.6417502278943,0.251922827262892,76.93,3,25093.1260664619,3,0.124868867310607,11444
Significant_Damage_And_Fatalities,38.9954337899543,10,0,51.8231540565178,0.540058420483231,76.99,1,21043.0745957428,1,0.775459295221691,2386
Significant_Damage_And_Serious_Injuries,57.1689497716895,8,2,64.4940747493163,0.339553552109629,77.53,6,31387.7303250155,4,0.00810038539197636,8532
Highly_Fatal_And_Damaging,35.296803652968,11,2,76.4813126709207,0.243989181391994,79.17,6,33319.4538870578,3,0.00851993296409385,794
Highly_Fatal_And_Damaging,30.5936073059361,12,6,74.9316317228806,0.282936170212766,76.27,1,38318.5677725656,2,1.41153842752558,12369
Minor_Damage_And_Injuries,61.324200913242,10,1,60.7110300820419,0.328374323837,75.27,2,25016.3637851441,3,0.335107167981423,329
Highly_Fatal_And_Damaging,41.0958904109589,9,12,32.4977210574293,0.542582762351244,77.95,2,25662.0840183609,1,0.347029390462293,3459
Significant_Damage_And_Serious_Injuries,27.1232876712329,17,1,72.0145852324522,0.413480706815723,79.74,3,35557.6780853689,1,0.176919345779094,6209
Highly_Fatal_And_Damaging,36.986301369863,10,6,66.3172288058341,0.334144248106743,78.52,4,34921.555305988,3,0.0641501985769842,47
Significant_Damage_And_Serious_Injuries,20.1369863013699,19,8,72.0145852324522,0.340274792643346,79.22,3,29457.1314157155,4,0.146658421571538,3625
Minor_Damage_And_Injuries,37.3972602739726,17,1,76.6180492251596,0.335226108907321,78.83,1,35132.226456787,2,1.29142485015568,8278
Highly_Fatal_And_Damaging,23.6529680365297,14,0,76.6180492251596,0.228843130183916,80.98,4,33358.8046009305,1,0.0610195919364493,2348
Minor_Damage_And_Injuries,57.4429223744292,11,0,66.362807657247,0.40013775694194,77.18,2,16069.2651727545,3,0.214723789596801,6411
Highly_Fatal_And_Damaging,19.9086757990868,16,0,85.5515041020967,0.215500180310133,80.05,4,22016.952274007,2,0.0413384526477102,63
Significant_Damage_And_Serious_Injuries,34.1095890410959,15,1,70.464904284412,0.331259285971872,84.1,3,47530.9062148968,4,0.236847335689612,4122
Significant_Damage_And_Serious_Injuries,63.8356164383562,6,2,58.8422971741112,0.42538117562207,76.13,3,44792.4219458738,4,0.223008337378143,10077
Minor_Damage_And_Injuries,33.0593607305936,15,15,51.640838650866,0.368042553191489,78.83,3,32746.0286654764,2,0.163704050839188,3170
Minor_Damage_And_Injuries,54.7945205479452,12,1,78.7602552415679,0.390761630003606,78.7,4,26501.859027862,1,0.0486700861808518,11499
Highly_Fatal_And_Damaging,46.9406392694064,14,19,49.0428441203282,0.251201586729174,82.99,2,29638.2639734828,1,0.403546822916697,4135
Minor_Damage_And_Injuries,45.296803652968,15,3,73.6098450319052,0.405907681211684,81.56,2,29261.0780689291,3,0.396376041983957,1416
Highly_Fatal_And_Damaging,18.310502283105,16,1,74.2479489516864,0.204320952037505,76.78,1,48882.9969470896,1,1.78728887212675,10689
Highly_Fatal_And_Damaging,12.9223744292237,18,3,66.4995442114859,0.268150739271547,76.28,4,24613.5488916701,1,0.0453407640350258,534
Minor_Damage_And_Injuries,30.8219178082192,16,5,53.281677301732,0.343159754778218,79.11,3,31200.2527297103,2,0.156527896644788,6976
Minor_Damage_And_Injuries,44.3835616438356,15,5,82.0419325432999,0.317195095564371,82.09,5,4030.14112429673,3,0.00259797974810656,300
Minor_Damage_And_Injuries,58.310502283105,11,2,66.4995442114859,0.36768193292463,78.32,2,50138.8533250908,1,0.677300018921993,11094
Highly_Fatal_And_Damaging,38.0821917808219,17,0,54.3755697356427,0.599560764514966,81.42,3,42065.3824301481,3,0.209889349040736,11219
Significant_Damage_And_Fatalities,36.2100456621005,11,5,48.2224247948952,0.430069239091237,81.37,2,9666.94055790232,3,0.122686904109192,4011
Significant_Damage_And_Serious_Injuries,26.2557077625571,17,13,64.3117593436645,0.445215290299315,78.49,6,32439.2562768273,2,0.00804897104676357,3545
Highly_Fatal_And_Damaging,41.1872146118721,9,0,69.5077484047402,0.42177497295348,84,3,47530.9062148968,2,0.237190414799633,3942
Significant_Damage_And_Serious_Injuries,34.703196347032,14,13,73.2907930720146,0.333062387306166,82.69,3,36541.849137828,2,0.182024489853589,16
Minor_Damage_And_Injuries,42.1004566210046,16,5,70.0091157702826,0.41816877028489,75.14,2,61815.4982895265,2,0.773009611486721,10380
Significant_Damage_And_Serious_Injuries,55.2511415525114,9,10,66.2716499544212,0.395449693472773,84.19,7,38745.5763009153,0,0.00370278024414029,11642
Minor_Damage_And_Injuries,43.3333333333333,12,10,51.0938924339107,0.341717273710782,81.37,4,29832.3547137758,1,0.0548654683705585,7064
Significant_Damage_And_Serious_Injuries,39.634703196347,13,1,60.665451230629,0.43259358095925,82.19,3,46938.7093310522,0,0.233867615945716,1222
Highly_Fatal_And_Damaging,41.4155251141553,16,7,56.517775752051,0.322965019834114,79.73,4,50122.0197516808,3,0.090371602684173,6685
Minor_Damage_And_Injuries,72.5570776255708,2,11,55.6061987237922,0.458918860439956,87.1,3,33757.0053641767,2,0.168760794490034,11991
Minor_Damage_And_Injuries,74.6575342465753,6,6,74.3391066545123,0.478392354850342,76.18,6,26733.763247326,2,0.00668708180660719,5539
Highly_Fatal_And_Damaging,22.1917808219178,15,6,65.3600729261623,0.274641904075009,78.52,1,19463.3735981959,2,0.721848475861016,9221
Highly_Fatal_And_Damaging,14.0639269406393,17,9,66.7274384685506,0.268150739271547,75.34,4,21193.4253281044,2,0.0389899651600754,9739
Minor_Damage_And_Injuries,60.1369863013699,10,2,60.7110300820419,0.380303642264695,76.67,2,47324.952775233,3,0.643975973223763,4603
Minor_Damage_And_Injuries,54.337899543379,12,2,78.6235186873291,0.313228272628922,80.53,5,39951.2140343375,4,0.025793731905657,1163
Significant_Damage_And_Fatalities,12.9680365296804,17,0,37.5113947128533,0.602806346916697,82.81,4,32744.1706846197,2,0.0605695652954106,11387
Minor_Damage_And_Injuries,47.4885844748858,11,2,56.8824065633546,0.47190119004688,81.96,2,52978.4790590023,1,0.729576237972483,7710
Minor_Damage_And_Injuries,46.1187214611872,15,0,58.158614402917,0.303852145690588,81.71,2,24781.9158687558,2,0.337051194340624,4600
Significant_Damage_And_Serious_Injuries,37.1689497716895,14,14,84.8678213309025,0.255529029931482,83.32,3,24101.1426632183,3,0.118795587606853,3178
Highly_Fatal_And_Damaging,61.0502283105023,10,3,52.1877848678213,0.460361341507393,77.36,2,40813.3057574463,1,0.551419592392081,3230
Significant_Damage_And_Serious_Injuries,37.7168949771689,14,4,67.0009115770283,0.294476018752254,79.47,4,35594.5328940047,2,0.0650374206705968,11464
Significant_Damage_And_Fatalities,20.8675799086758,15,14,52.0966271649954,0.49353840605842,79.6,1,17307.2747036961,2,0.660172964090242,3035
Significant_Damage_And_Serious_Injuries,34.6118721461187,14,5,72.3792160437557,0.413480706815723,79.27,1,24605.471319083,2,0.901972619496758,2447
Minor_Damage_And_Injuries,54.2465753424657,12,0,90.154968094804,0.268150739271547,79.54,2,28885.5732444725,2,0.390799415182943,178
Highly_Fatal_And_Damaging,35.7077625570776,11,10,73.6098450319052,0.405907681211684,77.65,2,31638.629323934,3,0.429665880521725,863
Significant_Damage_And_Fatalities,58.9954337899543,14,25,60.7566089334549,0.416726289217454,77.16,7,34472.083799485,0,0.00304457767393473,2983
Minor_Damage_And_Injuries,42.0091324200913,16,13,78.9425706472197,0.32116191849982,84.48,1,28364.6114565323,3,1.04371906696974,7843
Highly_Fatal_And_Damaging,33.9269406392694,11,22,65.4056517775752,0.334865488640461,81.39,1,33157.4372829421,2,1.22297120835898,11607
Minor_Damage_And_Injuries,30.5936073059361,16,2,45.897903372835,0.549795167688424,78.96,5,43627.7949755618,3,0.0302458106880006,10528
Significant_Damage_And_Serious_Injuries,42.4200913242009,12,17,35.2780309936189,0.88192643346556,86.52,3,37920.6754100736,1,0.189062380253031,11490
Minor_Damage_And_Injuries,60.0913242009132,10,3,70.3281677301732,0.226679408582762,75.93,2,20520.7410460176,2,0.275778719141191,5811
Highly_Fatal_And_Damaging,21.4611872146119,15,3,67.7757520510483,0.253004688063469,75.84,4,48288.1424354103,2,0.0882316474042015,7991
Minor_Damage_And_Injuries,25.2511415525114,18,13,50.820419325433,0.768691669671836,80.16,6,31006.5572504406,3,0.00774655536279256,5210
Highly_Fatal_And_Damaging,57.7625570776256,11,3,46.4904284412033,0.451345834835918,83.23,3,18438.3908710865,2,0.0917993426892184,4948
Significant_Damage_And_Fatalities,62.9680365296804,13,19,64.2661804922516,0.230646231518211,77.79,7,19742.2730195278,2,0.00203449803469911,1156
Minor_Damage_And_Injuries,52.4657534246575,13,1,82.1786690975388,0.199993508835196,84.34,2,28885.5732444725,2,0.391941807195366,5356
Significant_Damage_And_Fatalities,55.7990867579909,15,11,62.3974475843209,0.431511720158673,79.6,7,33387.8483064781,3,0.00332774857972545,5849
Highly_Fatal_And_Damaging,38.1278538812785,10,1,73.5186873290793,0.394728452939055,78.74,1,35132.226456787,1,1.28587911562902,9782
Highly_Fatal_And_Damaging,37.5799086757991,10,12,57.7028258887876,0.448100252434187,77.25,1,33700.4226788016,2,1.23917731272885,2078
Significant_Damage_And_Serious_Injuries,38.0365296803653,14,2,60.8477666362808,0.37128813559322,78.46,5,31151.7511553384,2,0.0198462668231589,7442
Highly_Fatal_And_Damaging,39.3607305936073,10,14,65.8614402917047,0.323325640100974,77.9,3,36507.3632475873,2,0.180699125679212,1745
Significant_Damage_And_Fatalities,13.1050228310502,18,13,50.1367365542388,0.482719798052651,77.5,7,22795.7118759796,2,0.00165483628932035,5124
Highly_Fatal_And_Damaging,23.9269406392694,14,6,71.0574293527803,0.306376487558601,76.36,4,37868.6045618699,1,0.0692368044281072,8610
Significant_Damage_And_Serious_Injuries,42.5114155251142,12,6,67.0464904284412,0.413120086548864,78.63,2,21213.1243663008,2,0.28708841944468,2496
Highly_Fatal_And_Damaging,35.2054794520548,11,2,77.3473108477666,0.269953840605842,81.25,4,28855.4186664743,2,0.0531058897859763,2567
Highly_Fatal_And_Damaging,19.2237442922374,16,6,70.510483135825,0.434396682293545,81.26,1,12542.5506074795,0,0.306645190585444,5205
Minor_Damage_And_Injuries,49.2237442922374,14,6,63.947128532361,0.245792282726289,82.01,2,22674.8476547938,1,0.303007316955657,4350
Significant_Damage_And_Serious_Injuries,35.0228310502283,14,4,78.8058340929809,0.276445005409304,80.34,6,27827.8514266594,2,0.00671581825621283,2872
Minor_Damage_And_Injuries,70.3196347031963,7,0,82.9079307201459,0.188453660295708,79.79,4,35819.066500176,4,0.0648774547016707,11146
Minor_Damage_And_Injuries,45.9817351598173,15,0,62.4886052871468,0.28870609448251,78.95,2,22969.338276676,3,0.309756512735612,4217
Highly_Fatal_And_Damaging,47.6255707762557,14,14,55.6517775752051,0.281133068878471,79.99,2,26770.2625354896,1,0.359258711215434,12034
Significant_Damage_And_Serious_Injuries,48.7214611872146,10,7,68.9608021877849,0.412038225748287,84.23,1,42321.2915275766,1,1.55565382876586,12324
Minor_Damage_And_Injuries,49.0867579908676,10,0,53.9197812215132,0.461803822574828,80.13,4,25562.6034711693,0,0.0471571412717711,2706
Significant_Damage_And_Serious_Injuries,54.4292237442922,9,23,73.0173199635369,0.330898665705012,77.85,4,49233.3487052144,0,0.0908497525568715,2593
Significant_Damage_And_Serious_Injuries,32.9223744292237,15,0,69.5077484047402,0.255529029931482,76.48,1,42416.2704287528,2,1.55274182690122,5424
Significant_Damage_And_Serious_Injuries,47.8995433789954,11,2,73.5186873290793,0.388958528669311,78.56,3,42084.199125663,1,0.20989097427362,3022
Highly_Fatal_And_Damaging,11.5068493150685,18,3,64.5396536007293,0.242186080057699,80.74,7,23004.8947874734,2,0.00226741238790717,10886