Severity,Safety_Score,Days_Since_Inspection,Total_Safety_Complaints,Control_Metric,Turbulence_In_gforces,Cabin_Temperature,Accident_Type_Code,Max_Elevation,Violations,Adverse_Weather_Metric,Accident_ID
Minor_Damage_And_Injuries,50.365296803653,13,0,84.1385597082954,0.295197259285972,83.6,1,25820.201823365,2,0.942297419702323,10262
Significant_Damage_And_Fatalities,56.1187214611872,15,4,67.4111212397448,0.31034331049405,79.14,6,17576.823227723,1,0.00477606636088931,3233
Significant_Damage_And_Serious_Injuries,36.7123287671233,14,0,78.6235186873291,0.397974035340786,82.19,3,26977.6134522676,2,0.134288189902806,8568
Highly_Fatal_And_Damaging,29.2694063926941,13,0,85.5970829535096,0.281133068878471,86.57,4,36065.2085271643,0,0.0659522021298071,3052
Significant_Damage_And_Serious_Injuries,41.4155251141553,19,11,45.897903372835,0.623001081860801,76.12,7,32944.2751416848,2,0.00304411324082503,2743
Highly_Fatal_And_Damaging,54.703196347032,12,2,45.5332725615314,0.52238802740714,80.44,5,35903.2114970254,2,0.0245406632757047,7025
Highly_Fatal_And_Damaging,27.7168949771689,13,0,85.5059252506837,0.19133862243058,78.76,1,18807.9837594115,1,0.683703597705298,2681
Minor_Damage_And_Injuries,56.62100456621,12,6,76.5724703737466,0.281854309412189,78.35,2,24305.3909035946,1,0.32809530982753,7168
Minor_Damage_And_Injuries,46.1187214611872,15,2,64.6308113035552,0.502914532996754,83.5,5,19433.6327994899,2,0.0130313613858333,2985
Minor_Damage_And_Injuries,49.2237442922374,14,6,57.1103008204193,0.372009376126938,79.99,2,28208.2593702175,3,0.382297819488116,6805
Significant_Damage_And_Serious_Injuries,36.4383561643836,14,6,79.2160437556974,0.21333645870898,77.95,3,38146.3856724747,3,0.190936989659089,2935
Minor_Damage_And_Injuries,62.3287671232877,10,20,82.3609845031905,0.433675441759827,83.36,2,20228.1228705605,3,0.273440189207303,4673
Significant_Damage_And_Serious_Injuries,45.8904109589041,11,0,57.9762989972653,0.43259358095925,80.66,3,41187.0679632975,2,0.203121083428734,9161
Significant_Damage_And_Fatalities,62.3287671232877,13,7,65.8158614402917,0.261659574468085,78.11,7,19742.2730195278,3,0.00179098046175975,9792
Highly_Fatal_And_Damaging,32.9223744292237,12,7,57.7484047402006,0.394007212405337,84.14,4,29784.7464710627,2,0.0546421866657251,4511
Significant_Damage_And_Serious_Injuries,54.5205479452055,8,3,60.6198723792161,0.318637576631806,80.03,4,10850.5497369271,2,0.0015233035421831,6534
Significant_Damage_And_Serious_Injuries,23.6529680365297,18,7,78.0765724703738,0.36768193292463,82.22,4,18002.7881913085,2,0.0311427687291141,4381
Significant_Damage_And_Serious_Injuries,59.3150684931507,11,3,50,0.75246375766318,82.86,7,24079.4243606516,2,0.00250158912835895,6911
Minor_Damage_And_Injuries,46.1187214611872,15,3,70.6472196900638,0.307458348359178,79.09,2,30451.5660126614,1,0.411684928045418,8346
Highly_Fatal_And_Damaging,34.0182648401826,18,0,46.3536918869645,0.663029931482149,83.57,2,31355.6134925982,1,0.424482358116853,5337
Highly_Fatal_And_Damaging,23.4703196347032,14,0,76.8915223336372,0.284378651280202,80.64,4,17735.214441938,1,0.0320057521178953,12280
Significant_Damage_And_Fatalities,27.8538812785388,13,5,51.2762078395624,0.526354850342589,81.44,4,14367.9657224963,3,0.0261055313866679,2880
Minor_Damage_And_Injuries,52.4657534246575,13,11,67.5934366453965,0.256971510998918,78.47,7,19406.5744440946,2,0.00204597176580611,7616
Significant_Damage_And_Serious_Injuries,46.8949771689498,11,1,73.1996353691887,0.271396321673278,79.03,6,29454.4715561768,1,0.00736692430030834,7728
Significant_Damage_And_Fatalities,64.5205479452055,13,19,64.6763901549681,0.230646231518211,77.79,4,29333.0700005052,5,0.053751422666227,3514
Minor_Damage_And_Injuries,68.7671232876712,8,15,65.2233363719235,0.588742156509196,76.19,5,15196.4435200964,3,0.0119474272929286,389
Minor_Damage_And_Injuries,43.2876712328767,15,9,63.7648131267092,0.36046952758745,75.55,2,31546.4382673113,2,0.42706926105018,4995
Minor_Damage_And_Injuries,47.4885844748858,14,4,85.1868732907931,0.279690587811035,82.28,3,38768.3708037408,3,0.193090443884492,6991
Highly_Fatal_And_Damaging,23.9269406392694,14,0,89.9726526891523,0.297000360620267,79.71,4,27179.0519600046,2,0.0501829965944103,9093
Highly_Fatal_And_Damaging,35.7077625570776,18,4,48.4958979033728,0.610018752253877,82.31,3,34452.597870784,1,0.17078321571126,8768
Minor_Damage_And_Injuries,48.7671232876712,14,7,70.8751139471286,0.386073566534439,77.89,2,28671.2954228205,2,0.389500677257058,4861
Highly_Fatal_And_Damaging,30,13,11,77.073837739289,0.240743598990263,84.32,4,36963.934273338,3,0.0672593000875387,9485
Significant_Damage_And_Serious_Injuries,93.4246575342466,6,26,41.5679124886053,0.725777857915614,84.85,7,40193.9641196735,2,0.00358141558579445,9712
Highly_Fatal_And_Damaging,54.8401826484018,5,0,73.8377392889699,0.369845654525784,78.64,1,45741.2045089614,1,1.71077585281461,11320
Highly_Fatal_And_Damaging,4.79452054794521,20,1,68.915223336372,0.189535521096285,77.91,6,18000.5056289736,4,0.00477606636088931,3273
Minor_Damage_And_Injuries,23.1963470319635,22,6,58.3865086599818,0.287263613415074,79.17,7,45714.9303141309,1,0.00402538761167156,3837
Highly_Fatal_And_Damaging,24.8401826484018,14,5,75.8887876025524,0.306737107825459,77.53,4,25770.4611825875,3,0.0471571412717711,2287
Highly_Fatal_And_Damaging,37.5799086757991,10,10,60.8021877848678,0.370566895059502,76.73,1,23171.5450883006,3,0.849289067426471,4599
Significant_Damage_And_Serious_Injuries,24.8401826484018,18,33,61.4402917046491,0.364436350522899,83.28,3,56224.4463125981,4,0.27447787565096,1276
Highly_Fatal_And_Damaging,18.1278538812785,16,5,82.9079307201459,0.271035701406419,81.23,1,30415.652244998,1,1.1122169439196,10542
Significant_Damage_And_Serious_Injuries,38.7214611872146,13,6,82.2242479489517,0.434036062026686,81.21,6,41695.975178656,3,0.0101185628153381,6727
Highly_Fatal_And_Damaging,68.1278538812785,8,11,49.1340018231541,0.422496213487198,87.43,2,17182.4727749403,2,0.232539481970194,10654
Highly_Fatal_And_Damaging,12.9680365296804,18,2,66.0893345487694,0.365878831590335,84.69,4,40142.0806841499,3,0.0745708540130751,7313
Significant_Damage_And_Serious_Injuries,20.958904109589,19,7,66.6362807657247,0.504717634331049,82.34,3,50882.1687686303,4,0.255142001183452,1244
Significant_Damage_And_Fatalities,32.3744292237443,12,8,55.9252506836828,0.240382978723404,89.13,5,37014.2169525702,4,0.0244657939434174,1687
Significant_Damage_And_Serious_Injuries,36.027397260274,14,3,61.3947128532361,0.273560043274432,79.49,3,38550.1322252062,2,0.192532112277346,5937
Significant_Damage_And_Serious_Injuries,65.4337899543379,9,37,45.3965360072927,0.725777857915614,78.37,2,60676.8602081698,2,0.746908740126634,4627
Significant_Damage_And_Fatalities,11.8264840182648,18,6,54.4667274384686,0.340996033177064,81.91,1,42453.4527180898,2,1.56365104590688,6962
Significant_Damage_And_Serious_Injuries,31.2785388127854,15,7,61.7593436645397,0.361190768121168,78.32,7,12758.4528479477,2,0.00145443416670772,4229
Significant_Damage_And_Serious_Injuries,41.4155251141553,13,20,64.4484958979034,0.51878182473855,77.62,3,32044.5563759182,2,0.159335323690078,11288
Significant_Damage_And_Serious_Injuries,42.4200913242009,12,19,35.2780309936189,0.705583122971511,79.81,6,28108.6735227329,1,0.00701671348954173,2267
Significant_Damage_And_Serious_Injuries,43.7899543378995,12,2,79.8997265268915,0.396892174540209,87.51,6,31058.2127635566,1,0.00777768958322876,3881
Highly_Fatal_And_Damaging,25.662100456621,14,10,70.7383773928897,0.207205914172377,79.17,4,35594.722894088,2,0.0648774547016707,4574
Significant_Damage_And_Serious_Injuries,34.4748858447488,15,23,68.003646308113,0.345684096646231,79.06,3,10813.8493443795,2,0.0558255168288564,2582
Highly_Fatal_And_Damaging,21.2785388127854,15,8,74.1567912488605,0.457115759105661,83.75,1,37141.6341480605,3,1.34784952706186,9222
Highly_Fatal_And_Damaging,37.2146118721461,11,0,68.6417502278943,0.333062387306166,76.63,2,52239.3434352204,1,0.703340359053397,4410
Significant_Damage_And_Serious_Injuries,34.7488584474886,14,6,80.4466727438469,0.30313090515687,86.94,6,25080.5824492383,4,0.00607740767699834,3329
Minor_Damage_And_Injuries,65.9817351598173,5,12,45.4876937101185,0.48632600072124,77.74,3,29830.8511379732,2,0.147784430513303,9710
Highly_Fatal_And_Damaging,33.7442922374429,11,5,60.3463992707384,0.343159754778218,75.21,4,22817.2949504869,3,0.0426371192652351,11898
Highly_Fatal_And_Damaging,23.8356164383562,14,0,57.9762989972653,0.308540209159754,82.49,4,29725.9981708031,2,0.0543696861900085,7451
Highly_Fatal_And_Damaging,27.6255707762557,13,2,78.8969917958068,0.397974035340786,79.89,4,27009.5953686171,0,0.0488280924393362,8624
Significant_Damage_And_Serious_Injuries,36.5753424657534,14,10,64.4029170464904,0.462525063108547,80.03,3,34715.2361473509,1,0.173410918167831,936
Highly_Fatal_And_Damaging,23.5616438356164,14,0,76.6180492251596,0.281854309412189,80.64,2,28855.4186664743,2,0.391140729739186,3618
Significant_Damage_And_Fatalities,22.7853881278539,15,9,44.7584320875114,0.620837360259647,81.74,3,36889.7195181602,1,0.183405433181803,6409
Significant_Damage_And_Serious_Injuries,34.0639269406393,15,9,68.003646308113,0.369845654525784,81.1,7,43635.7546909786,1,0.00426087484941131,11221
Significant_Damage_And_Serious_Injuries,41.7808219178082,12,9,69.5989061075661,0.3785005409304,81.78,5,28878.3958171383,2,0.0210316608109044,2549
Significant_Damage_And_Serious_Injuries,39.8173515981735,13,30,69.9635369188697,0.207205914172377,78.35,6,20520.7410460176,4,0.00538907479033693,3766
Minor_Damage_And_Injuries,54.4748858447489,9,0,53.1905195989061,0.563138117562207,79.97,7,31227.7542146101,3,0.00282277903157932,7435
Highly_Fatal_And_Damaging,20.1826484018265,15,3,62.5797629899727,0.402301478543094,82.19,4,19028.4936151418,4,0.0344640314807206,7110
Highly_Fatal_And_Damaging,31.2328767123288,12,14,61.7593436645397,0.472622430580599,79.21,1,33302.6143992798,2,1.22297120835898,8147
Highly_Fatal_And_Damaging,14.1095890410959,17,1,62.6709206927985,0.477671114316625,79.81,1,36512.1429761624,2,1.341418869718,9328
Significant_Damage_And_Fatalities,25.9817351598173,14,1,51.4585232452142,0.526354850342589,76.27,4,26257.3879229299,3,0.0480632914673825,4329
Significant_Damage_And_Fatalities,23.4246575342466,14,23,33.9562443026436,0.61939487919221,80.98,4,36889.7195181602,2,0.067317117305982,8183
Highly_Fatal_And_Damaging,34.3835616438356,11,8,65.9981768459435,0.362272628921745,76.64,2,28960.8000088282,0,0.391182535671112,7851
Minor_Damage_And_Injuries,62.6940639269406,9,27,84.2752962625342,0.186650558961413,82.64,2,36027.8612723001,3,0.484430431994035,6606
Significant_Damage_And_Fatalities,23.5616438356164,14,7,43.8012762078396,0.687191489361702,84.53,4,26709.191583208,1,0.0489849322409907,3088
Highly_Fatal_And_Damaging,36.62100456621,10,11,73.6098450319052,0.386073566534439,81.44,4,47147.8297247954,2,0.0865139983925863,5999
Significant_Damage_And_Fatalities,58.8584474885845,14,7,62.7164995442115,0.402301478543094,81.88,5,33138.5437445535,2,0.021602470060268,371
Significant_Damage_And_Serious_Injuries,38.8127853881278,13,8,65.587967183227,0.268150739271547,76.79,6,30122.3193576333,1,0.00715823864903642,5474
Significant_Damage_And_Serious_Injuries,26.1643835616438,17,0,70.5560619872379,0.331259285971872,78.78,3,24905.0619902748,3,0.12374128673581,6151
Minor_Damage_And_Injuries,55.9817351598173,12,0,88.6052871467639,0.275002524341868,79.54,5,33601.5718975099,1,0.0228367689591343,3324
Minor_Damage_And_Injuries,52.5570776255708,13,5,85.0957155879672,0.269953840605842,80.16,7,35377.2441941688,1,0.0033339249750162,10968
Highly_Fatal_And_Damaging,30.1826484018265,13,8,66.6818596171377,0.355420843851424,78.49,7,37949.724386184,1,0.00357842530993307,11638
Minor_Damage_And_Injuries,75.296803652968,6,7,64.4940747493163,0.331980526505589,76.28,5,22484.6223323146,5,0.0154811954456512,9807
Significant_Damage_And_Fatalities,20.2283105022831,15,2,49.0884229717411,0.641753335737468,78.37,4,32429.458723446,2,0.0586465282610382,2943
Highly_Fatal_And_Damaging,49.6803652968036,7,3,70.464904284412,0.258413992066354,79.31,4,37266.7647637815,3,0.0688120785579381,391
Highly_Fatal_And_Damaging,68.9954337899543,11,10,49.2707383773929,0.251201586729174,79.89,2,31187.3406270671,2,0.421556535122927,3078
Highly_Fatal_And_Damaging,46.5753424657534,8,20,57.2926162260711,0.43619978362784,82.82,4,44444.6423880807,1,0.0817928467836764,7573
Significant_Damage_And_Serious_Injuries,27.3972602739726,17,0,61.2579762989973,0.48632600072124,77.98,3,32785.6459081019,0,0.162844235963404,9524
Minor_Damage_And_Injuries,38.0365296803653,17,0,78.4867821330902,0.276805625676163,78.48,1,17081.9051054416,1,0.655500113007298,11864
Minor_Damage_And_Injuries,60.1826484018265,7,4,45.3965360072927,0.476228633249188,74.95,6,52783.6699929497,1,0.0128953266110588,9949
Significant_Damage_And_Serious_Injuries,62.7397260273973,6,2,82.3154056517776,0.309982690227191,80.07,3,21479.2851210825,3,0.10720324016291,374
Significant_Damage_And_Serious_Injuries,24.5662100456621,17,0,70.7839562443026,0.480556076451497,80.62,3,44313.057976137,2,0.220238164001149,4525
Significant_Damage_And_Fatalities,19.4063926940639,16,7,57.0191431175934,0.313228272628922,78.35,5,35495.525407636,2,0.024785917294132,5543
Significant_Damage_And_Fatalities,55.7534246575342,15,4,76.5268915223336,0.260217093400649,82.11,7,14050.4656498714,3,0.00145979657343352,3389
Significant_Damage_And_Serious_Injuries,50,17,12,48.2680036463081,0.508684457266498,76.68,7,47882.5666610854,1,0.00469611599491054,489
Highly_Fatal_And_Damaging,58.6301369863014,4,2,74.4302643573382,0.46865560764515,80.35,6,12666.7712047322,3,0.00348349072368721,11141
Significant_Damage_And_Fatalities,41.5068493150685,19,11,65.9981768459435,0.426823656689506,78.67,7,21725.9744764813,2,0.00171823991731958,12362
Highly_Fatal_And_Damaging,29.0867579908676,13,10,82.0875113947128,0.332341146772449,80.65,4,33344.0480231335,0,0.0614525873393909,9571
Significant_Damage_And_Fatalities,34.8858447488584,11,0,50.8659981768459,0.553401370357014,87,3,43786.8471432262,2,0.217998520668368,4895
Highly_Fatal_And_Damaging,42.7853881278539,8,1,57.6116681859617,0.488489722322394,81.8,4,44882.6151076864,2,0.0824277038157889,4847
Significant_Damage_And_Fatalities,100,5,3,81.3582497721058,0.30313090515687,79.96,3,23758.0297826798,2,0.118532326369117,10323
Significant_Damage_And_Serious_Injuries,46.1643835616438,11,12,61.485870556062,0.570350522899387,77.02,3,29365.0114975677,1,0.147082418871215,6869
Highly_Fatal_And_Damaging,46.6666666666667,7,2,73.6554238833182,0.392204111071042,78.61,1,35207.2285556311,2,1.28587911562902,370
Significant_Damage_And_Fatalities,47.5342465753425,18,0,64.9042844120328,0.403022719076812,79.66,7,40657.7633959541,1,0.00365795623306935,61
Highly_Fatal_And_Damaging,28.675799086758,13,6,58.97903372835,0.284739271547061,78.68,1,11212.8547952203,2,0.449594698919749,6910
Minor_Damage_And_Injuries,45.3424657534247,15,5,74.0200546946217,0.178356292823656,78.08,6,9759.36233674942,2,0.00279254182406123,11163
Minor_Damage_And_Injuries,70,8,2,62.7620783956244,0.323325640100974,83.74,2,17341.3048298456,4,0.234689040083959,1012
Minor_Damage_And_Injuries,64.6118721461187,9,14,76.9826800364631,0.369485034258925,78.18,5,20761.9844156144,3,0.0148082405234847,2049
Minor_Damage_And_Injuries,70.5022831050228,7,4,68.6417502278943,0.251922827262892,79.6,2,23665.6603699134,1,0.321668685211402,11103
Significant_Damage_And_Serious_Injuries,44.1552511415525,12,2,69.5533272561531,0.381746123332131,86.31,6,36468.4292231444,2,0.00826886543955603,9848
Highly_Fatal_And_Damaging,29.3607305936073,13,14,77.073837739289,0.272838802740714,84.15,4,31592.253491779,2,0.0571970099697241,12398
Significant_Damage_And_Serious_Injuries,30.3196347031963,16,0,65.9981768459435,0.435478543094122,84.72,2,36109.0128717011,4,0.489792359544856,1897
Significant_Damage_And_Fatalities,72.4657534246575,10,10,70.9206927985415,0.269953840605842,79.09,7,16229.7283441618,3,0.0012577203693944,11698
Minor_Damage_And_Injuries,58.310502283105,11,4,66.8641750227894,0.275002524341868,82.69,2,11938.9093113064,1,0.162877092965986,6927
Highly_Fatal_And_Damaging,34.4748858447488,11,4,65.0410209662717,0.457115759105661,82.41,2,43203.9825103468,3,0.582155821255315,3667
Significant_Damage_And_Serious_Injuries,38.3561643835616,13,2,77.028258887876,0.294476018752254,77.34,3,37178.3769732465,3,0.185178267435191,9101
Highly_Fatal_And_Damaging,17.7168949771689,16,2,59.2980856882407,0.424299314821493,80.06,1,18584.9906569439,1,0.695191987332048,7112
Significant_Damage_And_Serious_Injuries,38.7671232876712,14,14,77.4840474020055,0.314670753696357,78.54,1,21554.55213466,1,0.799697655984931,8210
Significant_Damage_And_Serious_Injuries,44.5662100456621,12,6,67.18322698268,0.383549224666426,81.27,3,32060.3364189763,4,0.160821287549669,1669
Significant_Damage_And_Fatalities,40.5479452054794,20,10,59.7538742023701,0.300245943021998,81.06,6,41712.9089196373,2,0.00985056613714295,147
Highly_Fatal_And_Damaging,22.0091324200913,15,3,72.8805834092981,0.259135232600072,76.93,4,30938.8209970298,3,0.0575081967404916,7761
Significant_Damage_And_Fatalities,22.1917808219178,15,12,48.5870556061987,0.61939487919221,78.75,1,42040.4447033276,1,1.54658153040591,3522
Highly_Fatal_And_Damaging,50.3196347031963,13,1,49.2707383773929,0.662308690948431,79.43,3,29656.9767538356,1,0.147855294184092,2958
Significant_Damage_And_Serious_Injuries,48.0821917808219,11,2,62.8076572470374,0.329095564370718,78.72,4,32722.0299055594,3,0.0597560868165434,2344
Highly_Fatal_And_Damaging,1.14155251141552,21,1,62.0328167730173,0.452788315903353,79.39,7,23308.3336502321,2,0.00241405163548066,2404
Significant_Damage_And_Serious_Injuries,54.6575342465753,9,1,58.0218778486782,0.312146411828345,80.71,5,40114.3609726391,3,0.026629536451197,4463
Minor_Damage_And_Injuries,43.972602739726,12,9,48.313582497721,0.418529390551749,77.56,6,14139.9067872575,2,0.00382077314919613,1828
Highly_Fatal_And_Damaging,36.7123287671233,10,7,65.0865998176846,0.31358889289578,76.49,1,30918.2798878022,3,1.13345920902134,7827
Minor_Damage_And_Injuries,44.6118721461187,12,14,55.2871467639016,0.420332491886044,76.96,6,16880.6767680653,1,0.00443320081094456,6197
Highly_Fatal_And_Damaging,54.4292237442922,16,16,55.9708295350957,0.412038225748287,78.48,5,26640.1090793987,2,0.0183646919990325,122
Minor_Damage_And_Injuries,70.5479452054795,7,1,87.1923427529626,0.162489001081861,77.52,2,45084.6916396853,3,0.610441182645266,12409
Minor_Damage_And_Injuries,44.337899543379,15,19,77.848678213309,0.247595384060584,80.98,2,32538.6591268151,2,0.440110495001411,6368
Highly_Fatal_And_Damaging,8.0365296803653,19,20,67.0464904284412,0.398334655607645,81.97,4,18002.7881913085,3,0.0311441175214931,5478
Significant_Damage_And_Serious_Injuries,32.8767123287671,15,0,70.8295350957156,0.368042553191489,79.92,6,34289.0143128188,4,0.008357925668864,4524
Highly_Fatal_And_Damaging,9.49771689497717,18,9,64.3117593436645,0.417086909484313,79.69,4,42500.2232326123,1,0.0775419698101819,5503
Minor_Damage_And_Injuries,59.9086757990868,11,13,79.5806745670009,0.224876307248467,77.99,2,29881.473065472,2,0.404487468588732,7992
Minor_Damage_And_Injuries,31.1872146118721,19,11,69.3254329990884,0.462885683375405,77.16,6,36997.329884366,2,0.00861890402207977,806
Highly_Fatal_And_Damaging,31.0502283105023,12,3,73.3363719234275,0.342799134511359,84.99,4,21651.0494588669,1,0.0396756532782891,8070
Minor_Damage_And_Injuries,55.3424657534247,12,9,63.947128532361,0.394007212405337,80.12,3,14139.9067872575,2,0.070398450593241,3901
Highly_Fatal_And_Damaging,15.0684931506849,17,0,61.2579762989973,0.2562502704652,75.14,4,24613.5488916701,1,0.0463365072382216,2341
Minor_Damage_And_Injuries,45.9817351598173,15,0,67.8669097538742,0.309261449693473,80.97,2,32374.9519273225,0,0.437800105252872,6423
Minor_Damage_And_Injuries,42.283105022831,12,8,48.313582497721,0.414923187883159,78.29,3,32346.154299063,2,0.160069959821759,6749
Significant_Damage_And_Fatalities,65.662100456621,12,9,61.6681859617138,0.342799134511359,77.97,7,25006.9347613322,2,0.00238118653379434,12343
Minor_Damage_And_Injuries,29.634703196347,20,4,71.2397447584321,0.370206274792643,81.23,4,16252.9008928241,1,0.0290802124759881,2809
Highly_Fatal_And_Damaging,19.2237442922374,16,7,73.2452142206017,0.306015867291742,84.53,3,29660.9634883589,2,0.147692401293215,7390
Highly_Fatal_And_Damaging,42.7853881278539,9,1,63.4457611668186,0.256610890732059,79.94,4,29887.2364975067,2,0.0544079288215145,1380
Minor_Damage_And_Injuries,42.9680365296804,15,8,78.669097538742,0.338471691309052,79.99,1,51183.8825645968,3,1.84388606166323,1079
Highly_Fatal_And_Damaging,28.9041095890411,13,0,39.7447584320875,0.585857194374324,79.53,5,25490.6441643368,2,0.0167089995452952,7374
Minor_Damage_And_Injuries,42.9680365296804,16,3,62.7620783956244,0.323325640100974,83.22,3,20295.7021182553,1,0.101519827745638,7967
Significant_Damage_And_Serious_Injuries,37.6712328767123,14,8,57.9762989972653,0.312507032095204,81.02,4,38817.0897087123,1,0.0710959797816375,596
Highly_Fatal_And_Damaging,17.4429223744292,16,9,79.0337283500456,0.342438514244501,76.44,4,21620.8716439398,3,0.0392500739871597,1618
Minor_Damage_And_Injuries,37.4429223744292,17,0,69.5989061075661,0.355060223584565,80.2,3,14625.1742357841,4,0.0751392310460593,10575
Significant_Damage_And_Serious_Injuries,42.8767123287671,12,14,68.9608021877849,0.192059862964299,77.27,3,20871.6060187312,2,0.104480971331577,1131
Highly_Fatal_And_Damaging,20.2283105022831,15,5,68.1403828623519,0.253365308330328,79.47,4,42760.6401322885,2,0.0783387334083711,6303
Minor_Damage_And_Injuries,55.5707762557078,12,2,66.1349134001823,0.266347637937252,78.95,2,40019.496871603,2,0.541152830444993,30
Significant_Damage_And_Fatalities,40.4109589041096,20,8,66.6818596171377,0.308900829426614,78.18,7,42734.0613091042,3,0.00376125904569119,12223
Significant_Damage_And_Serious_Injuries,44.7488584474886,12,3,73.2907930720146,0.306015867291742,77.63,3,18110.9171033295,3,0.0920649095425722,8973
Minor_Damage_And_Injuries,52.5114155251141,9,2,40.4740200546946,0.584775333573747,78.94,4,32655.8419309908,0,0.0597560868165434,3660
Highly_Fatal_And_Damaging,25.1141552511416,14,9,65.8614402917047,0.520945546339704,79.48,7,38272.3004557261,2,0.00373408886789247,2046
Minor_Damage_And_Injuries,47.4885844748858,11,20,55.6061987237922,0.485604760187523,77.9,4,24737.3367850912,2,0.0453323988881035,2414
Minor_Damage_And_Injuries,51.6438356164384,13,5,57.8851412944394,0.413480706815723,81.43,3,47462.7280298216,2,0.237190414799633,2656
Highly_Fatal_And_Damaging,62.7853881278539,9,4,57.1558796718323,0.308900829426614,78.06,1,50122.0197516808,3,1.84388606166323,10389
Minor_Damage_And_Injuries,29.1324200913242,16,7,47.7666362807658,0.429708618824378,81.98,3,18842.7886746802,1,0.0941870401804358,3592
Significant_Damage_And_Serious_Injuries,41.9178082191781,12,4,74.5214220601641,0.363354489722322,82.26,3,20487.8674821751,1,0.101046350893538,592
Significant_Damage_And_Serious_Injuries,40.6849315068493,13,6,82.1786690975388,0.238940497655968,84,4,43306.5874531553,1,0.0786903089512543,11200
Highly_Fatal_And_Damaging,71.324200913242,7,1,62.0783956244303,0.496423368193292,77.36,5,26936.0955432909,2,0.0184283725792126,2470
Highly_Fatal_And_Damaging,28.6301369863014,13,0,99.9544211485871,0.372369996393797,80.47,1,33737.3071201569,3,1.24112616899926,590
Minor_Damage_And_Injuries,45.0684931506849,15,1,72.2424794895169,0.248677244861161,80.97,5,33425.2255805168,1,0.0212527753729633,10248
Highly_Fatal_And_Damaging,35.8904109589041,11,2,79.6718322698268,0.284739271547061,81.82,7,27158.3568595258,1,0.00229566364108262,8536
Significant_Damage_And_Serious_Injuries,44.703196347032,12,4,72.6526891522334,0.351454020915975,77.72,2,38183.1809071596,3,0.517264576106437,6683
Significant_Damage_And_Serious_Injuries,60.1826484018265,14,20,54.4211485870556,0.48993220338983,79.35,7,34472.083799485,1,0.00314344715318344,2591
Significant_Damage_And_Serious_Injuries,39.3607305936073,13,17,72.0145852324522,0.335586729174179,78.59,6,32560.2901155059,1,0.00779236511590308,4262
Highly_Fatal_And_Damaging,20.3196347031963,15,26,91.1121239744758,0.311425171294627,88.57,1,27720.6039256864,3,1.02097092355983,7823
Significant_Damage_And_Serious_Injuries,35.7077625570776,14,6,62.6253418413856,0.345323476379372,77.38,3,36708.9095506076,0,0.182599552806783,9860
Significant_Damage_And_Serious_Injuries,31.3698630136986,15,13,64.1750227894257,0.332701767039307,76.22,3,40911.5562215339,3,0.205377510323715,8707
Minor_Damage_And_Injuries,44.6575342465753,15,1,66.1804922515953,0.252283447529751,78.8,2,16029.0812385471,2,0.210346808285708,2223
Minor_Damage_And_Injuries,29.8173515981735,16,5,52.8258887876026,0.638507753335737,81.93,2,32681.0756913863,3,0.444452039038506,3353
Minor_Damage_And_Injuries,55.4337899543379,12,8,64.6763901549681,0.388237288135593,78.48,4,40833.4652166856,2,0.0750429331718821,542
Significant_Damage_And_Fatalities,24.2465753424658,14,3,53.327256153145,0.266708258204111,81.06,1,29416.7915541967,1,1.0902659809403,9500
Significant_Damage_And_Serious_Injuries,35.7534246575342,14,2,82.3154056517776,0.197108546700325,76.11,4,46463.2666747296,1,0.0853685894709885,6015
Significant_Damage_And_Serious_Injuries,35.0228310502283,14,0,61.6226071103008,0.503996393797331,81.65,2,49106.3559589155,1,0.653014214204056,9592
Minor_Damage_And_Injuries,55.5251141552511,12,21,77.1194165907019,0.19133862243058,77.79,2,14050.4656498714,5,0.201188155107519,10855
Highly_Fatal_And_Damaging,33.5159817351598,18,12,52.4156791248861,0.448100252434187,81.52,3,25239.6627058985,1,0.125330620818254,8407
Highly_Fatal_And_Damaging,27.7168949771689,13,54,64.9498632634458,0.485604760187523,81.39,1,31556.3872802864,1,1.16365904523149,12194
Significant_Damage_And_Serious_Injuries,48.675799086758,10,10,66.1349134001823,0.337750450775333,78.14,6,14532.7383864601,2,0.00360230569083607,9545
Highly_Fatal_And_Damaging,31.2785388127854,12,12,69.0975387420237,0.34965091958168,87.86,4,30469.2343965727,2,0.0556671565499178,3231
Highly_Fatal_And_Damaging,20.1826484018265,15,2,62.5797629899727,0.39292535160476,82.19,3,11809.795062478,3,0.0575890974839405,6431
Significant_Damage_And_Serious_Injuries,60.5479452054795,7,10,65.4512306289882,0.451345834835918,82.27,3,27749.2508884797,3,0.137435801532218,11666
Minor_Damage_And_Injuries,56.1187214611872,12,13,64.1294439380128,0.448460872701046,78.18,2,48285.8963648714,3,0.653900333012144,5229
Significant_Damage_And_Fatalities,30.7305936073059,12,1,54.6490428441203,0.448100252434187,77.99,4,48814.0867809123,2,0.0884973764056748,10450
Highly_Fatal_And_Damaging,25.9817351598173,14,3,83.5460346399271,0.351093400649116,79.78,1,25974.8427601163,0,0.956095236065438,9223
Significant_Damage_And_Serious_Injuries,29.9543378995434,16,12,59.024612579763,0.284739271547061,79.08,6,31380.1439202728,3,0.00781118094172816,8066