Severity,Safety_Score,Days_Since_Inspection,Total_Safety_Complaints,Control_Metric,Turbulence_In_gforces,Cabin_Temperature,Accident_Type_Code,Max_Elevation,Violations,Adverse_Weather_Metric,Accident_ID
Significant_Damage_And_Fatalities,28.9041095890411,13,2,48.7237921604376,0.520945546339704,78.63,4,13118.5372956393,3,0.0255570135508452,7270
Significant_Damage_And_Serious_Injuries,27.8538812785388,17,5,76.5724703737466,0.339192931842769,86.43,6,26096.5412290406,2,0.006682612232952,6741
Minor_Damage_And_Injuries,46.986301369863,14,8,64.1294439380128,0.442330328164443,79.01,2,40055.6619523624,3,0.542971582342991,3154
Highly_Fatal_And_Damaging,60.1826484018265,10,5,49.5897903372835,0.444133429498738,83.22,2,20204.6489775497,1,0.277637542715051,10519
Significant_Damage_And_Fatalities,72.3287671232876,10,10,67.4567000911577,0.463246303642264,76.96,7,39189.4780352356,2,0.00368204558907904,10646
Minor_Damage_And_Injuries,31.689497716895,19,0,64.3117593436645,0.435478543094122,76.13,6,30497.8886605549,2,0.00715823864903642,3792
Significant_Damage_And_Fatalities,58.9954337899543,14,4,61.6226071103008,0.342799134511359,77.78,7,30242.2066870522,3,0.00279282307434655,8866
Highly_Fatal_And_Damaging,37.4885844748858,10,0,73.746581586144,0.291230436350523,76.85,4,26902.3188154086,2,0.0492519989432694,12431
Highly_Fatal_And_Damaging,44.8401826484018,8,0,58.3865086599818,0.488489722322394,81.8,4,37973.8932534499,2,0.0697843616372638,11377
Significant_Damage_And_Serious_Injuries,42.4200913242009,12,10,82.9535095715588,0.312146411828345,78.38,6,26863.378388613,1,0.00691660370224402,7722
Minor_Damage_And_Injuries,46.5753424657534,11,7,41.6134913400182,0.624804183195095,82.58,2,40343.5706342527,1,0.545307675232046,6077
Significant_Damage_And_Fatalities,44.5662100456621,8,0,53.8742023701003,0.469376848178867,83.57,4,23360.58611145,1,0.0422835255042087,5223
Minor_Damage_And_Injuries,21.7351598173516,19,7,48.9516864175023,0.590545257843491,80.01,6,42400.7801009101,0,0.010751682465482,2154
Significant_Damage_And_Serious_Injuries,27.2602739726027,17,18,80.0820419325433,0.30313090515687,77.09,6,42138.1904119064,2,0.00945681285940533,11031
Significant_Damage_And_Serious_Injuries,73.1050228310502,10,2,37.2835004557886,0.602806346916697,78.37,7,24626.2329864038,2,0.00240087321292364,9399
Highly_Fatal_And_Damaging,27.945205479452,13,6,64.4029170464904,0.330898665705012,80.43,2,40840.646356118,2,0.549198026049296,9742
Highly_Fatal_And_Damaging,12.9680365296804,18,3,66.4995442114859,0.268150739271547,80.74,6,28793.9160187024,2,0.00742835558885906,11567
Highly_Fatal_And_Damaging,28.5388127853881,13,6,61.3947128532361,0.444133429498738,78.55,4,28593.5315387977,3,0.0537586126419105,3597
Significant_Damage_And_Serious_Injuries,62.5114155251141,6,5,63.126709206928,0.48993220338983,81.79,2,32702.1479935482,3,0.44294859208894,12499
Minor_Damage_And_Injuries,57.4429223744292,11,5,64.6308113035552,0.260217093400649,81.69,2,34310.1042592311,3,0.465273335265546,8713
Highly_Fatal_And_Damaging,36.1643835616438,11,1,59.9817684594348,0.268150739271547,76.35,2,30380.7345549793,1,0.412493537274305,2313
Significant_Damage_And_Fatalities,64.4292237442922,13,29,72.8805834092981,0.526354850342589,77.19,1,34684.7064974376,2,1.27385195640756,3840
Minor_Damage_And_Injuries,55.4337899543379,12,4,57.4749316317229,0.381746123332131,79.42,6,36365.817710587,2,0.00891726676999634,4971
Minor_Damage_And_Injuries,17.7168949771689,21,3,52.8714676390155,0.449542733501623,79.94,7,40075.9286978829,3,0.00356776833668411,7138
Minor_Damage_And_Injuries,34.6575342465753,15,7,56.0619872379216,0.556646952758745,80.19,3,46367.3704328815,2,0.230544955045213,11137
Significant_Damage_And_Serious_Injuries,48.310502283105,11,3,62.8076572470374,0.279690587811035,78.63,4,18411.0289640045,3,0.0350890825621048,1775
Minor_Damage_And_Injuries,40.1369863013699,13,3,54.2844120328168,0.59090587811035,78.67,3,26385.0415378019,2,0.131340504997494,740
Significant_Damage_And_Fatalities,36.2557077625571,11,4,52.9626253418414,0.322604399567255,80.37,7,33112.5218535072,1,0.0029749987375546,4046
Minor_Damage_And_Injuries,51.7808219178082,10,2,55.6973564266181,0.500390191128741,78.32,3,29541.1841118771,0,0.147316875425451,4245
Minor_Damage_And_Injuries,44.4292237442922,12,3,47.2652689152234,0.601003245582402,79.78,6,32655.8419309908,2,0.0077672881385304,2589
Minor_Damage_And_Injuries,42.0547945205479,16,1,64.4940747493163,0.274641904075009,77.33,1,32628.1197310149,4,1.21296402356341,2399
Highly_Fatal_And_Damaging,2.64840182648402,23,5,62.0328167730173,0.42538117562207,79.88,7,46573.0126252267,2,0.00417783879488169,1573
Significant_Damage_And_Serious_Injuries,31.8264840182648,15,1,73.6098450319052,0.347126577713667,82.57,3,44732.4311621128,2,0.222405152487079,8512
Significant_Damage_And_Fatalities,16.4383561643836,16,15,56.6545123062899,0.416005048683736,79.66,4,39476.2263036228,1,0.0722610484320384,115
Significant_Damage_And_Fatalities,79.634703196347,8,19,69.4165907019143,0.322604399567255,86.1,4,42416.2704287528,3,0.0772893482296273,1716
Significant_Damage_And_Fatalities,36.7579908675799,10,1,56.9279854147676,0.490653443923548,78.32,1,17085.5195189085,2,0.664870453860243,7584
Significant_Damage_And_Fatalities,46.8949771689498,18,2,68.6873290793072,0.404465200144248,78.09,7,34582.7331627845,1,0.00310350464709054,8410
Significant_Damage_And_Serious_Injuries,29.634703196347,16,0,67.8213309024613,0.445936530833032,82.12,3,41373.2348849062,2,0.206458994146694,5865
Minor_Damage_And_Injuries,36.8493150684931,14,2,55.2415679124886,0.488489722322394,77.17,2,25806.0480465467,3,0.349996580988271,9120
Minor_Damage_And_Injuries,40.1826484018265,13,10,45.6700091157703,0.404825820411107,81.17,3,35977.0123074185,1,0.179761011123001,3032
Significant_Damage_And_Serious_Injuries,39.4520547945205,13,3,65.9525979945305,0.262380815001803,78.71,3,23506.5433138691,2,0.11615420110311,8385
Significant_Damage_And_Serious_Injuries,34.6118721461187,15,0,68.3226982680037,0.258774612333213,75.01,3,38277.0201603213,1,0.189891852323305,5297
Minor_Damage_And_Injuries,27.9908675799087,20,1,73.6554238833182,0.412038225748287,81.57,7,36989.0802344552,1,0.00368685838583244,12073
Minor_Damage_And_Injuries,36.4383561643836,18,0,74.7493163172288,0.361551388388027,79.61,5,38525.4141826784,2,0.025698683704725,6940
Significant_Damage_And_Serious_Injuries,47.351598173516,11,1,77.073837739289,0.272117562206996,79.03,6,37541.6763730355,1,0.00997210746695892,9202
Minor_Damage_And_Injuries,41.324200913242,16,4,62.9443938012762,0.358305805986296,81.26,2,24744.1584157867,1,0.337996374568915,761
Significant_Damage_And_Serious_Injuries,47.9908675799087,11,9,76.7547857793984,0.237137396321673,78.33,6,32932.7239225323,2,0.00767206096520061,8733
Minor_Damage_And_Injuries,48.4018264840183,14,8,76.9826800364631,0.3785005409304,75.29,2,38600.7994052763,2,0.52332266459503,8778
Highly_Fatal_And_Damaging,51.324200913242,13,2,49.0884229717411,0.662308690948431,80.16,3,22169.2085958915,2,0.110373990402509,8116
Highly_Fatal_And_Damaging,35.7077625570776,17,3,55.0136736554239,0.47911359538406,83.58,2,36933.8446810816,1,0.50266644592326,8912
Minor_Damage_And_Injuries,26.986301369863,17,8,56.9279854147676,0.466131265777136,77.44,1,37225.9862790392,3,1.37530557650739,5765
Highly_Fatal_And_Damaging,59.4063926940639,11,9,49.5897903372835,0.471540569780022,80.53,5,8981.31545951776,2,0.00259797974810656,6492
Significant_Damage_And_Serious_Injuries,82.2831050228311,8,13,45.897903372835,0.657981247746123,88,7,41873.4884147618,2,0.0039231913300046,9504
Significant_Damage_And_Fatalities,27.6712328767123,13,15,54.922515952598,0.487407861521817,77.75,1,30282.7718455263,4,1.11404091836545,3554
Significant_Damage_And_Serious_Injuries,41.7808219178082,13,14,84.8678213309025,0.265987017670393,83.29,6,26029.1632624791,3,0.00699570467874823,3158
Significant_Damage_And_Serious_Injuries,20.4109589041096,19,4,66.40838650866,0.42177497295348,81.82,3,44292.0072613337,3,0.219711212455005,8842
Minor_Damage_And_Injuries,43.0593607305936,16,8,65.587967183227,0.31358889289578,77.67,5,30406.0222300751,0,0.0199263679642517,1261
Highly_Fatal_And_Damaging,21.2328767123288,15,0,58.97903372835,0.219106382978723,78.4,1,20973.1227344913,3,0.770245196670641,3982
Significant_Damage_And_Fatalities,30.7305936073059,19,2,63.0811303555151,0.563138117562207,76.35,7,23720.1789326526,0,0.00221547154679926,3043
Minor_Damage_And_Injuries,26.3470319634703,21,15,80.9936189608022,0.2562502704652,79.88,4,20028.1631631448,2,0.0353204941879463,5382
Highly_Fatal_And_Damaging,32.7397260273973,19,7,53.3728350045579,0.542582762351244,77.86,4,37715.1656897773,3,0.0697014282624186,4284
Significant_Damage_And_Fatalities,71.2328767123288,11,2,69.0063810391978,0.428266137756942,79.94,2,28688.8368057289,3,0.389500677257058,5665
Highly_Fatal_And_Damaging,10.5022831050228,19,12,49.5897903372835,0.445936530833032,77.9,3,27487.6888024332,2,0.135850462114308,10200
Minor_Damage_And_Injuries,43.6529680365297,15,2,86.7821330902461,0.362993869455463,79.07,1,34626.8862524966,3,1.27950242269574,4344
Minor_Damage_And_Injuries,46.3470319634703,15,0,63.7192342752963,0.337389830508475,76.23,7,36324.9430018409,2,0.00302335346036128,10880
Highly_Fatal_And_Damaging,5.20547945205479,19,6,69.644484958979,0.38210674359899,82.91,6,37011.9975236405,2,0.00866866493725363,5812
Significant_Damage_And_Serious_Injuries,37.2602739726027,14,2,58.2497721057429,0.391122250270465,77.22,3,47462.7280298216,3,0.233867615945716,9940
Highly_Fatal_And_Damaging,37.4885844748858,10,21,71.2397447584321,0.261659574468085,77.56,7,33980.6616754711,2,0.00314676670034171,2704
Minor_Damage_And_Injuries,38.4474885844749,17,9,59.9817684594348,0.308540209159754,78.49,1,46987.9302589798,3,1.74715565083698,12192
Minor_Damage_And_Injuries,40.8219178082192,13,2,55.6517775752051,0.444854670032455,87,2,48525.8603425376,3,0.655799278013633,3195
Significant_Damage_And_Fatalities,73.1506849315069,10,13,57.5205104831358,0.727941579516768,78.5,7,36159.9008773321,2,0.00314344715318344,11623
Minor_Damage_And_Injuries,32.5570776255708,15,4,45.7611668185962,0.603888207717274,85.97,3,32860.905764516,2,0.162844235963404,11838
Significant_Damage_And_Fatalities,44.4748858447489,8,3,49.6353691886965,0.465049404976559,79.39,4,28392.9148036082,2,0.0520195059207914,8955
Significant_Damage_And_Fatalities,30.1369863013699,13,3,54.8313582497721,0.357584565452579,80,4,38735.7513409735,3,0.0700961253409168,2784
Minor_Damage_And_Injuries,61.4611872146119,10,2,70.3281677301732,0.226679408582762,76.14,2,39117.4599820194,2,0.528221263058296,197
Significant_Damage_And_Serious_Injuries,38.4018264840183,13,10,61.6681859617138,0.490292823656689,79.33,3,41695.975178656,1,0.207345836500229,9624
Highly_Fatal_And_Damaging,22.7397260273973,15,13,73.0173199635369,0.268511359538406,80.83,4,36818.9843862443,2,0.0671493086101149,10597
Minor_Damage_And_Injuries,77.3059360730594,4,3,76.6180492251596,0.455673278038226,76.63,4,36581.5851337857,1,0.0670328004795129,269
Significant_Damage_And_Serious_Injuries,36.7579908675799,14,10,72.3792160437557,0.527076090876307,79.22,1,24420.713003042,2,0.894409699247168,4357
Highly_Fatal_And_Damaging,36.7579908675799,18,8,51.0027347310848,0.584054093040028,80.19,5,48338.7786128591,4,0.0330801193794526,4190
Significant_Damage_And_Serious_Injuries,30.7305936073059,16,4,64.1294439380128,0.414923187883159,82.33,1,28193.962254837,1,1.04600375319121,7481
Highly_Fatal_And_Damaging,20.1369863013699,15,13,71.9690063810392,0.273560043274432,81.99,4,30056.215219895,2,0.0546421866657251,5398
Significant_Damage_And_Fatalities,55.0228310502283,16,1,94.8495897903373,0.180159394157952,86.08,4,50466.7756262937,3,0.0940846162448335,4433
Significant_Damage_And_Fatalities,31.1872146118721,12,3,56.8368277119417,0.322243779300397,81.8,2,26044.9115519259,3,0.352422365698257,2853
Highly_Fatal_And_Damaging,19.1780821917808,16,4,64.3573381950775,0.305294626758024,82.51,4,31549.4473445581,3,0.0564238689532988,9666
Highly_Fatal_And_Damaging,53.1050228310502,9,4,69.4165907019143,0.481637937252074,77.62,2,20514.7937829077,3,0.277637542715051,2708
Highly_Fatal_And_Damaging,25.3424657534247,14,6,57.5205104831358,0.282214929679048,80.8,1,33797.1289307845,2,1.24631439155671,7042
Minor_Damage_And_Injuries,42.1004566210046,12,8,56.1531449407475,0.439445366029571,80.72,3,27243.1511537835,2,0.136592250612013,3893
Minor_Damage_And_Injuries,51.0045662100457,10,1,40.1093892433911,0.505078254597908,79.35,3,22921.0773301534,1,0.114860898932605,6967
Significant_Damage_And_Fatalities,33.1506849315068,12,1,49.6353691886965,0.368403173458348,81.76,4,48416.0267229689,2,0.0878167347391541,2138
Significant_Damage_And_Serious_Injuries,47.1689497716895,11,2,73.9744758432088,0.232809953119365,81.58,3,30090.2776648611,1,0.149447389548586,101
Highly_Fatal_And_Damaging,46.1643835616438,8,1,72.2880583409298,0.324046880634692,79.06,4,39615.1050970733,2,0.0732355607136367,3730
Significant_Damage_And_Fatalities,27.6712328767123,13,2,48.7237921604376,0.514093761269383,77.16,4,27296.4950902876,3,0.0499587226487135,2867
Significant_Damage_And_Serious_Injuries,61.1872146118721,7,10,80.4466727438469,0.413120086548864,83.99,3,34804.4674968751,2,0.173410918167831,10326
Significant_Damage_And_Serious_Injuries,43.013698630137,12,4,68.049225159526,0.294115398485395,78.74,1,30423.7249691533,2,1.1096272722118,11474
Minor_Damage_And_Injuries,50.2283105022831,10,4,37.8304466727438,0.542582762351244,80.25,5,27780.3160869946,3,0.018521059027815,2198
Significant_Damage_And_Fatalities,44.703196347032,8,11,53.8742023701003,0.381024882798413,76.07,4,58297.4802661454,2,0.102535145756963,11110
Significant_Damage_And_Fatalities,69.8173515981735,11,5,84.5943482224248,0.162489001081861,77.86,4,24326.5989895252,3,0.0443025905213973,4059
Minor_Damage_And_Injuries,46.1187214611872,15,0,67.8669097538742,0.258053371799495,80.97,2,43568.4879176962,2,0.589641647146364,9674
Significant_Damage_And_Serious_Injuries,32.9223744292237,15,0,60.1640838650866,0.43259358095925,87.44,7,36749.152662344,2,0.00308072264679319,1635
Significant_Damage_And_Fatalities,58.7671232876712,14,5,64.4029170464904,0.488850342589253,79.01,6,28945.341699397,4,0.00738851063839969,3908
Significant_Damage_And_Fatalities,42.0547945205479,19,17,80.4010938924339,0.246513523260007,75.88,7,31177.1180134519,3,0.0028145064509431,4965
Minor_Damage_And_Injuries,20.1826484018265,19,10,54.0109389243391,0.317555715831229,78.95,1,41265.0893329256,1,1.51344863404037,9631
Significant_Damage_And_Fatalities,34.8858447488584,11,5,52.9626253418414,0.325849981968986,81.8,5,37435.1456158357,2,0.0241015917950138,9073
Significant_Damage_And_Serious_Injuries,20.1369863013699,19,0,58.6599817684595,0.46865560764515,76.58,3,36624.2796276571,2,0.18306517420971,10501
Highly_Fatal_And_Damaging,31.5525114155251,12,13,69.2342752962625,0.322604399567255,82.53,4,30479.9802452678,2,0.055390533687851,6474
Highly_Fatal_And_Damaging,35.296803652968,11,4,75.1595259799453,0.236776776054814,77.91,6,26232.9881442637,3,0.00644871247685485,9850
Minor_Damage_And_Injuries,38.4931506849315,17,15,76.253418413856,0.520945546339704,80.09,2,33730.6363753111,1,0.454659027571974,11500
Highly_Fatal_And_Damaging,44.2009132420091,15,3,53.9197812215132,0.695485755499459,76.86,2,27654.2850151467,4,0.374206789143652,2214
Highly_Fatal_And_Damaging,26.7123287671233,13,1,72.0145852324522,0.453509556437072,76.94,2,28473.7861502813,0,0.38470284702586,6174
Significant_Damage_And_Serious_Injuries,20.1826484018265,19,17,60.0273473108478,0.441969707897583,77.27,3,29968.1253284843,2,0.149122605634599,8016
Significant_Damage_And_Serious_Injuries,58.4474885844749,7,2,80.7657247037375,0.305294626758024,78.47,6,48812.5044221945,2,0.0126772159034145,7561
Highly_Fatal_And_Damaging,45.4794520547945,15,0,41.79580674567,0.584414713306888,78.94,3,32211.9572721497,1,0.160237023074609,10550
Significant_Damage_And_Serious_Injuries,42.1917808219178,12,0,76.9371011850502,0.381746123332131,78.09,3,32825.2372071523,1,0.163604816192789,9164
Highly_Fatal_And_Damaging,52.1917808219178,13,3,53.7374658158614,0.493899026325279,83.39,2,33905.3514045601,3,0.458227397462646,3537
Significant_Damage_And_Fatalities,91.1872146118722,3,4,81.3582497721058,0.237137396321673,78.31,7,19199.2502273137,4,0.00203640341836576,4659
Highly_Fatal_And_Damaging,23.6529680365297,14,15,74.9772105742936,0.300606563288856,78.54,4,37119.5433800372,0,0.0685852010451031,421
Significant_Damage_And_Fatalities,24.6575342465753,14,16,37.5113947128533,0.695485755499459,80.02,1,37764.967026453,4,1.39011858032607,1673
Minor_Damage_And_Injuries,28.9497716894977,20,7,60.8021877848678,0.421414352686621,82.98,4,34811.6846134921,1,0.0637237663805801,3619
Significant_Damage_And_Serious_Injuries,34.5205479452055,14,6,74.7493163172288,0.322604399567255,77.53,6,20974.9596464329,1,0.00576194429255706,9182
Minor_Damage_And_Injuries,55.2511415525114,12,8,65.7247037374658,0.530682293544897,77.16,2,28436.741416448,2,0.384836754898473,9418
Significant_Damage_And_Fatalities,56.7123287671233,15,7,59.6627164995442,0.318637576631806,79.37,7,34328.0192022345,2,0.00324279496714561,7480
Significant_Damage_And_Serious_Injuries,27.8538812785388,17,6,67.3199635369189,0.377418680129823,79.22,4,49913.2164631099,1,0.0914887092870471,3439
Highly_Fatal_And_Damaging,31.5981735159817,12,5,67.7301731996354,0.340996033177064,82.85,4,52480.1219846828,3,0.0925765253859673,10861
Significant_Damage_And_Fatalities,70.0913242009132,11,1,61.7137648131267,0.496423368193292,81.71,4,41187.0679632975,3,0.0751863237275054,1172
Significant_Damage_And_Fatalities,58.7214611872146,14,2,75.3418413855971,0.183044356292824,82.27,7,40028.3261414048,1,0.00354718979138238,8177
Highly_Fatal_And_Damaging,15.4337899543379,17,9,60.1640838650866,0.298082221420844,78.05,4,26687.1039287626,1,0.0492519989432694,10120
Significant_Damage_And_Serious_Injuries,37.5799086757991,14,9,70.8295350957156,0.229924990984493,80.36,3,21934.7410724853,2,0.10720324016291,796
Minor_Damage_And_Injuries,39.8173515981735,17,0,64.2661804922516,0.414923187883159,76.05,1,8335.48049352774,1,0.3894869352415,9821
Significant_Damage_And_Serious_Injuries,15.7534246575342,20,23,82.1330902461258,0.434396682293545,84.33,1,34289.9002369057,2,1.26145493369774,8
Highly_Fatal_And_Damaging,56.6666666666667,11,6,54.3299908842297,0.484883519653804,78.08,3,22096.2313577293,2,0.110391364869765,2170
Significant_Damage_And_Serious_Injuries,22.2831050228311,18,8,67.9124886052872,0.330538045438154,76.79,3,19201.5021304644,3,0.0945616410103572,7750
Highly_Fatal_And_Damaging,50.1369863013699,14,6,55.8340929808569,0.434396682293545,85.61,2,32017.1188487045,2,0.431054505868359,5435
Significant_Damage_And_Serious_Injuries,33.9269406392694,15,0,76.7547857793984,0.322604399567255,78.15,3,32624.4911271595,1,0.162108139005818,9700
Significant_Damage_And_Serious_Injuries,64.4748858447489,6,14,63.3090246125798,0.286542372881356,84.03,7,21714.810478226,2,0.00203449803469911,4519
Minor_Damage_And_Injuries,49.7260273972603,10,4,53.7374658158614,0.432232960692391,79.39,3,31846.9183744288,3,0.159382899189929,8098
Highly_Fatal_And_Damaging,46.2557077625571,8,1,67.5022789425707,0.245071042192571,76.89,3,20061.5449045476,4,0.0976587800714265,5546
Minor_Damage_And_Injuries,52.7397260273972,13,2,63.7192342752963,0.225958168049044,83.83,5,37318.5134929379,2,0.0240574874578318,523
Highly_Fatal_And_Damaging,35.296803652968,11,4,76.6636280765725,0.236776776054814,77.94,5,26232.9881442637,3,0.0163890504418398,6099
Minor_Damage_And_Injuries,55.8904109589041,12,1,88.6052871467639,0.151670393076091,81.83,2,17287.2556177208,1,0.231292269047612,8649
Significant_Damage_And_Fatalities,64.6575342465753,13,7,57.7484047402006,0.393285971871619,81.43,7,25006.9347613322,4,0.00249194310440311,1686
Minor_Damage_And_Injuries,15.2054794520548,21,3,84.8678213309025,0.434396682293545,80.76,2,25688.5204959083,2,0.344926674199494,8452
Highly_Fatal_And_Damaging,58.2648401826484,11,1,52.4156791248861,0.377058059862964,81.14,3,31639.1855021958,2,0.155315702244462,5875
Minor_Damage_And_Injuries,32.8310502283105,15,1,48.6326344576117,0.409513883880274,80.23,1,23825.2466613463,3,0.870409654339999,9336
Minor_Damage_And_Injuries,53.5616438356164,12,15,70.1002734731085,0.464328164442842,77.59,2,31638.629323934,2,0.42863320847532,1886
Significant_Damage_And_Fatalities,51.5981735159817,16,6,74.2023701002735,0.33883231157591,82.09,7,28715.6839316491,2,0.00282277903157932,5608
Minor_Damage_And_Injuries,32.648401826484,15,7,55.4238833181404,0.647523260007212,78.13,1,31715.6151270393,3,1.16677479820232,4109
Highly_Fatal_And_Damaging,53.9269406392694,12,17,51.686417502279,0.466131265777136,84.52,5,24518.0124669493,2,0.0167388458320566,4045
Highly_Fatal_And_Damaging,44.337899543379,15,0,49.3163172288059,0.46865560764515,80.33,3,41138.0780833803,4,0.203350840886945,11715
Highly_Fatal_And_Damaging,82.8310502283105,3,2,71.3764813126709,0.302409664623152,79.84,7,33311.1730562469,2,0.00301174000967889,6905
Minor_Damage_And_Injuries,54.7945205479452,12,1,80.4010938924339,0.262380815001803,80.55,3,33385.1482642618,3,0.165002363929807,5639
Significant_Damage_And_Serious_Injuries,57.1232876712329,8,9,78.5779398359162,0.276084385142445,81.73,4,33256.4562028782,3,0.0614525873393909,4474
Significant_Damage_And_Fatalities,68.675799086758,11,31,57.9762989972653,0.784558961413632,75.83,7,51246.6408542622,1,0.00493421862080108,12247
Significant_Damage_And_Serious_Injuries,68.8584474885845,11,7,55.2871467639016,0.68791272989542,78.58,6,47156.9384261401,1,0.0114943524785138,4170
Significant_Damage_And_Serious_Injuries,48.0821917808219,11,2,64.9042844120328,0.250840966462315,78.72,3,29887.2364975067,1,0.149717568801361,11253
Minor_Damage_And_Injuries,52.5114155251141,9,1,57.0647219690064,0.300606563288856,81.93,5,35207.3986716271,1,0.0229899149310431,5920
Significant_Damage_And_Serious_Injuries,38.7214611872146,13,4,72.7438468550593,0.317195095564371,81.86,3,12051.0610215411,2,0.0627235617216595,5576
Highly_Fatal_And_Damaging,24.7488584474886,14,14,75.4785779398359,0.296639740353408,78.16,1,25556.9388061089,1,0.948341399376559,3044
Significant_Damage_And_Serious_Injuries,42.8767123287671,12,3,74.5214220601641,0.363354489722322,81.27,4,30105.4742768141,1,0.0543696861900085,11108
Minor_Damage_And_Injuries,68.7671232876712,8,11,58.7967183226983,0.467213126577713,77.26,2,35679.2157133397,3,0.481652773305888,4612
Significant_Damage_And_Fatalities,22.4200913242009,15,2,39.7903372835005,0.621919221060224,82.72,4,21762.6987765703,2,0.0397882618618052,11671
Minor_Damage_And_Injuries,40.1826484018265,16,7,59.8906107566089,0.287263613415074,79.45,2,43459.9317547451,1,0.585156049551852,74
Significant_Damage_And_Fatalities,31.7808219178082,23,9,63.0811303555151,0.46108258204111,80.26,6,27487.6888024332,3,0.00671581825621283,4182
Significant_Damage_And_Serious_Injuries,44.337899543379,12,10,65.1321786690975,0.339553552109629,81.31,6,32060.3364189763,3,0.00767279670465018,3948
Significant_Damage_And_Serious_Injuries,39.1780821917808,13,6,72.0145852324522,0.363715109989181,83.63,6,22792.1740124056,1,0.00538399196490689,12029
Highly_Fatal_And_Damaging,31.2328767123288,12,2,62.8532360984503,0.312507032095204,76.49,1,33495.7760928761,2,1.22817096868824,9538
Highly_Fatal_And_Damaging,37.5342465753425,10,1,79.3983591613491,0.360830147854309,82.73,1,22938.1779252997,1,0.845845626344203,6477
Significant_Damage_And_Serious_Injuries,45.296803652968,11,4,63.4457611668186,0.248316624594302,82.73,4,19643.5987363401,2,0.0363976969306029,8937
Significant_Damage_And_Serious_Injuries,44.0639269406393,12,2,57.2014585232452,0.498587089794446,83.92,3,28454.4613989612,3,0.142325653105797,9193
Highly_Fatal_And_Damaging,22.9680365296804,15,0,67.4567000911577,0.306737107825459,82.26,1,45120.2236979424,2,1.66043195531517,4465
Minor_Damage_And_Injuries,52.3744292237443,9,14,50.9115770282589,0.499668950595023,77.62,4,18083.0495385202,3,0.0320057521178953,2505
Minor_Damage_And_Injuries,39.4520547945205,17,13,68.5050136736554,0.247595384060584,76.92,6,20061.5449045476,2,0.00446244504152694,5034
Highly_Fatal_And_Damaging,16.1187214611872,17,13,61.5314494074749,0.476589253516048,83.1,4,19618.548566256,1,0.0353962611529476,9923
Minor_Damage_And_Injuries,36.9406392694064,17,7,74.8860528714676,0.324046880634692,76.62,1,26207.1291155829,1,0.957559403516106,6243
Highly_Fatal_And_Damaging,12.4657534246575,18,0,59.0701914311759,0.392204111071042,78.46,4,43915.3628054386,3,0.0803192879709049,2202
Significant_Damage_And_Fatalities,44.4748858447489,8,3,53.8742023701003,0.432232960692391,77.25,2,29202.5677288209,3,0.394504816380126,5242
Significant_Damage_And_Fatalities,71.7808219178082,10,7,96.0346399270739,0.21297583844212,75.97,7,25756.188238204,2,0.00241962001340958,7686
Highly_Fatal_And_Damaging,47.8538812785388,14,2,56.9735642661805,0.487768481788677,77.04,5,32577.9908478634,1,0.0217946673291327,5818
Highly_Fatal_And_Damaging,29.3607305936073,13,13,67.7301731996354,0.237137396321673,80.61,4,40821.1958847229,1,0.0755308247324447,7801
Highly_Fatal_And_Damaging,38.9041095890411,17,6,54.3755697356427,0.309622069960331,74.85,2,24451.819618031,2,0.330528596660346,12376
Significant_Damage_And_Fatalities,25.296803652968,14,8,47.2652689152234,0.429347998557519,78.69,2,27933.3453552046,3,0.378611274088549,7225
Minor_Damage_And_Injuries,43.607305936073,12,3,53.2360984503191,0.584775333573747,81.45,6,27053.4458792123,3,0.00701608590015726,1519
Significant_Damage_And_Fatalities,44.4292237442922,8,0,52.8714676390155,0.426823656689506,75.98,2,47324.952775233,0,0.643975973223763,1802
Significant_Damage_And_Serious_Injuries,40.7762557077626,13,2,75.4785779398359,0.333062387306166,78.93,3,40645.7172863603,2,0.199929006263749,10622
Significant_Damage_And_Serious_Injuries,47.8995433789954,11,3,74.8860528714676,0.241104219257122,78.73,3,36748.2703672973,2,0.182900974770969,1235
Significant_Damage_And_Fatalities,58.7671232876712,14,1,85.7793983591614,0.237858636855391,77.01,7,37253.905366837,4,0.00362883820388502,10627
Highly_Fatal_And_Damaging,28.2191780821918,13,10,86.9644484958979,0.289427335016228,80.65,4,36065.2085271643,2,0.0659090451540448,7196
Minor_Damage_And_Injuries,56.2100456621004,8,0,39.8359161349134,0.539697800216372,76.92,3,44244.6291824378,3,0.220238164001149,1533
Significant_Damage_And_Serious_Injuries,32.8767123287671,15,1,72.0145852324522,0.340274792643346,89.43,6,43276.564582851,1,0.0109988106068976,8561
Highly_Fatal_And_Damaging,32.4200913242009,12,10,62.9443938012762,0.445215290299315,79.77,4,44657.3812033314,0,0.0824277038157889,443
Highly_Fatal_And_Damaging,22.6027397260274,15,0,57.5660893345488,0.345684096646231,81.78,4,41785.0165959992,3,0.0765923031796364,7337
Minor_Damage_And_Injuries,33.7899543378995,18,1,71.1485870556062,0.424299314821493,83.58,2,20120.8189568361,1,0.271798253042538,8530