Severity,Safety_Score,Days_Since_Inspection,Total_Safety_Complaints,Control_Metric,Turbulence_In_gforces,Cabin_Temperature,Accident_Type_Code,Max_Elevation,Violations,Adverse_Weather_Metric,Accident_ID
Minor_Damage_And_Injuries,29.8173515981735,16,5,47.1741112123974,0.549795167688424,85.31,3,30889.1456903206,2,0.153870216557604,6851
Significant_Damage_And_Serious_Injuries,40.3196347031963,13,9,64.8131267092069,0.438002884962135,77.9,4,37657.6872093112,2,0.0689092451052821,8213
Minor_Damage_And_Injuries,46.8493150684931,11,1,45.7611668185962,0.388597908402452,79.72,6,20488.3768086533,2,0.00576194429255706,8613
Highly_Fatal_And_Damaging,36.986301369863,11,0,65.0410209662717,0.274641904075009,81.13,2,39069.3760403725,1,0.528221263058296,7673
Significant_Damage_And_Serious_Injuries,32.2374429223744,15,6,74.7493163172288,0.201435989902632,77.36,1,36929.4217155852,3,1.36636436145827,691
Minor_Damage_And_Injuries,24.8401826484018,17,33,42.616226071103,0.473704291381176,82.46,2,19136.0861004631,3,0.252547764645463,6454
Significant_Damage_And_Serious_Injuries,43.5159817351598,12,3,77.5296262534184,0.31394951316264,82.49,3,26346.5048146761,3,0.131036027894853,7127
Minor_Damage_And_Injuries,53.1506849315068,12,7,48.313582497721,0.510848178867652,79.33,5,23295.3130587911,3,0.0156495657213551,9128
Highly_Fatal_And_Damaging,30.7762557077626,19,2,48.6782133090247,0.693322033898305,77.35,2,27654.2850151467,2,0.372872915328827,730
Significant_Damage_And_Serious_Injuries,46.6666666666667,11,7,53.6007292616226,0.695485755499459,79.03,3,37608.9061537303,2,0.187629659106472,7184
Highly_Fatal_And_Damaging,36.3926940639269,11,13,61.4402917046491,0.423217454020916,76.73,2,45331.8312811159,2,0.619185763380743,10581
Significant_Damage_And_Serious_Injuries,49.2237442922374,10,1,68.5050136736554,0.359748287053732,77.02,3,31688.288371221,1,0.157836605440154,8036
Significant_Damage_And_Serious_Injuries,60.5936073059361,14,3,38.9699179580674,0.710992426974395,74.82,7,43447.1518302216,3,0.00388890879144481,10122
Significant_Damage_And_Fatalities,26.4840182648402,14,2,53.9653600729262,0.488129102055535,76.72,1,11268.2935055275,2,0.387799082295146,10928
Highly_Fatal_And_Damaging,22.648401826484,15,0,57.5660893345488,0.404465200144248,76.78,1,36698.1710217348,2,1.35005026474898,6363
Significant_Damage_And_Serious_Injuries,50.958904109589,10,0,69.8268003646308,0.381746123332131,77.39,2,36247.5362907565,4,0.493776601022126,8156
Highly_Fatal_And_Damaging,27.1689497716895,13,13,76.4357338195078,0.532124774612333,79.12,4,48746.7218828066,2,0.0890163912404086,4945
Highly_Fatal_And_Damaging,26.7123287671233,13,5,86.7821330902461,0.269953840605842,76.94,4,14957.1522640326,3,0.0279296157916735,339
Significant_Damage_And_Serious_Injuries,37.2146118721461,14,2,58.2497721057429,0.391122250270465,76.79,4,38660.0959485539,2,0.0702953918638819,11117
Highly_Fatal_And_Damaging,52.7397260273972,6,20,82.0875113947128,0.228482509917057,77.52,4,37253.905366837,0,0.068210006095578,2533
Highly_Fatal_And_Damaging,16.3470319634703,16,2,71.1941659070192,0.582250991705733,82.71,7,31647.884323696,1,0.00277805661424645,6915
Highly_Fatal_And_Damaging,14.337899543379,17,1,60.2096627164996,0.366239451857194,76.06,4,47964.9433890402,1,0.0885598042612784,67
Highly_Fatal_And_Damaging,26.9406392694064,13,5,61.4402917046491,0.346405337179949,77,4,32019.919489192,2,0.0592921596021897,9634
Highly_Fatal_And_Damaging,54.8401826484018,12,1,40.2917046490429,0.59090587811035,78.03,3,38732.7086974327,2,0.193613017863946,2588
Minor_Damage_And_Injuries,32.8310502283105,15,5,51.640838650866,0.288345474215651,78.83,3,18799.4895727458,0,0.0950588591438292,9114
Highly_Fatal_And_Damaging,29.7260273972603,13,4,63.4457611668186,0.32116191849982,77.91,4,38835.975037127,1,0.0702953918638819,151
Minor_Damage_And_Injuries,47.4885844748858,14,1,69.1886964448496,0.262020194734944,78.54,5,48088.2017203851,1,0.0324373855024073,515
Highly_Fatal_And_Damaging,53.1963470319635,12,0,46.2625341841386,0.510848178867652,79.99,5,45075.2781182304,3,0.0299604645458222,8439
Significant_Damage_And_Fatalities,25.296803652968,14,0,49.2707383773929,0.850913090515687,79.03,4,15656.6371844094,3,0.0284279690986392,7637
Significant_Damage_And_Fatalities,41.5068493150685,19,17,59.7538742023701,0.375976199062387,77.01,7,14342.6906548112,2,0.00142941827528228,1874
Highly_Fatal_And_Damaging,13.7899543378995,17,4,70.7383773928897,0.243989181391994,75.07,4,49396.8764131783,1,0.0908497525568715,9361
Significant_Damage_And_Serious_Injuries,48.6301369863014,10,4,79.6718322698268,0.29555787955283,79.51,6,33701.3739418717,1,0.00865901069267861,1340
Minor_Damage_And_Injuries,51.324200913242,13,0,58.8422971741112,0.414201947349441,82.82,2,40741.8822675604,1,0.55117256042946,6609
Minor_Damage_And_Injuries,42.9680365296804,15,25,59.4804010938925,0.294836639019113,78.97,2,20692.5240026338,2,0.281712764529658,12215
Minor_Damage_And_Injuries,56.62100456621,12,6,73.3363719234275,0.342799134511359,78.97,2,24800.8223293705,2,0.335627808937991,375
Highly_Fatal_And_Damaging,16.8036529680365,16,14,67.7301731996354,0.231367472051929,77.74,4,38472.6989638762,3,0.0700961253409168,9381
Significant_Damage_And_Serious_Injuries,47.1232876712329,11,7,66.9097538742024,0.322965019834114,77.51,3,24094.6791285332,0,0.120797848119952,3011
Minor_Damage_And_Injuries,47.9908675799087,14,8,72.8805834092981,0.242186080057699,76.9,2,47141.2263132954,2,0.637297326574672,12075
Highly_Fatal_And_Damaging,19.1780821917808,16,5,74.61257976299,0.204320952037505,77.1,1,30184.6648912744,3,1.11043176521493,11378
Highly_Fatal_And_Damaging,29.3607305936073,13,13,78.5779398359162,0.243989181391994,84.15,1,46445.7090961569,0,1.67078269958978,2824
Highly_Fatal_And_Damaging,29.7716894977169,12,3,66.9097538742024,0.304212765957447,79.68,1,40524.8951127185,2,1.49336645053839,3793
Significant_Damage_And_Fatalities,40.7762557077626,9,7,51.9143117593437,0.517339343671114,79.53,1,46503.7091327248,1,1.68272487532654,1307
Highly_Fatal_And_Damaging,25.4794520547945,14,12,64.767547857794,0.457115759105661,80.35,6,32439.2562768273,3,0.00821422374383652,72
Significant_Damage_And_Serious_Injuries,37.2146118721461,14,8,71.6955332725615,0.363715109989181,79.2,6,31993.458888341,0,0.00787225123456485,10415
Significant_Damage_And_Serious_Injuries,45.296803652968,11,2,66.9097538742024,0.419971871619185,79.61,3,27486.6947438252,3,0.136461853886764,7037
Significant_Damage_And_Fatalities,45.8904109589041,8,10,54.5578851412944,0.538615939415795,78.86,1,27346.3366621651,2,1.00860793316672,8026
Minor_Damage_And_Injuries,38.4474885844749,13,1,53.281677301732,0.250119725928597,80.06,3,26187.9483800894,3,0.131603582407155,5931
Highly_Fatal_And_Damaging,40.6392694063927,16,8,53.2360984503191,0.385352326000721,78.95,7,37802.0143598126,2,0.00340300794355129,5197
Highly_Fatal_And_Damaging,23.1050228310502,14,16,74.9316317228806,0.457115759105661,85.02,1,32896.9593523965,1,1.21021150227993,891
Significant_Damage_And_Serious_Injuries,40.9132420091324,13,0,59.7082953509572,0.521306166606563,78.46,2,54788.2470429217,2,0.77780180254329,1947
Highly_Fatal_And_Damaging,17.7168949771689,16,3,57.7484047402006,0.355420843851424,81.84,3,45781.3927554685,3,0.226944244078988,5769
Significant_Damage_And_Serious_Injuries,31.3698630136986,15,4,64.1750227894257,0.414923187883159,79.39,4,26433.2861366269,2,0.047659140392875,9535
Significant_Damage_And_Fatalities,78.675799086758,8,1,75.8432087511395,0.238940497655968,79.42,7,25964.2580811227,4,0.00212511012983095,8878
Highly_Fatal_And_Damaging,15.296803652968,17,10,67.5022789425707,0.283296790479625,77.13,1,20293.2693818548,0,0.750477041789785,5529
Minor_Damage_And_Injuries,60.1369863013699,10,1,60.7110300820419,0.41816877028489,78.49,5,31500.1793315168,2,0.0220287593717194,5604
Minor_Damage_And_Injuries,55.7077625570776,12,23,58.0674567000912,0.438002884962135,85.24,2,37215.0757155478,3,0.505377819866193,7525
Highly_Fatal_And_Damaging,56.5296803652968,11,0,55.9708295350957,0.370206274792643,79.31,6,12320.2835343692,2,0.0029594191554096,6485
Highly_Fatal_And_Damaging,23.6986301369863,14,15,74.9772105742936,0.300606563288856,82.49,3,31592.253491779,2,0.155336911574872,10076
Significant_Damage_And_Serious_Injuries,18.3561643835616,20,5,59.6171376481313,0.273560043274432,75.05,3,21193.4253281044,2,0.105891316867506,7265
Significant_Damage_And_Serious_Injuries,45.4794520547945,11,2,59.4804010938925,0.451345834835918,80.66,6,27486.6947438252,1,0.00646868583749478,10347
Significant_Damage_And_Fatalities,39.5433789954338,9,0,42.8441203281678,0.633459069599711,80.82,3,24407.9850030993,2,0.121638567542421,4888
Minor_Damage_And_Injuries,57.5342465753425,11,9,73.9744758432088,0.335226108907321,81.76,2,30068.5787324876,3,0.404487468588732,10447
Significant_Damage_And_Fatalities,65.7534246575342,12,2,58.8422971741112,0.467213126577713,81.96,7,41899.6328628165,3,0.00411119172288155,7539
Significant_Damage_And_Serious_Injuries,48.4474885844749,10,0,79.6718322698268,0.262380815001803,80.9,3,18687.8752280225,3,0.0917993426892184,2398
Minor_Damage_And_Injuries,70,8,2,64.4484958979034,0.414923187883159,78.22,1,33179.9160046628,4,1.22062089579108,969
Highly_Fatal_And_Damaging,36.0730593607306,11,1,86.918869644485,0.203599711503786,80.65,2,22458.282532452,2,0.305093661170335,8589
Significant_Damage_And_Serious_Injuries,43.6529680365297,12,10,77.8030993618961,0.311064551027768,78.53,7,43717.2844019346,2,0.00383213965217503,3209
Minor_Damage_And_Injuries,44.4292237442922,12,3,53.9653600729262,0.432232960692391,78.68,3,34338.0617266168,0,0.171510133935463,11710
Significant_Damage_And_Serious_Injuries,39.1780821917808,13,3,77.028258887876,0.368403173458348,79.53,3,35393.9896903187,4,0.175319533122878,11214
Significant_Damage_And_Fatalities,22.1004566210046,15,10,48.5870556061987,0.850913090515687,85.1,4,22888.0824961257,2,0.0419814175319841,7282
Highly_Fatal_And_Damaging,39.041095890411,10,2,72.6982680036463,0.219106382978723,83.63,1,47358.6935139444,2,1.74715565083698,6844
Highly_Fatal_And_Damaging,43.6986301369863,8,3,74.7493163172288,0.28509989181392,81.13,2,23412.7822849923,1,0.317264638371491,5975
Significant_Damage_And_Fatalities,14.703196347032,17,0,49.9544211485871,0.470458708979445,78.13,4,40580.037740715,3,0.0745197124194174,809
Significant_Damage_And_Fatalities,48.8584474885845,17,5,68.003646308113,0.158882798413271,79.81,2,26992.7869170996,1,0.364061424020803,679
Minor_Damage_And_Injuries,59.3607305936073,11,3,71.285323609845,0.265626397403534,80.37,7,38405.2090260466,3,0.00371708742935262,373
Minor_Damage_And_Injuries,43.4703196347032,15,2,67.7757520510483,0.193862964298593,79.31,2,29763.1841640457,2,0.401309819318027,3707
Minor_Damage_And_Injuries,50.7305936073059,13,0,69.5989061075661,0.33883231157591,81.99,1,29221.5095687008,3,1.08659236590527,11224
Minor_Damage_And_Injuries,31.7351598173516,19,17,71.2397447584321,0.388958528669311,77.3,4,48831.6275615329,4,0.0879618931719142,7944
Significant_Damage_And_Serious_Injuries,77.8082191780822,9,6,40.8386508659982,0.406628921745402,75.98,7,46713.1308762299,1,0.00391760256780998,11834
Highly_Fatal_And_Damaging,47.8995433789954,7,6,75.1139471285324,0.314310133429499,78.61,4,44315.605350123,3,0.0813389577595862,6390
Highly_Fatal_And_Damaging,49.5890410958904,7,7,61.3035551504102,0.476228633249188,88.78,5,40130.086673228,3,0.0266561233781544,11953
Significant_Damage_And_Serious_Injuries,39.4520547945205,13,2,89.2433910665451,0.245071042192571,79.17,4,23807.8541787822,2,0.0435688687075891,8130
Minor_Damage_And_Injuries,41.324200913242,16,2,60.7110300820419,0.349290299314821,80.09,3,31151.7511553384,2,0.153635639691209,11508
Highly_Fatal_And_Damaging,58.6301369863014,7,2,92.3883318140383,0.181962495492247,82.01,2,39378.2838891518,3,0.533684621923382,10458
Minor_Damage_And_Injuries,29.5433789954338,16,12,47.7210574293528,0.374533717994951,81.45,2,33717.6108535464,1,0.454659027571974,1670
Significant_Damage_And_Serious_Injuries,62.7397260273973,6,5,80.4010938924339,0.523469888207717,80.07,3,38546.0920138779,2,0.193090443884492,11534
Highly_Fatal_And_Damaging,30.7762557077626,12,1,62.9443938012762,0.444854670032455,79.16,1,24605.471319083,1,0.88583863584684,8525
Minor_Damage_And_Injuries,42.283105022831,16,15,59.4804010938925,0.408071402812838,83.64,2,26158.0508321166,1,0.355905701736818,624
Significant_Damage_And_Serious_Injuries,59.634703196347,14,6,52.4156791248861,0.334144248106743,77.27,7,35719.9920681528,0,0.00297716595272454,4016
Highly_Fatal_And_Damaging,10.8675799086758,18,3,79.5806745670009,0.199993508835196,83.56,5,25752.5205427094,2,0.0163680516978405,9847
Significant_Damage_And_Fatalities,76.027397260274,9,6,65.1321786690975,0.331980526505589,86.47,7,31631.3776117869,2,0.00291873197749456,8755
Highly_Fatal_And_Damaging,37.5799086757991,10,12,69.9179580674567,0.306737107825459,79.28,4,42415.683109527,3,0.077011310665794,49
Significant_Damage_And_Serious_Injuries,53.1050228310502,12,10,54.2844120328168,0.605691309051569,82.23,3,27604.7186624325,3,0.137231411214061,6354
Minor_Damage_And_Injuries,52.5570776255708,13,3,58.0218778486782,0.219467003245582,80.06,5,41703.4532879954,1,0.0283280931345818,4577
Significant_Damage_And_Serious_Injuries,29.4977168949772,16,2,64.8131267092069,0.438002884962135,81.76,4,24242.431985579,2,0.0443025905213973,10144
Significant_Damage_And_Fatalities,20.5479452054795,15,2,41.5679124886053,0.621919221060224,82.72,4,37852.9381954139,3,0.0697843616372638,7373
Significant_Damage_And_Serious_Injuries,36.5753424657534,14,3,62.6253418413856,0.317555715831229,76.4,2,43870.357040907,2,0.592637233865426,9475
Minor_Damage_And_Injuries,55.9360730593607,12,1,80.8568824065634,0.269953840605842,80.55,1,41502.6668199476,0,1.525435927989,9086
Significant_Damage_And_Fatalities,50.2283105022831,17,8,86.2351868732908,0.271035701406419,79.31,7,40060.4017724961,4,0.00354687186076007,5066
Highly_Fatal_And_Damaging,39.8173515981735,10,4,58.5232452142206,0.29591849981969,80.63,4,33655.7481525239,2,0.0609647807572276,213
Highly_Fatal_And_Damaging,39.7260273972603,10,0,72.151321786691,0.276084385142445,80.21,4,19615.290329981,3,0.0361958432532648,7772
Minor_Damage_And_Injuries,66.2557077625571,9,7,64.9042844120328,0.329095564370718,78.52,4,40833.4652166856,0,0.0753117470472317,12454
Highly_Fatal_And_Damaging,35.7534246575342,11,6,62.1239744758432,0.427905517490083,86.43,4,30163.1094343542,1,0.0553078262715637,6393
Highly_Fatal_And_Damaging,47.6255707762557,14,1,48.9061075660894,0.541140281283808,79.89,5,45332.3027606441,4,0.0289622518314474,9319
Minor_Damage_And_Injuries,38.7214611872146,17,2,76.5724703737466,0.281854309412189,78.48,6,28852.4655752009,2,0.00713918772315649,7446
Significant_Damage_And_Serious_Injuries,14.6118721461187,21,3,63.7648131267092,0.509405697800216,79.71,3,40209.1863413367,2,0.202363110539689,10173
Highly_Fatal_And_Damaging,21.7351598173516,15,0,58.3865086599818,0.323325640100974,78.4,7,32342.1093451256,2,0.0032011061219487,472
Minor_Damage_And_Injuries,33.0593607305936,15,2,52.461257976299,0.638507753335737,78.37,1,33386.7032484676,3,1.23498218675338,1335
Significant_Damage_And_Serious_Injuries,42.3287671232877,12,1,61.6226071103008,0.26346267580238,82.41,6,35337.5926658344,2,0.00863651527298157,1458
Minor_Damage_And_Injuries,68.7671232876712,8,2,70.464904284412,0.330538045438154,79.76,2,35354.6491535324,2,0.478306032390798,3024
Minor_Damage_And_Injuries,40.2283105022831,16,0,69.2342752962625,0.333423007573026,77.17,1,17590.8270501035,3,0.660172964090242,5607
Significant_Damage_And_Fatalities,70.0913242009132,11,11,79.7174111212398,0.230285611251352,86.47,7,29881.473065472,4,0.00288591349627339,3260
Highly_Fatal_And_Damaging,42.283105022831,9,13,74.2935278030994,0.33883231157591,80.37,1,21782.8175480912,2,0.794460931868181,12167
Significant_Damage_And_Serious_Injuries,50.958904109589,10,7,69.0975387420237,0.380303642264695,86.4,6,28320.7285987516,2,0.00656903894305681,1449
Significant_Damage_And_Serious_Injuries,18.3561643835616,20,8,69.7356426618049,0.230646231518211,76.74,3,47182.8146074081,0,0.23473522219048,9259
Highly_Fatal_And_Damaging,19.1324200913242,16,4,70.510483135825,0.284378651280202,79.27,4,36866.602231857,3,0.0670328004795129,7794
Minor_Damage_And_Injuries,41.7351598173516,16,22,66.8641750227894,0.420332491886044,83.64,2,45992.7707754917,2,0.623420577171322,8033
Highly_Fatal_And_Damaging,34.3835616438356,11,4,77.7119416590702,0.241104219257122,78.53,6,25556.9388061089,2,0.00609996954808046,7456
Significant_Damage_And_Fatalities,48.8584474885845,17,6,69.9179580674567,0.2923122971511,79.31,2,44762.5045506306,3,0.603490069579617,8919
Significant_Damage_And_Serious_Injuries,48.9041095890411,10,1,73.4275296262534,0.419971871619185,76.19,3,58393.7562511413,3,0.27447787565096,8321
Significant_Damage_And_Serious_Injuries,41.1415525114155,12,3,74.0200546946217,0.237498016588532,79.87,5,26266.3679590952,2,0.0172239467347377,9429
Highly_Fatal_And_Damaging,56.5296803652968,12,10,50.3646308113035,0.476949873782906,80.9,6,35275.1736500642,1,0.00846337091273997,1486
Significant_Damage_And_Fatalities,41.3698630136986,9,10,39.7903372835005,0.578644789037144,82.34,4,22327.5246569269,3,0.0408770658166928,6061
Minor_Damage_And_Injuries,41.324200913242,16,8,65.587967183227,0.34604471691309,78.24,2,54788.2470429217,1,0.77780180254329,9566
Highly_Fatal_And_Damaging,23.7899543378995,14,13,57.9762989972653,0.375976199062387,78.16,4,45004.0013982202,1,0.0813389577595862,7098
Minor_Damage_And_Injuries,45.4794520547945,11,1,56.9279854147676,0.414923187883159,79.29,3,20985.5640745089,2,0.104245942370754,9436
Significant_Damage_And_Serious_Injuries,55.7990867579909,8,11,77.1194165907019,0.32116191849982,85.92,4,53200.8631540441,1,0.0979063303069243,6966
Significant_Damage_And_Serious_Injuries,54.5205479452055,9,1,58.0218778486782,0.482359177785791,77.2,6,45864.1780423704,3,0.0117567892943136,1759
Highly_Fatal_And_Damaging,44.5205479452055,8,1,62.1695533272562,0.219467003245582,79.56,1,19643.5987363401,1,0.728658038491673,9996
Significant_Damage_And_Fatalities,25.6164383561644,14,2,38.9243391066545,0.710992426974395,78.55,1,37945.7802513522,1,1.39296641100975,4428
Significant_Damage_And_Serious_Injuries,27.8538812785388,17,8,75.1139471285324,0.265626397403534,77.26,6,45645.0096876542,2,0.0113283291184958,7932
Highly_Fatal_And_Damaging,18.310502283105,16,1,80.6745670009116,0.2201882437793,75.68,1,26623.2048805474,3,0.978454626515347,2609
Highly_Fatal_And_Damaging,18.310502283105,16,9,59.0701914311759,0.392564731337901,78.29,5,23487.7294956704,3,0.014990810229226,1408
Minor_Damage_And_Injuries,76.6666666666667,6,12,69.0519598906108,0.408071402812838,75.41,2,46273.2400084029,4,0.623420577171322,8897
Minor_Damage_And_Injuries,58.4018264840183,11,2,66.8641750227894,0.263823296069239,81.99,2,38719.6875106846,1,0.521370136841834,8898
Significant_Damage_And_Serious_Injuries,53.7442922374429,16,2,55.5606198723792,0.599560764514966,77.25,3,29541.1841118771,4,0.146736433115703,9138
Significant_Damage_And_Serious_Injuries,41.1415525114155,12,5,90.154968094804,0.255168409664623,80.92,6,39017.5759192136,3,0.00985056613714295,11968
Minor_Damage_And_Injuries,57.7168949771689,11,9,83.9106654512306,0.242907320591417,82.26,5,34177.244084915,2,0.0228367689591343,11371
Significant_Damage_And_Fatalities,78.675799086758,8,13,75.8432087511395,0.276805625676163,76.87,7,45294.8304706165,2,0.0042445268454015,6401
Minor_Damage_And_Injuries,45.8904109589041,15,0,68.2771194165907,0.324046880634692,81.48,1,20295.7021182553,1,0.738027144366183,1341
Significant_Damage_And_Serious_Injuries,44.703196347032,12,4,73.9288969917958,0.373451857194374,81.11,2,23386.4149341693,4,0.316784859744895,1862
Significant_Damage_And_Serious_Injuries,33.3333333333333,15,0,84.9134001823154,0.280051208077894,77.3,5,42113.4954189783,0,0.0288232028739526,5135
Minor_Damage_And_Injuries,43.972602739726,15,12,76.7092069279854,0.281854309412189,82.53,1,20432.2797281007,3,0.741000085873413,7153
Significant_Damage_And_Serious_Injuries,29.4977168949772,16,10,76.7547857793984,0.301688424089434,80.79,3,41468.3975005761,3,0.205377510323715,12019
Minor_Damage_And_Injuries,25.2511415525114,17,8,20.9662716499544,0.774822214208438,86.59,5,44475.6870097684,0,0.0303240089034753,2819
Minor_Damage_And_Injuries,62.1461187214612,10,6,45.2597994530538,0.520945546339704,77.41,2,26365.8261288618,2,0.357171894963768,8142
Minor_Damage_And_Injuries,24.6118721461187,22,4,82.0419325432999,0.319358817165525,80.14,7,13945.5728661169,1,0.00141891090081298,4025
Significant_Damage_And_Fatalities,56.0730593607306,15,16,76.253418413856,0.378139920663541,78.51,7,34472.083799485,3,0.00332737623643381,938
Significant_Damage_And_Fatalities,14.703196347032,17,1,52.8258887876026,0.638507753335737,78.13,7,29260.9656475168,1,0.00258556122063918,6371
Highly_Fatal_And_Damaging,28.675799086758,13,1,68.003646308113,0.366960692390912,81.07,4,33151.9098024748,3,0.0613438548147005,1831
Highly_Fatal_And_Damaging,19.2237442922374,16,0,74.2479489516864,0.335586729174179,78.46,7,39062.7633978191,0,0.00368204558907904,4370
Minor_Damage_And_Injuries,30.8219178082192,19,3,62.6253418413856,0.427184276956365,82.2,4,40669.4425991241,2,0.0745197124194174,7467
Significant_Damage_And_Fatalities,39.4063926940639,10,2,42.8441203281678,0.454591417237649,76.12,1,42902.3849751326,2,1.56177524617291,1275
Highly_Fatal_And_Damaging,31.0958904109589,12,25,60.9845031905196,0.584054093040028,78.2,4,21212.0283049257,2,0.0382474902668748,11183
Significant_Damage_And_Serious_Injuries,52.9223744292237,9,0,80.4466727438469,0.231728092318788,77.08,3,34332.4701760448,1,0.170794962939637,7836
Minor_Damage_And_Injuries,48.7671232876712,14,13,64.3573381950775,0.25264406779661,88.11,4,23749.0360451638,1,0.0438556546147655,8215
Highly_Fatal_And_Damaging,44.5205479452055,15,2,49.3163172288059,0.471540569780022,77.39,2,30701.4903580148,3,0.413957736616592,1370
Minor_Damage_And_Injuries,43.9269406392694,15,3,88.4685505925251,0.272117562206996,77.49,2,40311.896520282,0,0.546519028089821,1651
Highly_Fatal_And_Damaging,19.2237442922374,16,1,73.0173199635369,0.293394157951677,82.66,4,27478.4645587431,1,0.0497908075164823,8349
Significant_Damage_And_Serious_Injuries,61.1872146118721,7,14,76.3445761166819,0.374533717994951,80.03,2,29887.8059671659,3,0.405852963176552,12308
Significant_Damage_And_Fatalities,25.296803652968,14,5,41.5223336371923,0.735153984853949,79.92,1,46768.8221857607,1,1.73422879922716,3623
Minor_Damage_And_Injuries,54.4292237442922,12,8,69.690063810392,0.280411828344753,81.26,2,6695.81475147089,1,0.0595076217413258,9885
Significant_Damage_And_Fatalities,12.283105022831,18,3,55.6061987237922,0.319358817165525,77.56,2,38703.1691908605,2,0.521828934350233,2920
Minor_Damage_And_Injuries,47.8538812785388,14,7,72.8805834092981,0.363715109989181,78.51,2,39506.6914240772,1,0.532043679599835,2639
Significant_Damage_And_Serious_Injuries,54.4748858447489,9,3,75.7064721969006,0.384991705733862,76.89,3,39092.0580179608,3,0.195684890825247,10295
Significant_Damage_And_Serious_Injuries,57.1689497716895,8,5,77.4384685505925,0.309982690227191,80.78,6,27827.8514266594,0,0.00665611796596474,7482
Highly_Fatal_And_Damaging,32.4200913242009,12,5,62.9443938012762,0.350732780382257,80.37,4,22817.2949504869,1,0.0422835255042087,11730
Minor_Damage_And_Injuries,29.8173515981735,16,3,49.6809480401094,0.696567616300036,81.39,2,27654.2850151467,3,0.374260049523089,6540
Highly_Fatal_And_Damaging,33.8356164383562,11,6,69.0975387420237,0.241464839523981,79.21,4,35553.1857893287,2,0.0650123225532149,2252
Minor_Damage_And_Injuries,49.2694063926941,14,6,64.3573381950775,0.409874504147133,77.78,5,12660.9802816625,1,0.00868877979364907,2180
Significant_Damage_And_Fatalities,27.6255707762557,13,7,48.9061075660894,0.438002884962135,87,2,30701.4903580148,2,0.41399497585173,5335
Minor_Damage_And_Injuries,42.4200913242009,12,8,54.7402005469462,0.362633249188604,86.57,1,26432.6448785159,2,0.972402662659163,4986
Minor_Damage_And_Injuries,50.5936073059361,13,22,71.0574293527803,0.205042192571222,77.41,4,23734.7513059841,3,0.0435847572179465,3769
Significant_Damage_And_Serious_Injuries,33.2420091324201,15,0,67.0009115770283,0.387516047601875,79.14,3,34176.1227163592,3,0.171256350016871,4486
Minor_Damage_And_Injuries,40.9132420091324,16,5,61.7137648131267,0.512290659935088,78.5,5,29541.2652852581,2,0.0202077464979155,7050
Highly_Fatal_And_Damaging,23.6073059360731,14,7,78.0765724703738,0.36768193292463,78.54,4,55360.3569171219,2,0.11442122995123,7875
Highly_Fatal_And_Damaging,13.6986301369863,18,1,72.8350045578852,0.217303281644428,82.45,7,42627.7631749649,4,0.00419055705033447,11977
Minor_Damage_And_Injuries,34.1552511415525,18,3,62.2607110300821,0.427184276956365,82.31,4,29267.1648734599,3,0.0531772420885427,8835
Significant_Damage_And_Fatalities,42.9680365296804,9,0,34.8678213309025,0.61939487919221,80.12,4,32628.399491092,2,0.0604039658593619,8914
Minor_Damage_And_Injuries,28.8584474885845,16,3,47.9945305378305,0.4145625676163,78.13,1,24605.471319083,1,0.890281948019857,4875
Significant_Damage_And_Serious_Injuries,49.8173515981735,10,4,68.7784867821331,0.343159754778218,81.1,3,26335.2237996347,0,0.130516892553366,4694
Significant_Damage_And_Serious_Injuries,60.2283105022831,4,7,67.6845943482224,0.294476018752254,80.44,3,30706.3547663233,1,0.153105656109876,7975
Minor_Damage_And_Injuries,20.8675799086758,19,0,37.8304466727438,0.571432383699964,79.03,3,19797.3217899341,2,0.0989186225161352,3380
Minor_Damage_And_Injuries,66.2557077625571,12,0,76.4813126709207,0.224876307248467,83.21,5,38728.4865016046,2,0.0259554503953166,193
Highly_Fatal_And_Damaging,52.4657534246575,9,0,73.8377392889699,0.369845654525784,81.02,4,37351.5074719711,2,0.0679868152263464,12323
Highly_Fatal_And_Damaging,32.1461187214612,12,2,74.7037374658159,0.245071042192571,75.89,1,31531.7961960508,1,1.15647808158358,9869
Significant_Damage_And_Serious_Injuries,31.0958904109589,16,6,69.7812215132179,0.317195095564371,79.14,4,39202.4925208187,1,0.0714058753183895,5842
Highly_Fatal_And_Damaging,41.5525114155251,9,1,57.9762989972653,0.503996393797331,79.33,4,29224.0229831433,2,0.0538478066834855,11039
Significant_Damage_And_Serious_Injuries,56.1187214611872,8,1,63.4457611668186,0.482359177785791,78.64,5,38537.3634081449,2,0.0261495333196884,11493
Highly_Fatal_And_Damaging,40.365296803653,10,7,62.1695533272562,0.42177497295348,79.77,4,40846.9168997547,2,0.0748983296849029,305
Significant_Damage_And_Serious_Injuries,27.8538812785388,17,1,69.5989061075661,0.318276956364948,80.37,3,33771.9962999398,3,0.168173042884736,612
Minor_Damage_And_Injuries,56.2100456621004,8,0,39.8359161349134,0.598118283447529,76.92,5,39820.4192512397,2,0.026380928931565,4963
Highly_Fatal_And_Damaging,50,13,3,45.4876937101185,0.382467363865849,77.46,5,26005.3229868944,2,0.0170358910014253,9387